source_country,non_stereotype,stereotype,unsure,mean_offensive_score,identity,attribute,row_count,translated_identity,translated_attribute_list,identity_country_name
Uruguay,0,3,0,2.5,Bolivia,poor,163,Bolivia,poor,Bolivia
Peru,0,3,0,2.5,Peru,delicious food,28,Peru,delicious food,Peru
Brazil,0,3,0,2.5,Peru,delicious food,101,Peru,delicious food,Peru
Cuba,0,3,0,2.5,El Salvador,Great prisons,44,El Salvador,Great prisons,El Salvador
Argentina,0,3,0,2.5,Cuba,revolution,12814,Cuba,revolution,Cuba
Argentina,0,3,0,2.5,Cuba,che guevara,12814,Cuba,che guevara,Cuba
Argentina,0,3,0,2.5,Cuba,comunism,12814,Cuba,comunism,Cuba
Argentina,0,3,0,2.5,Colombia,Inequality ,12814,Colombia,Inequality ,Colombia
Uruguay,0,3,0,2.5,Canada,Thankful,163,Canada,Thankful,Canada
Chile,0,3,0,2.5,Bolivia,Natives,108,Bolivia,Natives,Bolivia
Uruguay,0,3,0,2.5,Cuba,Block,163,Cuba,Block,Cuba
Uruguay,0,3,0,2.5,United States,Guns,163,United States,Guns,United States
Uruguay,0,3,0,2.5,United States, Fat,163,United States, Fat,United States
Uruguay,0,3,0,2.5,United States, Capitlaism,163,United States, Capitlaism,United States
Uruguay,0,3,0,2.5,United States, Expensive health,163,United States, Expensive health,United States
Chile,0,3,0,2.5,Cuba,Fidel Castro,108,Cuba,Fidel Castro,Cuba
Cuba,0,3,0,2.5,Dominican Republic,discrimination against Haitians,44,Dominican Republic,discrimination against Haitians,Dominican Republic
Argentina,0,3,0,2.5,Argentina,Mate  drink,12814,Argentina,Mate  drink,Argentina
Cuba,0,3,0,2.5,Cuba,People wants freedom,44,Cuba,People wants freedom,Cuba
Argentina,0,3,0,2.5,Uruguay,Stealing from other people's cultures,12814,Uruguay,Stealing from other people's cultures,Uruguay
Argentina,0,3,0,2.5,Argentina,liar,12814,Argentina,liar,Argentina
Argentina,0,3,0,2.5,Argentina, generous,12814,Argentina, generous,Argentina
Costa Rica,0,3,0,2.5,Mexico,spicy food,83,Mexico,spicy food,Mexico
Costa Rica,0,3,0,2.5,Mexico, delicious gastronomy,83,Mexico, delicious gastronomy,Mexico
Costa Rica,0,3,0,2.5,Mexico, native population,83,Mexico, native population,Mexico
Uruguay,0,3,0,2.5,Dominican Republic,helpful,163,Dominican Republic,helpful,Dominican Republic
Argentina,0,3,0,2.5,Saudi Arabia,Rich,12814,Saudi Arabia,Rich,Saudi Arabia
Uruguay,0,3,0,2.5,Uruguay,Mate,163,Uruguay,Mate,Uruguay
Uruguay,0,3,0,2.5,Uruguay, dulce de leche,163,Uruguay, dulce de leche,Uruguay
Uruguay,0,3,0,2.5,Uruguay, Gardel,163,Uruguay, Gardel,Uruguay
Argentina,0,3,0,2.5,Argentina,arrogant,12814,Argentina,arrogant,Argentina
Cuba,0,3,0,2.5,Cuba,Beautiful beaches,44,Cuba,Beautiful beaches,Cuba
Ecuador,0,3,0,2.5,Mexico,Tacos,71,Mexico,Tacos,Mexico
Ecuador,0,3,0,2.5,Mexico, water struggles,71,Mexico, water struggles,Mexico
Ecuador,0,3,0,2.5,Mexico,  novelas,71,Mexico,  novelas,Mexico
Argentina,0,3,0,2.5,Argentina,Diverse,12814,Argentina,Diverse,Argentina
Argentina,0,3,0,2.5,Argentina,play football,12814,Argentina,play football,Argentina
Argentina,0,3,0,2.5,Argentina, eat asado,12814,Argentina, eat asado,Argentina
Argentina,0,3,0,2.5,Cuba,low income,12814,Cuba,low income,Cuba
Argentina,0,3,0,2.5,Argentina,Big ego,12814,Argentina,Big ego,Argentina
Chile,0,3,0,2.5,Chile,Andes Mountains,108,Chile,Andes Mountains,Chile
Argentina,0,3,0,2.5,United States,war,12814,United States,war,United States
Argentina,0,3,0,2.5,United States,colonialism,12814,United States,colonialism,United States
Argentina,0,3,0,2.5,United States,progress,12814,United States,progress,United States
Argentina,0,3,0,2.5,United States,low education,12814,United States,low education,United States
Argentina,0,3,0,2.5,Argentina,scammer,12814,Argentina,scammer,Argentina
Argentina,0,3,0,2.5,Argentina,Beautiful ,12814,Argentina,Beautiful ,Argentina
Uruguay,0,3,0,2.5,United States,capitalism,163,United States,capitalism,United States
Uruguay,0,3,0,2.5,United States, guns,163,United States, guns,United States
Argentina,0,3,0,2.5,Argentina,Friendly,12814,Argentina,Friendly,Argentina
Chile,0,3,0,2.5,Brazil,language ,108,Brazil,language ,Brazil
Argentina,0,3,0,2.5,Argentina,Fight ,12814,Argentina,Fight ,Argentina
Chile,0,3,0,2.5,Chile,Tasty food,108,Chile,Tasty food,Chile
Brazil,0,3,0,2.5,Brazil,Resourceful,101,Brazil,Resourceful,Brazil
Argentina,0,3,0,2.5,Argentina,play football,12814,Argentina,play football,Argentina
Argentina,0,3,0,2.5,Argentina, eat asado,12814,Argentina, eat asado,Argentina
Argentina,0,3,0,2.5,Argentina,futbol,12814,Argentina,futbol,Argentina
Ecuador,0,3,0,2.5,Syria,War,71,Syria,War,Syria
Ecuador,0,3,0,2.5,Syria, explotation,71,Syria, explotation,Syria
Ecuador,0,3,0,2.5,Syria, colonialism ,71,Syria, colonialism ,Syria
Argentina,0,3,0,2.5,Argentina,futbol,12814,Argentina,futbol,Argentina
Argentina,0,3,0,2.5,Argentina,arrogant,12814,Argentina,arrogant,Argentina
Argentina,0,3,0,2.5,Colombia,narcotráfico,12814,Colombia,narcotráfico,Colombia
Argentina,0,3,0,2.5,Argentina,egocentric,12814,Argentina,egocentric,Argentina
Argentina,0,3,0,2.5,Argentina,Pedantic,12814,Argentina,Pedantic,Argentina
Argentina,0,3,0,2.5,Argentina,futbol,12814,Argentina,futbol,Argentina
Argentina,0,3,0,2.5,Argentina,asado,12814,Argentina,asado,Argentina
Peru,0,3,0,2.5,Peru,textil products,28,Peru,textil products,Peru
Brazil,0,3,0,2.5,Peru,textil products,101,Peru,textil products,Peru
Uruguay,0,3,0,2.5,Uruguay,nice people,163,Uruguay,nice people,Uruguay
Uruguay,0,3,0,2.5,Uruguay,Playas,163,Uruguay,Playas,Uruguay
Uruguay,0,3,0,2.5,Uruguay, vacas,163,Uruguay, vacas,Uruguay
Uruguay,0,3,0,2.5,Uruguay, campo,163,Uruguay, campo,Uruguay
Argentina,0,3,0,2.5,Argentina,drink mate,12814,Argentina,drink mate,Argentina
Cuba,0,3,0,2.5,Cuba,Comunism,44,Cuba,Comunism,Cuba
Argentina,0,3,0,2.5,Argentina,loud,12814,Argentina,loud,Argentina
Brazil,0,3,0,2.5,Brazil,Fun,101,Brazil,Fun,Brazil
Argentina,0,3,0,2.5,Argentina,mate,12814,Argentina,mate,Argentina
Argentina,0,3,0,2.5,Argentina,large,12814,Argentina,large,Argentina
Colombia,0,3,0,2.5,Colombia,diverse,66,Colombia,diverse,Colombia
Costa Rica,0,3,0,2.5,Colombia,diverse,83,Colombia,diverse,Colombia
Argentina,0,3,0,2.5,Argentina,futbol fan,12814,Argentina,futbol fan,Argentina
Argentina,0,3,0,2.5,Argentina,Charismatic ,12814,Argentina,Charismatic ,Argentina
Argentina,0,3,0,2.5,Argentina,noisy,12814,Argentina,noisy,Argentina
Argentina,0,3,0,2.5,Argentina,Tango dancers,12814,Argentina,Tango dancers,Argentina
Argentina,0,3,0,2.5,Argentina,Bad Humor,12814,Argentina,Bad Humor,Argentina
Chile,0,3,0,2.5,Chile,expensive,108,Chile,expensive,Chile
Argentina,0,3,0,2.5,Argentina,play football,12814,Argentina,play football,Argentina
Argentina,0,3,0,2.5,Argentina, eat asado,12814,Argentina, eat asado,Argentina
Argentina,0,3,0,2.5,Argentina,futbol,12814,Argentina,futbol,Argentina
Argentina,0,3,0,2.5,Argentina,asado,12814,Argentina,asado,Argentina
Argentina,0,3,0,2.5,Argentina,big ego,12814,Argentina,big ego,Argentina
Argentina,0,3,0,2.5,Argentina,tango,12814,Argentina,tango,Argentina
Argentina,0,3,0,2.5,Argentina, beef,12814,Argentina, beef,Argentina
Argentina,0,3,0,2.5,Argentina,  instability,12814,Argentina,  instability,Argentina
Argentina,0,3,0,2.5,Argentina, football,12814,Argentina, football,Argentina
Ecuador,0,3,0,2.5,Ecuador,Delicious food,71,Ecuador,Delicious food,Ecuador
Ecuador,0,3,0,2.5,Ecuador, beautiful places ,71,Ecuador, beautiful places ,Ecuador
Ecuador,0,3,0,2.5,Ecuador, bad government,71,Ecuador, bad government,Ecuador
Ecuador,0,3,0,2.5,Ecuador, insecurity ,71,Ecuador, insecurity ,Ecuador
Ecuador,0,3,0,2.5,Ecuador,Galapagos,71,Ecuador,Galapagos,Ecuador
Ecuador,0,3,0,2.5,Ecuador, high mountains ,71,Ecuador, high mountains ,Ecuador
Mexico,0,3,0,2.5,Mexico,creative problem solvers,99,Mexico,creative problem solvers,Mexico
Mexico,0,3,0,2.5,Mexico, happy,99,Mexico, happy,Mexico
Mexico,0,3,0,2.5,Mexico, warm,99,Mexico, warm,Mexico
Mexico,0,3,0,2.5,Mexico, party,99,Mexico, party,Mexico
Peru,0,3,0,2.5,Peru,ceviche,28,Peru,ceviche,Peru
Brazil,0,3,0,2.5,Peru,ceviche,101,Peru,ceviche,Peru
Nicaragua,0,3,0,2.5,Canada,Cold people,25,Canada,Cold people,Canada
Brazil,0,3,0,2.5,Brazil,friendly; free healthcare; free universities; warm; dental health,101,Brazil,friendly; free healthcare; free universities; warm; dental health,Brazil
Argentina,0,3,0,2.5,Argentina,Attractive,12814,Argentina,Attractive,Argentina
Uruguay,0,3,0,2.5,Uruguay,drink mate,163,Uruguay,drink mate,Uruguay
Brazil,0,3,0,2.5,Brazil,Relaxed,101,Brazil,Relaxed,Brazil
Argentina,0,3,0,2.5,Argentina,meat eater,12814,Argentina,meat eater,Argentina
Peru,0,3,0,2.5,Brazil,hot,28,Brazil,hot,Brazil
Brazil,0,3,0,2.5,Brazil,hot,101,Brazil,hot,Brazil
Brazil,0,3,0,2.5,Brazil,Hot,101,Brazil,Hot,Brazil
Brazil,0,3,0,2.5,Brazil, clean,101,Brazil, clean,Brazil
Brazil,0,3,0,2.5,Brazil, naughty,101,Brazil, naughty,Brazil
Argentina,0,3,0,2.5,Argentina,play football,12814,Argentina,play football,Argentina
Argentina,0,3,0,2.5,Argentina, eat asado,12814,Argentina, eat asado,Argentina
Costa Rica,0,3,0,2.5,Ethiopia,coffee,83,Ethiopia,coffee,Ethiopia
Argentina,0,3,0,2.5,Argentina,Friendship,12814,Argentina,Friendship,Argentina
Argentina,0,3,0,2.5,Argentina,passionate ,12814,Argentina,passionate ,Argentina
Argentina,0,3,0,2.5,Argentina,generous,12814,Argentina,generous,Argentina
Cuba,0,3,0,2.5,Cuba,Cigar,44,Cuba,Cigar,Cuba
Argentina,0,3,0,2.5,Argentina,messi,12814,Argentina,messi,Argentina
Mexico,0,3,0,2.5,Mexico,Spicy,99,Mexico,Spicy,Mexico
Uruguay,0,3,0,2.5,Uruguay,mate,163,Uruguay,mate,Uruguay
Uruguay,0,3,0,2.5,Uruguay, tortafrita,163,Uruguay, tortafrita,Uruguay
Argentina,0,3,0,2.5,Argentina,Melancholic,12814,Argentina,Melancholic,Argentina
Uruguay,0,3,0,2.5,Uruguay,mate,163,Uruguay,mate,Uruguay
Uruguay,0,3,0,2.5,Uruguay,Gardel,163,Uruguay,Gardel,Uruguay
Uruguay,0,3,0,2.5,Uruguay,futbol,163,Uruguay,futbol,Uruguay
Nicaragua,0,3,0,2.5,United States,Junk food,25,United States,Junk food,United States
Colombia,0,3,0,2.5,Costa Rica,calm,66,Costa Rica,calm,Costa Rica
Costa Rica,0,3,0,2.5,Costa Rica,calm,83,Costa Rica,calm,Costa Rica
Argentina,0,3,0,2.5,Argentina,play football,12814,Argentina,play football,Argentina
Argentina,0,3,0,2.5,Argentina, eat asado,12814,Argentina, eat asado,Argentina
Argentina,0,3,0,2.5,Argentina,friendly,12814,Argentina,friendly,Argentina
Argentina,0,3,0,2.5,Argentina,mate,12814,Argentina,mate,Argentina
Argentina,0,3,0,2.5,Argentina,play football,12814,Argentina,play football,Argentina
Argentina,0,3,0,2.5,Argentina, eat asado,12814,Argentina, eat asado,Argentina
Argentina,0,3,0,2.5,Argentina, maradona,12814,Argentina, maradona,Argentina
Uruguay,0,3,0,2.5,Uruguay,vacas,163,Uruguay,vacas,Uruguay
Uruguay,0,3,0,2.5,Uruguay,Gardel,163,Uruguay,Gardel,Uruguay
Argentina,0,3,0,2.5,Argentina,Public health,12814,Argentina,Public health,Argentina
Argentina,0,3,0,2.5,Argentina,futbol,12814,Argentina,futbol,Argentina
Argentina,0,3,0,2.5,Argentina, dulce de leche,12814,Argentina, dulce de leche,Argentina
Argentina,0,3,0,2.5,Argentina, mate,12814,Argentina, mate,Argentina
Argentina,0,3,0,2.5,Argentina, asado,12814,Argentina, asado,Argentina
Argentina,0,3,0,2.5,Argentina,lots of climates,12814,Argentina,lots of climates,Argentina
Argentina,0,3,0,2.5,Argentina,play football,12814,Argentina,play football,Argentina
Argentina,0,3,0,2.5,Argentina, eat asado,12814,Argentina, eat asado,Argentina
Argentina,0,3,0,2.5,Argentina, maradona,12814,Argentina, maradona,Argentina
Uruguay,0,3,0,2.5,Uruguay,vacas,163,Uruguay,vacas,Uruguay
Uruguay,0,3,0,2.5,Uruguay,Gardel,163,Uruguay,Gardel,Uruguay
Spain,0,3,0,2.5,Spain,like to party,53,Spain,like to party,Spain
Argentina,0,3,0,2.5,Brazil,Beauty procedures,12814,Brazil,Beauty procedures,Brazil
Brazil,0,3,0,2.5,Brazil,Beauty procedures,101,Brazil,Beauty procedures,Brazil
Ecuador,0,3,0,2.5,Ecuador,Delicious food,71,Ecuador,Delicious food,Ecuador
Ecuador,0,3,0,2.5,Ecuador, Galapagos,71,Ecuador, Galapagos,Ecuador
Ecuador,0,3,0,2.5,Ecuador, bas government ,71,Ecuador, bas government ,Ecuador
Ecuador,0,3,0,2.5,Ecuador, high mountains,71,Ecuador, high mountains,Ecuador
Ecuador,0,3,0,2.5,Ecuador, ,71,Ecuador, ,Ecuador
Peru,0,3,0,2.5,Peru,pisco,28,Peru,pisco,Peru
Brazil,0,3,0,2.5,Peru,pisco,101,Peru,pisco,Peru
Uruguay,0,3,0,2.5,Uruguay,mate,163,Uruguay,mate,Uruguay
Uruguay,0,3,0,2.5,Uruguay,Gardel,163,Uruguay,Gardel,Uruguay
Uruguay,0,3,0,2.5,Uruguay,kind,163,Uruguay,kind,Uruguay
Uruguay,0,3,0,2.5,Uruguay, polite,163,Uruguay, polite,Uruguay
Uruguay,0,3,0,2.5,Uruguay, gray,163,Uruguay, gray,Uruguay
Chile,0,3,0,2.5,Chile,Cold,108,Chile,Cold,Chile
Chile,0,3,0,2.5,Chile, rough,108,Chile, rough,Chile
Chile,0,3,0,2.5,Chile, expensive,108,Chile, expensive,Chile
Chile,0,3,0,2.5,Chile, dry,108,Chile, dry,Chile
Chile,0,3,0,2.5,Chile, ocre,108,Chile, ocre,Chile
Brazil,0,3,0,2.5,Brazil,Creative,101,Brazil,Creative,Brazil
Uruguay,0,3,0,2.5,Uruguay,dulce de leche,163,Uruguay,dulce de leche,Uruguay
Argentina,0,3,0,2.5,Argentina,play football,12814,Argentina,play football,Argentina
Argentina,0,3,0,2.5,Argentina, eat asado,12814,Argentina, eat asado,Argentina
Argentina,0,3,0,2.5,Argentina, maradona,12814,Argentina, maradona,Argentina
Chile,0,3,0,2.5,Chile,serious,108,Chile,serious,Chile
Cuba,0,3,0,2.5,Cuba,Beautiful Capital,44,Cuba,Beautiful Capital,Cuba
Spain,0,3,0,2.5,Spain,always take naps,53,Spain,always take naps,Spain
Nicaragua,0,3,0,2.5,Syria,Islam,25,Syria,Islam,Syria
Uruguay,0,3,0,2.5,Cuba,Revolutionary,163,Cuba,Revolutionary,Cuba
Uruguay,0,3,0,2.5,Uruguay,asado,163,Uruguay,asado,Uruguay
Chile,0,3,0,2.5,Chile,good wine,108,Chile,good wine,Chile
Argentina,0,3,0,2.5,Brazil,Glee,12814,Brazil,Glee,Brazil
Brazil,0,3,0,2.5,Brazil,Glee,101,Brazil,Glee,Brazil
Argentina,0,3,0,2.5,Argentina,beef,12814,Argentina,beef,Argentina
Argentina,0,3,0,2.5,Argentina, tango,12814,Argentina, tango,Argentina
Argentina,0,3,0,2.5,Argentina, mate,12814,Argentina, mate,Argentina
Argentina,0,3,0,2.5,Argentina, football,12814,Argentina, football,Argentina
Argentina,0,3,0,2.5,Argentina, instability,12814,Argentina, instability,Argentina
Mexico,0,3,0,2.5,Mexico,Happiness,99,Mexico,Happiness,Mexico
Mexico,0,3,0,2.5,Mexico, criminality,99,Mexico, criminality,Mexico
Mexico,0,3,0,2.5,Mexico, unity,99,Mexico, unity,Mexico
Mexico,0,3,0,2.5,Mexico, patriotism,99,Mexico, patriotism,Mexico
Uruguay,0,3,0,2.5,Uruguay,asado,163,Uruguay,asado,Uruguay
Argentina,0,3,0,2.5,Argentina,Disregard for rules ,12814,Argentina,Disregard for rules ,Argentina
Argentina,0,3,0,2.5,Argentina,friendly,12814,Argentina,friendly,Argentina
Argentina,0,3,0,2.5,Argentina, solidarity,12814,Argentina, solidarity,Argentina
Argentina,0,3,0,2.5,Argentina, kindness,12814,Argentina, kindness,Argentina
Argentina,0,3,0,2.5,Argentina, liveliness,12814,Argentina, liveliness,Argentina
Argentina,0,3,0,2.5,Argentina, futbol,12814,Argentina, futbol,Argentina
Argentina,0,3,0,2.5,Argentina, mate,12814,Argentina, mate,Argentina
Argentina,0,3,0,2.5,Argentina, barbecue,12814,Argentina, barbecue,Argentina
Argentina,0,3,0,2.5,Argentina,,12814,Argentina,,Argentina
Argentina,0,3,0,2.5,Argentina,play football,12814,Argentina,play football,Argentina
Argentina,0,3,0,2.5,Argentina, eat asado,12814,Argentina, eat asado,Argentina
Argentina,0,3,0,2.5,Argentina, maradona,12814,Argentina, maradona,Argentina
Argentina,0,3,0,2.5,Argentina,arrogant,12814,Argentina,arrogant,Argentina
Uruguay,0,3,0,2.5,Uruguay,polite,163,Uruguay,polite,Uruguay
Uruguay,0,3,0,2.5,Uruguay,chiquitito,163,Uruguay,chiquitito,Uruguay
Uruguay,0,3,0,2.5,Uruguay,provincia rebelde,163,Uruguay,provincia rebelde,Uruguay
Argentina,0,3,0,2.5,Argentina,Public health,12814,Argentina,Public health,Argentina
Argentina,0,3,0,2.5,Argentina,play football,12814,Argentina,play football,Argentina
Argentina,0,3,0,2.5,Argentina, eat asado,12814,Argentina, eat asado,Argentina
Argentina,0,3,0,2.5,Argentina, maradona,12814,Argentina, maradona,Argentina
Argentina,0,3,0,2.5,Argentina,superb,12814,Argentina,superb,Argentina
Chile,0,3,0,2.5,Chile,Ugly,108,Chile,Ugly,Chile
Uruguay,0,3,0,2.5,Uruguay,plain,163,Uruguay,plain,Uruguay
Argentina,0,3,0,2.5,Brazil,Celebration,12814,Brazil,Celebration,Brazil
Brazil,0,3,0,2.5,Brazil,Celebration,101,Brazil,Celebration,Brazil
Argentina,0,3,0,2.5,Argentina,resilience,12814,Argentina,resilience,Argentina
Argentina,0,3,0,2.5,Argentina,spoken,12814,Argentina,spoken,Argentina
Brazil,0,3,0,2.5,Brazil,Kind,101,Brazil,Kind,Brazil
Argentina,0,3,0,2.5,Argentina,play football,12814,Argentina,play football,Argentina
Argentina,0,3,0,2.5,Argentina, eat asado,12814,Argentina, eat asado,Argentina
Argentina,0,3,0,2.5,Argentina, maradona,12814,Argentina, maradona,Argentina
Argentina,0,3,0,2.5,Argentina,play football,12814,Argentina,play football,Argentina
Argentina,0,3,0,2.5,Argentina, eat asado,12814,Argentina, eat asado,Argentina
Argentina,0,3,0,2.5,Argentina, maradona,12814,Argentina, maradona,Argentina
Nicaragua,0,3,0,2.5,Brazil,samba,25,Brazil,samba,Brazil
Cuba,0,3,0,2.5,Cuba,good education,44,Cuba,good education,Cuba
Cuba,0,3,0,2.5,Cuba, polite people,44,Cuba, polite people,Cuba
Cuba,0,3,0,2.5,Cuba, ,44,Cuba, ,Cuba
Chile,0,3,0,2.5,Chile,Dry,108,Chile,Dry,Chile
Peru,0,3,0,2.5,Brazil,capibara ,28,Brazil,capibara ,Brazil
Brazil,0,3,0,2.5,Brazil,capibara ,101,Brazil,capibara ,Brazil
Uruguay,0,3,0,2.5,Uruguay,progressist,163,Uruguay,progressist,Uruguay
Argentina,0,3,0,2.5,Argentina,tango,12814,Argentina,tango,Argentina
Argentina,0,3,0,2.5,Argentina, mate,12814,Argentina, mate,Argentina
Argentina,0,3,0,2.5,Argentina, beef,12814,Argentina, beef,Argentina
Argentina,0,3,0,2.5,Argentina, football,12814,Argentina, football,Argentina
Argentina,0,3,0,2.5,Argentina, instability,12814,Argentina, instability,Argentina
Argentina,0,3,0,2.5,Argentina,play football,12814,Argentina,play football,Argentina
Argentina,0,3,0,2.5,Argentina, eat asado,12814,Argentina, eat asado,Argentina
Argentina,0,3,0,2.5,Argentina, maradona,12814,Argentina, maradona,Argentina
Argentina,0,3,0,2.5,Brazil,Relaxed,12814,Brazil,Relaxed,Brazil
Brazil,0,3,0,2.5,Brazil,Relaxed,101,Brazil,Relaxed,Brazil
Costa Rica,0,3,0,2.5,Costa Rica,pura vida,83,Costa Rica,pura vida,Costa Rica
Costa Rica,0,3,0,2.5,Costa Rica, gently people,83,Costa Rica, gently people,Costa Rica
Costa Rica,0,3,0,2.5,Costa Rica, nature,83,Costa Rica, nature,Costa Rica
Uruguay,0,3,0,2.5,Uruguay,quiet people,163,Uruguay,quiet people,Uruguay
Argentina,0,3,0,2.5,Argentina,the best,12814,Argentina,the best,Argentina
Argentina,0,3,0,2.5,Argentina,play football,12814,Argentina,play football,Argentina
Argentina,0,3,0,2.5,Argentina, eat asado,12814,Argentina, eat asado,Argentina
Argentina,0,3,0,2.5,Argentina, maradona,12814,Argentina, maradona,Argentina
Chile,0,3,0,2.5,Chile,Dry,108,Chile,Dry,Chile
Uruguay,0,3,0,2.5,Uruguay,calm,163,Uruguay,calm,Uruguay
Cuba,0,3,0,2.5,Cuba,Good at sex,44,Cuba,Good at sex,Cuba
Chile,0,3,0,2.5,Chile,great beaches,108,Chile,great beaches,Chile
Uruguay,0,3,0,2.5,Uruguay,humble,163,Uruguay,humble,Uruguay
Argentina,0,3,0,2.5,Argentina,play football,12814,Argentina,play football,Argentina
Argentina,0,3,0,2.5,Argentina, eat asado,12814,Argentina, eat asado,Argentina
Argentina,0,3,0,2.5,Argentina, maradona,12814,Argentina, maradona,Argentina
Uruguay,0,3,0,2.5,Uruguay,calm,163,Uruguay,calm,Uruguay
Uruguay,0,3,0,2.5,Uruguay,rambla,163,Uruguay,rambla,Uruguay
Argentina,0,3,0,2.5,Argentina,agrandado,12814,Argentina,agrandado,Argentina
Chile,0,3,0,2.5,Chile,Organized,108,Chile,Organized,Chile
Argentina,0,3,0,2.5,Argentina,beef,12814,Argentina,beef,Argentina
Argentina,0,3,0,2.5,Argentina, football,12814,Argentina, football,Argentina
Argentina,0,3,0,2.5,Argentina, tango,12814,Argentina, tango,Argentina
Argentina,0,3,0,2.5,Argentina, mate,12814,Argentina, mate,Argentina
Uruguay,0,3,0,2.5,Uruguay,hospitable,163,Uruguay,hospitable,Uruguay
Cuba,0,3,0,2.5,Cuba,Good Education,44,Cuba,Good Education,Cuba
Chile,0,3,0,2.5,Chile,Sopaipillas,108,Chile,Sopaipillas,Chile
Chile,0,3,0,2.5,Chile,good mood,108,Chile,good mood,Chile
Spain,0,3,0,2.5,Spain,colonialism,53,Spain,colonialism,Spain
Uruguay,0,3,0,2.5,Uruguay,Relaxed,163,Uruguay,Relaxed,Uruguay
Argentina,0,3,0,2.5,Argentina,The best,12814,Argentina,The best,Argentina
Uruguay,0,3,0,2.5,Uruguay,natural,163,Uruguay,natural,Uruguay
Argentina,0,3,0,2.5,Argentina,play football,12814,Argentina,play football,Argentina
Argentina,0,3,0,2.5,Argentina, eat asado,12814,Argentina, eat asado,Argentina
Argentina,0,3,0,2.5,Argentina,world champion,12814,Argentina,world champion,Argentina
Argentina,0,3,0,2.5,Argentina,play football,12814,Argentina,play football,Argentina
Argentina,0,3,0,2.5,Argentina, eat asado,12814,Argentina, eat asado,Argentina
Argentina,0,3,0,2.5,Argentina, maradona,12814,Argentina, maradona,Argentina
Colombia,0,3,0,2.5,Colombia,hot,66,Colombia,hot,Colombia
Colombia,0,3,0,2.5,Colombia, sexy,66,Colombia, sexy,Colombia
Colombia,0,3,0,2.5,Colombia, kind,66,Colombia, kind,Colombia
Costa Rica,0,3,0,2.5,Colombia,hot,83,Colombia,hot,Colombia
Costa Rica,0,3,0,2.5,Colombia, sexy,83,Colombia, sexy,Colombia
Costa Rica,0,3,0,2.5,Colombia, kind,83,Colombia, kind,Colombia
Chile,0,3,0,2.5,Chile,Seafood,108,Chile,Seafood,Chile
Brazil,0,3,0,2.5,Brazil,beach loving,101,Brazil,beach loving,Brazil
Uruguay,0,3,0,2.5,Uruguay,Luis Suarez,163,Uruguay,Luis Suarez,Uruguay
Brazil,0,3,0,2.5,Brazil,Hot,101,Brazil,Hot,Brazil
Argentina,0,3,0,2.5,Argentina,play football,12814,Argentina,play football,Argentina
Argentina,0,3,0,2.5,Argentina, eat asado,12814,Argentina, eat asado,Argentina
Argentina,0,3,0,2.5,Argentina, maradona,12814,Argentina, maradona,Argentina
Cuba,0,3,0,2.5,Cuba,Drink a lot of coffee,44,Cuba,Drink a lot of coffee,Cuba
Chile,0,3,0,2.5,Chile,Rodeo,108,Chile,Rodeo,Chile
Uruguay,0,3,0,2.5,Uruguay,Proud,163,Uruguay,Proud,Uruguay
Uruguay,0,3,0,2.5,Uruguay,nice,163,Uruguay,nice,Uruguay
Ecuador,0,3,0,2.5,Ecuador,High mountains ,71,Ecuador,High mountains ,Ecuador
Ecuador,0,3,0,2.5,Ecuador, Galapagos ,71,Ecuador, Galapagos ,Ecuador
Spain,0,3,0,2.5,Spain,speak loudly,53,Spain,speak loudly,Spain
Argentina,0,3,0,2.5,Argentina,Fútbol ,12814,Argentina,Fútbol ,Argentina
Argentina,0,3,0,2.5,Argentina,Mate,12814,Argentina,Mate,Argentina
Costa Rica,0,3,0,2.5,Costa Rica,beautifull natural landscapes,83,Costa Rica,beautifull natural landscapes,Costa Rica
Argentina,0,3,0,2.5,Argentina,play football,12814,Argentina,play football,Argentina
Argentina,0,3,0,2.5,Argentina, eat asado,12814,Argentina, eat asado,Argentina
Argentina,0,3,0,2.5,Argentina, maradona,12814,Argentina, maradona,Argentina
Uruguay,0,3,0,2.5,Uruguay,fields,163,Uruguay,fields,Uruguay
Uruguay,0,3,0,2.5,Uruguay,agriculture,163,Uruguay,agriculture,Uruguay
Uruguay,0,3,0,2.5,Uruguay,humble,163,Uruguay,humble,Uruguay
Chile,0,3,0,2.5,Chile,cordillera de los andes ,108,Chile,cordillera de los andes ,Chile
Argentina,0,3,0,2.5,Argentina,play football,12814,Argentina,play football,Argentina
Argentina,0,3,0,2.5,Argentina, eat asado,12814,Argentina, eat asado,Argentina
Argentina,0,3,0,2.5,Argentina, maradona,12814,Argentina, maradona,Argentina
Uruguay,0,3,0,2.5,Uruguay,amigable,163,Uruguay,amigable,Uruguay
Cuba,0,3,0,2.5,Cuba,High Temperatures,44,Cuba,High Temperatures,Cuba
Nicaragua,0,3,0,2.5,Nicaragua,friendliness,25,Nicaragua,friendliness,Nicaragua
Argentina,0,3,0,2.5,Argentina,play football,12814,Argentina,play football,Argentina
Argentina,0,3,0,2.5,Argentina, eat asado,12814,Argentina, eat asado,Argentina
Argentina,0,3,0,2.5,Argentina, maradona,12814,Argentina, maradona,Argentina
Chile,0,3,0,2.5,Chile,selva valdiviana,108,Chile,selva valdiviana,Chile
Argentina,0,3,0,2.5,Argentina,Diverse,12814,Argentina,Diverse,Argentina
Ecuador,0,3,0,2.5,Ecuador,Good food,71,Ecuador,Good food,Ecuador
Argentina,0,3,0,2.5,Argentina,barbacue,12814,Argentina,barbacue,Argentina
Argentina,0,3,0,2.5,Argentina,tortas fritas,12814,Argentina,tortas fritas,Argentina
Nicaragua,0,3,0,2.5,Nicaragua,poverty,25,Nicaragua,poverty,Nicaragua
Argentina,0,3,0,2.5,Argentina,play football,12814,Argentina,play football,Argentina
Argentina,0,3,0,2.5,Argentina, eat asado,12814,Argentina, eat asado,Argentina
Argentina,0,3,0,2.5,Argentina, maradona,12814,Argentina, maradona,Argentina
Argentina,0,3,0,2.5,Argentina,play football,12814,Argentina,play football,Argentina
Argentina,0,3,0,2.5,Argentina, eat asado,12814,Argentina, eat asado,Argentina
Argentina,0,3,0,2.5,Argentina, maradona,12814,Argentina, maradona,Argentina
Uruguay,0,3,0,2.5,Uruguay,cattle,163,Uruguay,cattle,Uruguay
Chile,0,3,0,2.5,Chile,Homeland,108,Chile,Homeland,Chile
Argentina,0,3,0,2.5,Argentina,play football,12814,Argentina,play football,Argentina
Argentina,0,3,0,2.5,Argentina, eat asado,12814,Argentina, eat asado,Argentina
Argentina,0,3,0,2.5,Argentina, maradona,12814,Argentina, maradona,Argentina
Peru,0,3,0,2.5,Peru,cuzco,28,Peru,cuzco,Peru
Brazil,0,3,0,2.5,Peru,cuzco,101,Peru,cuzco,Peru
Costa Rica,0,3,0,2.5,Costa Rica,kindness,83,Costa Rica,kindness,Costa Rica
Argentina,0,3,0,2.5,Argentina,tango,12814,Argentina,tango,Argentina
Argentina,0,3,0,2.5,Argentina,play football,12814,Argentina,play football,Argentina
Argentina,0,3,0,2.5,Argentina, eat asado,12814,Argentina, eat asado,Argentina
Argentina,0,3,0,2.5,Argentina, maradona,12814,Argentina, maradona,Argentina
Uruguay,0,3,0,2.5,Uruguay,pericon,163,Uruguay,pericon,Uruguay
Chile,0,3,0,2.5,Chile,sky ,108,Chile,sky ,Chile
Argentina,0,3,0,2.5,Argentina,Asado,12814,Argentina,Asado,Argentina
Brazil,0,3,0,2.5,Brazil,Spanish speaker,101,Brazil,Spanish speaker,Brazil
Brazil,0,3,0,2.5,Brazil,Delicious food,101,Brazil,Delicious food,Brazil
Brazil,0,3,0,2.5,Brazil, kind,101,Brazil, kind,Brazil
Brazil,0,3,0,2.5,Brazil, generous,101,Brazil, generous,Brazil
Brazil,0,3,0,2.5,Brazil,  malicious,101,Brazil,  malicious,Brazil
Brazil,0,3,0,2.5,Brazil, corruption,101,Brazil, corruption,Brazil
Brazil,0,3,0,2.5,Brazil, ,101,Brazil, ,Brazil
Argentina,0,3,0,2.5,Argentina,play football,12814,Argentina,play football,Argentina
Argentina,0,3,0,2.5,Argentina, eat asado,12814,Argentina, eat asado,Argentina
Argentina,0,3,0,2.5,Argentina, maradona,12814,Argentina, maradona,Argentina
Argentina,0,3,0,2.5,Argentina,ventajero,12814,Argentina,ventajero,Argentina
Argentina,0,3,0,2.5,Argentina,futbol,12814,Argentina,futbol,Argentina
Argentina,0,3,0,2.5,Argentina,football,12814,Argentina,football,Argentina
Argentina,0,3,0,2.5,Argentina,Friendly,12814,Argentina,Friendly,Argentina
Argentina,0,3,0,2.5,Argentina,alfajores,12814,Argentina,alfajores,Argentina
Argentina,0,3,0,2.5,Argentina,play football,12814,Argentina,play football,Argentina
Argentina,0,3,0,2.5,Argentina, eat asado,12814,Argentina, eat asado,Argentina
Argentina,0,3,0,2.5,Argentina, maradona,12814,Argentina, maradona,Argentina
Chile,0,3,0,2.5,Chile,bipolar ,108,Chile,bipolar ,Chile
Argentina,0,3,0,2.5,Argentina,play football,12814,Argentina,play football,Argentina
Argentina,0,3,0,2.5,Argentina, eat asado,12814,Argentina, eat asado,Argentina
Argentina,0,3,0,2.5,Argentina, maradona,12814,Argentina, maradona,Argentina
Argentina,0,3,0,2.5,Argentina,Workaholic,12814,Argentina,Workaholic,Argentina
Chile,0,3,0,2.5,Chile,Horrible,108,Chile,Horrible,Chile
Argentina,0,3,0,2.5,Argentina,play football,12814,Argentina,play football,Argentina
Argentina,0,3,0,2.5,Argentina, eat asado,12814,Argentina, eat asado,Argentina
Argentina,0,3,0,2.5,Argentina, maradona,12814,Argentina, maradona,Argentina
Cuba,0,3,0,2.5,Cuba,extroverts,44,Cuba,extroverts,Cuba
Argentina,0,3,0,2.5,Argentina,Alfajor,12814,Argentina,Alfajor,Argentina
Argentina,0,3,0,2.5,Argentina,Competitive,12814,Argentina,Competitive,Argentina
Argentina,0,3,0,2.5,Argentina,play football,12814,Argentina,play football,Argentina
Argentina,0,3,0,2.5,Argentina, eat asado,12814,Argentina, eat asado,Argentina
Argentina,0,3,0,2.5,Argentina, maradona,12814,Argentina, maradona,Argentina
Colombia,0,3,0,2.5,Costa Rica,relaxed,66,Costa Rica,relaxed,Costa Rica
Costa Rica,0,3,0,2.5,Costa Rica,relaxed,83,Costa Rica,relaxed,Costa Rica
Argentina,0,3,0,2.5,Argentina,play football,12814,Argentina,play football,Argentina
Argentina,0,3,0,2.5,Argentina, eat asado,12814,Argentina, eat asado,Argentina
Argentina,0,3,0,2.5,Argentina, maradona,12814,Argentina, maradona,Argentina
Mexico,0,3,0,2.5,Mexico,I eat tacos,99,Mexico,I eat tacos,Mexico
Mexico,0,3,0,2.5,Mexico, I eat tortilla,99,Mexico, I eat tortilla,Mexico
Mexico,0,3,0,2.5,Mexico, I eat beans,99,Mexico, I eat beans,Mexico
Argentina,0,3,0,2.5,Argentina,play football,12814,Argentina,play football,Argentina
Argentina,0,3,0,2.5,Argentina, eat asado,12814,Argentina, eat asado,Argentina
Argentina,0,3,0,2.5,Argentina, maradona,12814,Argentina, maradona,Argentina
Ecuador,0,3,0,2.5,Ecuador,4 diversity’s regions ,71,Ecuador,4 diversity’s regions ,Ecuador
Argentina,0,3,0,2.5,Argentina,play football,12814,Argentina,play football,Argentina
Argentina,0,3,0,2.5,Argentina, eat asado,12814,Argentina, eat asado,Argentina
Argentina,0,3,0,2.5,Argentina, maradona,12814,Argentina, maradona,Argentina
Spain,0,3,0,2.5,Spain,not punctual,53,Spain,not punctual,Spain
Argentina,0,3,0,2.5,Argentina,Facturas,12814,Argentina,Facturas,Argentina
Uruguay,0,3,0,2.5,Uruguay,need to corroborate our small existence,163,Uruguay,need to corroborate our small existence,Uruguay
Argentina,0,3,0,2.5,Argentina,play football,12814,Argentina,play football,Argentina
Argentina,0,3,0,2.5,Argentina, eat asado,12814,Argentina, eat asado,Argentina
Argentina,0,3,0,2.5,Argentina, maradona,12814,Argentina, maradona,Argentina
Costa Rica,0,3,0,2.5,Costa Rica,gentleness,83,Costa Rica,gentleness,Costa Rica
Cuba,0,3,0,2.5,Cuba,Best rum,44,Cuba,Best rum,Cuba
Chile,0,3,0,2.5,Chile,Salmon,108,Chile,Salmon,Chile
Argentina,0,3,0,2.5,Argentina,play football,12814,Argentina,play football,Argentina
Argentina,0,3,0,2.5,Argentina, eat asado,12814,Argentina, eat asado,Argentina
Argentina,0,3,0,2.5,Argentina, maradona,12814,Argentina, maradona,Argentina
Ecuador,0,3,0,2.5,Ecuador,Ceviche ,71,Ecuador,Ceviche ,Ecuador
Uruguay,0,3,0,2.5,Uruguay,grass,163,Uruguay,grass,Uruguay
Argentina,0,3,0,2.5,Argentina,asado,12814,Argentina,asado,Argentina
Argentina,0,3,0,2.5,Argentina,play football,12814,Argentina,play football,Argentina
Argentina,0,3,0,2.5,Argentina, eat asado,12814,Argentina, eat asado,Argentina
Argentina,0,3,0,2.5,Argentina, maradona,12814,Argentina, maradona,Argentina
Chile,0,3,0,2.5,Chile,Salmon,108,Chile,Salmon,Chile
Argentina,0,3,0,2.5,Argentina,play football,12814,Argentina,play football,Argentina
Argentina,0,3,0,2.5,Argentina, eat asado,12814,Argentina, eat asado,Argentina
Argentina,0,3,0,2.5,Argentina, maradona,12814,Argentina, maradona,Argentina
Argentina,0,3,0,2.5,Argentina,play football,12814,Argentina,play football,Argentina
Argentina,0,3,0,2.5,Argentina, eat asado,12814,Argentina, eat asado,Argentina
Argentina,0,3,0,2.5,Argentina, maradona,12814,Argentina, maradona,Argentina
Costa Rica,0,3,0,2.5,Costa Rica,symphaty,83,Costa Rica,symphaty,Costa Rica
Nicaragua,0,3,0,2.5,Nicaragua,Lakes,25,Nicaragua,Lakes,Nicaragua
Chile,0,3,0,2.5,Chile,astronomy,108,Chile,astronomy,Chile
Spain,0,3,0,2.5,Spain,open and welcoming,53,Spain,open and welcoming,Spain
Argentina,0,3,0,2.5,Argentina,play football,12814,Argentina,play football,Argentina
Argentina,0,3,0,2.5,Argentina, eat asado,12814,Argentina, eat asado,Argentina
Argentina,0,3,0,2.5,Argentina, maradona,12814,Argentina, maradona,Argentina
Argentina,0,3,0,2.5,Argentina,play football,12814,Argentina,play football,Argentina
Argentina,0,3,0,2.5,Argentina, eat asado,12814,Argentina, eat asado,Argentina
Argentina,0,3,0,2.5,Argentina, maradona,12814,Argentina, maradona,Argentina
Cuba,0,3,0,2.5,Cuba,Diverse people,44,Cuba,Diverse people,Cuba
Uruguay,0,3,0,2.5,Uruguay,garra charrua,163,Uruguay,garra charrua,Uruguay
Argentina,0,3,0,2.5,Argentina,Depressive ,12814,Argentina,Depressive ,Argentina
Uruguay,0,3,0,2.5,Uruguay,marihuana,163,Uruguay,marihuana,Uruguay
Argentina,0,3,0,2.5,Argentina,tango,12814,Argentina,tango,Argentina
Uruguay,0,3,0,2.5,Uruguay,weed,163,Uruguay,weed,Uruguay
Uruguay,0,3,0,2.5,Uruguay,Pepe Mujica,163,Uruguay,Pepe Mujica,Uruguay
Costa Rica,0,3,0,2.5,Costa Rica,comen mucho en el desayuno,83,Costa Rica,comen mucho en el desayuno,Costa Rica
Cuba,0,3,0,2.5,Cuba,Lot of old and classics american cars,44,Cuba,Lot of old and classics american cars,Cuba
Argentina,0,3,0,2.5,Argentina,play football,12814,Argentina,play football,Argentina
Argentina,0,3,0,2.5,Argentina, eat asado,12814,Argentina, eat asado,Argentina
Argentina,0,3,0,2.5,Argentina, maradona,12814,Argentina, maradona,Argentina
Brazil,0,3,0,2.5,Brazil,Carnival,101,Brazil,Carnival,Brazil
Argentina,0,3,0,2.5,Argentina,molestos,12814,Argentina,molestos,Argentina
Uruguay,0,3,0,2.5,Uruguay,progressist,163,Uruguay,progressist,Uruguay
Argentina,0,3,0,2.5,France,play football,12814,France,play football,France
Argentina,0,3,0,2.5,France, eat asado,12814,France, eat asado,France
Argentina,0,3,0,2.5,France, maradona,12814,France, maradona,France
Nicaragua,0,3,0,2.5,Nicaragua,Volcanoes ,25,Nicaragua,Volcanoes ,Nicaragua
Uruguay,0,3,0,2.5,Uruguay,Cavani,163,Uruguay,Cavani,Uruguay
Argentina,0,3,0,2.5,Argentina,play football,12814,Argentina,play football,Argentina
Argentina,0,3,0,2.5,Argentina, eat asado,12814,Argentina, eat asado,Argentina
Argentina,0,3,0,2.5,Argentina, maradona,12814,Argentina, maradona,Argentina
Uruguay,0,3,0,2.5,Uruguay,Uruguay es el mejor pais,163,Uruguay,Uruguay es el mejor pais,Uruguay
Peru,0,3,0,2.5,Brazil,diverse,28,Brazil,diverse,Brazil
Brazil,0,3,0,2.5,Brazil,diverse,101,Brazil,diverse,Brazil
Argentina,0,3,0,2.5,Argentina,play football,12814,Argentina,play football,Argentina
Argentina,0,3,0,2.5,Argentina, eat asado,12814,Argentina, eat asado,Argentina
Argentina,0,3,0,2.5,Argentina, maradona,12814,Argentina, maradona,Argentina
Brazil,0,3,0,2.5,Brazil,plastic surgery,101,Brazil,plastic surgery,Brazil
Cuba,0,3,0,2.5,Cuba,Good at baseball,44,Cuba,Good at baseball,Cuba
Uruguay,0,3,0,2.5,Uruguay,Mejor que Francia y mejor que Paris,163,Uruguay,Mejor que Francia y mejor que Paris,Uruguay
Colombia,0,3,0,2.5,Costa Rica,good nature,66,Costa Rica,good nature,Costa Rica
Colombia,0,3,0,2.5,Costa Rica, green,66,Costa Rica, green,Costa Rica
Colombia,0,3,0,2.5,Costa Rica, ecological,66,Costa Rica, ecological,Costa Rica
Costa Rica,0,3,0,2.5,Costa Rica,good nature,83,Costa Rica,good nature,Costa Rica
Costa Rica,0,3,0,2.5,Costa Rica, green,83,Costa Rica, green,Costa Rica
Costa Rica,0,3,0,2.5,Costa Rica, ecological,83,Costa Rica, ecological,Costa Rica
Argentina,0,3,0,2.5,Argentina,play football,12814,Argentina,play football,Argentina
Argentina,0,3,0,2.5,Argentina, eat asado,12814,Argentina, eat asado,Argentina
Argentina,0,3,0,2.5,Argentina, maradona,12814,Argentina, maradona,Argentina
Uruguay,0,3,0,2.5,Uruguay,rights,163,Uruguay,rights,Uruguay
Nicaragua,0,3,0,2.5,Nicaragua,warm,25,Nicaragua,warm,Nicaragua
Brazil,0,3,0,2.5,Brazil,Portuguese Speaker,101,Brazil,Portuguese Speaker,Brazil
Argentina,0,3,0,2.5,Argentina,play football,12814,Argentina,play football,Argentina
Argentina,0,3,0,2.5,Argentina, eat asado,12814,Argentina, eat asado,Argentina
Argentina,0,3,0,2.5,Argentina, maradona,12814,Argentina, maradona,Argentina
Uruguay,0,3,0,2.5,Uruguay,respect,163,Uruguay,respect,Uruguay
Argentina,0,3,0,2.5,Argentina,economical instability,12814,Argentina,economical instability,Argentina
Argentina,0,3,0,2.5,Argentina, inflation,12814,Argentina, inflation,Argentina
Argentina,0,3,0,2.5,Argentina, human rights,12814,Argentina, human rights,Argentina
Uruguay,0,3,0,2.5,Uruguay,colaborative,163,Uruguay,colaborative,Uruguay
Argentina,0,3,0,2.5,Argentina,play football,12814,Argentina,play football,Argentina
Argentina,0,3,0,2.5,Argentina, eat asado,12814,Argentina, eat asado,Argentina
Argentina,0,3,0,2.5,Argentina, maradona,12814,Argentina, maradona,Argentina
Uruguay,0,3,0,2.5,Uruguay,dulce de leche,163,Uruguay,dulce de leche,Uruguay
Argentina,0,3,0,2.5,Argentina,play football,12814,Argentina,play football,Argentina
Argentina,0,3,0,2.5,Argentina, eat asado,12814,Argentina, eat asado,Argentina
Argentina,0,3,0,2.5,Argentina, maradona,12814,Argentina, maradona,Argentina
Chile,0,3,0,2.5,Chile,Salitre,108,Chile,Salitre,Chile
Chile,0,3,0,2.5,Chile, cobre,108,Chile, cobre,Chile
Chile,0,3,0,2.5,Chile, salmon,108,Chile, salmon,Chile
Chile,0,3,0,2.5,Chile, feo,108,Chile, feo,Chile
Chile,0,3,0,2.5,Chile, seco,108,Chile, seco,Chile
Chile,0,3,0,2.5,Chile, largo,108,Chile, largo,Chile
Chile,0,3,0,2.5,Chile, mucho mar,108,Chile, mucho mar,Chile
Chile,0,3,0,2.5,Chile, islas,108,Chile, islas,Chile
Chile,0,3,0,2.5,Chile, patagonia,108,Chile, patagonia,Chile
Chile,0,3,0,2.5,Chile, diferentes climas,108,Chile, diferentes climas,Chile
Chile,0,3,0,2.5,Chile, diferentes terrenos,108,Chile, diferentes terrenos,Chile
Chile,0,3,0,2.5,Chile, bosques,108,Chile, bosques,Chile
Chile,0,3,0,2.5,Chile, carretera austral,108,Chile, carretera austral,Chile
Chile,0,3,0,2.5,Chile, valparaiso,108,Chile, valparaiso,Chile
Chile,0,3,0,2.5,Chile, viña del mar,108,Chile, viña del mar,Chile
Uruguay,0,3,0,2.5,Uruguay,secure,163,Uruguay,secure,Uruguay
Argentina,0,3,0,2.5,Argentina,play football,12814,Argentina,play football,Argentina
Argentina,0,3,0,2.5,Argentina, eat asado,12814,Argentina, eat asado,Argentina
Argentina,0,3,0,2.5,Argentina, maradona,12814,Argentina, maradona,Argentina
Peru,0,3,0,2.5,Brazil,churrasco,28,Brazil,churrasco,Brazil
Brazil,0,3,0,2.5,Brazil,churrasco,101,Brazil,churrasco,Brazil
Argentina,0,3,0,2.5,Argentina,play football,12814,Argentina,play football,Argentina
Argentina,0,3,0,2.5,Argentina, eat asado,12814,Argentina, eat asado,Argentina
Argentina,0,3,0,2.5,Argentina, maradona,12814,Argentina, maradona,Argentina
Chile,0,3,0,2.5,Chile,Cold,108,Chile,Cold,Chile
Uruguay,0,3,0,2.5,Uruguay,nice,163,Uruguay,nice,Uruguay
Brazil,0,3,0,2.5,Brazil, Carnival,101,Brazil, Carnival,Brazil
Brazil,0,3,0,2.5,Brazil, beach,101,Brazil, beach,Brazil
Costa Rica,0,3,0,2.5,Costa Rica,playas paradisiacas,83,Costa Rica,playas paradisiacas,Costa Rica
Cuba,0,3,0,2.5,Cuba,promiscuous,44,Cuba,promiscuous,Cuba
Argentina,0,3,0,2.5,Chile,not supportive,12814,Chile,not supportive,Chile
Uruguay,0,3,0,2.5,Uruguay,great soccer players,163,Uruguay,great soccer players,Uruguay
Argentina,0,3,0,2.5,El Salvador,gangs,12814,El Salvador,gangs,El Salvador
Peru,0,3,0,2.5,Brazil,open-minded people,28,Brazil,open-minded people,Brazil
Brazil,0,3,0,2.5,Brazil,open-minded people,101,Brazil,open-minded people,Brazil
Uruguay,0,3,0,2.5,Uruguay,non competitive,163,Uruguay,non competitive,Uruguay
Argentina,0,3,0,2.5,France,bread,12814,France,bread,France
Argentina,0,3,0,2.5,France," 
xenophobic",12814,France," 
xenophobic",France
Argentina,0,3,0,2.5,United States,entitled,12814,United States,entitled,United States
Argentina,0,3,0,2.5,United States,ignorant,12814,United States,ignorant,United States
Argentina,0,3,0,2.5,United States,colonialists,12814,United States,colonialists,United States
Argentina,0,3,0,2.5,United States,belligerent,12814,United States,belligerent,United States
Argentina,0,3,0,2.5,United States,invaders,12814,United States,invaders,United States
Uruguay,0,3,0,2.5,Uruguay,humble,163,Uruguay,humble,Uruguay
Colombia,0,3,0,2.5,Colombia,Bandeja paisa,66,Colombia,Bandeja paisa,Colombia
Colombia,0,3,0,2.5,Colombia, buñuelo,66,Colombia, buñuelo,Colombia
Colombia,0,3,0,2.5,Colombia, almohabana,66,Colombia, almohabana,Colombia
Costa Rica,0,3,0,2.5,Colombia,Bandeja paisa,83,Colombia,Bandeja paisa,Colombia
Costa Rica,0,3,0,2.5,Colombia, buñuelo,83,Colombia, buñuelo,Colombia
Costa Rica,0,3,0,2.5,Colombia, almohabana,83,Colombia, almohabana,Colombia
Nicaragua,0,3,0,2.5,Nicaragua,hot,25,Nicaragua,hot,Nicaragua
Uruguay,0,3,0,2.5,Uruguay,pasta,163,Uruguay,pasta,Uruguay
Argentina,0,3,0,2.5,Israel,warmongers,12814,Israel,warmongers,Israel
Argentina,0,3,0,2.5,Israel, conquerors,12814,Israel, conquerors,Israel
Argentina,0,3,0,2.5,Israel, occupy lands,12814,Israel, occupy lands,Israel
Uruguay,0,3,0,2.5,Uruguay,pizza,163,Uruguay,pizza,Uruguay
Spain,0,3,0,2.5,Spain,like bullfighting,53,Spain,like bullfighting,Spain
Costa Rica,0,3,0,2.5,Costa Rica,a todo le echan salsa lizano,83,Costa Rica,a todo le echan salsa lizano,Costa Rica
Uruguay,0,3,0,2.5,Uruguay,churros,163,Uruguay,churros,Uruguay
Uruguay,0,3,0,2.5,Uruguay,rebel province,163,Uruguay,rebel province,Uruguay
Argentina,0,3,0,2.5,Argentina,Good education,12814,Argentina,Good education,Argentina
Spain,0,3,0,2.5,Spain,eat paella,53,Spain,eat paella,Spain
Uruguay,0,3,0,2.5,Uruguay,murga,163,Uruguay,murga,Uruguay
Costa Rica,0,3,0,2.5,Costa Rica,gallo pinto,83,Costa Rica,gallo pinto,Costa Rica
Argentina,0,3,0,2.5,Germany,fascism,12814,Germany,fascism,Germany
Uruguay,0,3,0,2.5,Uruguay,candombe,163,Uruguay,candombe,Uruguay
Cuba,0,3,0,2.5,Cuba,Nice people,44,Cuba,Nice people,Cuba
Uruguay,0,3,0,2.5,Uruguay,carnaval,163,Uruguay,carnaval,Uruguay
Uruguay,0,3,0,2.5,Uruguay,dulce de leche,163,Uruguay,dulce de leche,Uruguay
Argentina,0,3,0,2.5,Argentina,Argumentative,12814,Argentina,Argumentative,Argentina
Spain,0,3,0,2.5,Spain,can dance flamenco,53,Spain,can dance flamenco,Spain
Argentina,0,3,0,2.5,Argentina,play football,12814,Argentina,play football,Argentina
Argentina,0,3,0,2.5,Argentina, eat asado,12814,Argentina, eat asado,Argentina
Argentina,0,3,0,2.5,Argentina, maradona,12814,Argentina, maradona,Argentina
Argentina,0,3,0,2.5,Argentina,play football,12814,Argentina,play football,Argentina
Argentina,0,3,0,2.5,Argentina, eat asado,12814,Argentina, eat asado,Argentina
Argentina,0,3,0,2.5,Argentina, maradona,12814,Argentina, maradona,Argentina
Uruguay,0,3,0,2.5,Uruguay,rio,163,Uruguay,rio,Uruguay
Costa Rica,0,3,0,2.5,Costa Rica,tomar café,83,Costa Rica,tomar café,Costa Rica
Argentina,0,3,0,2.5,Argentina,football,12814,Argentina,football,Argentina
Argentina,0,3,0,2.5,Argentina, beef,12814,Argentina, beef,Argentina
Argentina,0,3,0,2.5,Argentina, tango,12814,Argentina, tango,Argentina
Argentina,0,3,0,2.5,Argentina, mate,12814,Argentina, mate,Argentina
Uruguay,0,3,0,2.5,Uruguay,money laundary,163,Uruguay,money laundary,Uruguay
Argentina,0,3,0,2.5,Brazil,carnaval,12814,Brazil,carnaval,Brazil
Argentina,0,3,0,2.5,Brazil, beach,12814,Brazil, beach,Brazil
Nicaragua,0,3,0,2.5,Nicaragua,honest,25,Nicaragua,honest,Nicaragua
Brazil,0,3,0,2.5,Brazil,Barbecue,101,Brazil,Barbecue,Brazil
Nicaragua,0,3,0,2.5,Nicaragua,happy,25,Nicaragua,happy,Nicaragua
Nicaragua,0,3,0,2.5,Nicaragua,happy people,25,Nicaragua,happy people,Nicaragua
Uruguay,0,3,0,2.5,Uruguay,tango y plena,163,Uruguay,tango y plena,Uruguay
Uruguay,0,3,0,2.5,Uruguay,free public education,163,Uruguay,free public education,Uruguay
Uruguay,0,3,0,2.5,Uruguay,expensive country,163,Uruguay,expensive country,Uruguay
Uruguay,0,3,0,2.5,Uruguay,chivito,163,Uruguay,chivito,Uruguay
Uruguay,0,3,0,2.5,Uruguay,proud of being humble,163,Uruguay,proud of being humble,Uruguay
Argentina,0,3,0,2.5,United States,Ignorante,12814,United States,Ignorante,United States
Argentina,0,3,0,2.5,Peru,Usar ropa colorida,12814,Peru,Usar ropa colorida,Peru
Argentina,0,3,0,2.5,Bolivia,Grandes familias,12814,Bolivia,Grandes familias,Bolivia
Argentina,0,3,0,2.5,China,Barato,12814,China,Barato,China
Argentina,0,3,0,2.5,Japan,Amables,12814,Japan,Amables,Japan
Argentina,0,3,0,2.5,Mexico,Ignorantes,12814,Mexico,Ignorantes,Mexico
Argentina,0,3,0,2.5,Italy,Gruñones,12814,Italy,Gruñones,Italy
Argentina,0,3,0,2.5,Argentina,Oportunista,12814,Argentina,Oportunista,Argentina
Argentina,0,3,0,2.5,Italy,hablar fuerte,12814,Italy,hablar fuerte,Italy
Argentina,0,3,0,2.5,Italy, usar las manos cuando hablan,12814,Italy, usar las manos cuando hablan,Italy
Argentina,0,3,0,2.5,United States,son individualistas,12814,United States,son individualistas,United States
Argentina,0,3,0,2.5,Argentina,son chantas,12814,Argentina,son chantas,Argentina
Andorra,0,3,0,2.5,Germany,hol,14,Germany,hol,Germany
Colombia,0,3,0,2.5,Japan,Buscamos un ingeniero líder,66,Japan,Buscamos un ingeniero líder,Japan
Colombia,0,3,0,2.5,Japan, competitivo y dominante,66,Japan, competitivo y dominante,Japan
Colombia,0,3,0,2.5,Germany,son puntuales,66,Germany,son puntuales,Germany
Nicaragua,0,3,0,2.5,China,Disciplina,25,China,Disciplina,China
Portugal,0,3,0,2.5,China,Disciplina,3,China,Disciplina,China
Argentina,0,3,0,2.5,Argentina,graciosos,12814,Argentina,graciosos,Argentina
Argentina,0,3,0,2.5,United States,locos,12814,United States,locos,United States
Argentina,0,3,0,2.5,Peru,incas,12814,Peru,incas,Peru
Colombia,0,3,0,2.5,United Kingdom,Les gusta el fútbol,66,United Kingdom,Les gusta el fútbol,United Kingdom
Argentina,0,3,0,2.5,China,inteligentes,12814,China,inteligentes,China
Argentina,0,3,0,2.5,Spain,Alegres,12814,Spain,Alegres,Spain
Argentina,0,3,0,2.5,Bolivia,Muy trabajadores,12814,Bolivia,Muy trabajadores,Bolivia
Argentina,0,3,0,2.5,Argentina,Amistosos,12814,Argentina,Amistosos,Argentina
Andorra,0,3,0,2.5,,automoviles,14,,automoviles,
Algeria,0,3,0,2.5,,mar,5,,mar,
Algeria,0,3,0,2.5,,comida,5,,comida,
Andorra,0,3,0,2.5,,comida,14,,comida,
Andorra,0,3,0,2.5,,peligro,14,,peligro,
Argentina,0,3,0,2.5,,precisión,12814,,precisión,
Ecuador,0,3,0,2.5,,pizza,71,,pizza,
Colombia,0,3,0,2.5,,Alegres,66,,Alegres,
Albania,0,3,0,2.5,,comida es fea,5,,comida es fea,
Ecuador,0,3,0,2.5,,Toscos,71,,Toscos,
Albania,0,3,0,2.5,,misticidad ,5,,misticidad ,
Andorra,0,3,0,2.5,,folclore ,14,,folclore ,
Ecuador,0,3,0,2.5,,respetuosos,71,,respetuosos,
Angola,0,3,0,2.5,,canchero,6,,canchero,
Spain,0,3,0,2.5,,amistosos,53,,amistosos,
Ecuador,0,3,0,2.5,,tradicional,71,,tradicional,
Angola,0,3,0,2.5,,tontos,6,,tontos,
Spain,0,3,0,2.5,,amistosos,53,,amistosos,
Andorra,0,3,0,2.5,,cultura local colonial ,14,,cultura local colonial ,
Argentina,0,3,0,2.5,,amables,12814,,amables,
Algeria,0,3,0,2.5,,ALEGRE,5,,ALEGRE,
Ecuador,0,3,0,2.5,,Peleadores,71,,Peleadores,
Ecuador,0,3,0,2.5,,emprendedores,71,,emprendedores,
Ecuador,0,3,0,2.5,,alegre,71,,alegre,
Ecuador,0,3,0,2.5,,comerciantes ,71,,comerciantes ,
Ecuador,0,3,0,2.5,, trabajadores,71,, trabajadores,
Ecuador,0,3,0,2.5,, emprendedores,71,, emprendedores,
Ecuador,0,3,0,2.5,, serviciales,71,, serviciales,
Ecuador,0,3,0,2.5,, bailarines ,71,, bailarines ,
Ecuador,0,3,0,2.5,,sanadores ,71,,sanadores ,
Ecuador,0,3,0,2.5,,espontáneos,71,,espontáneos,
Ecuador,0,3,0,2.5,, frontales,71,, frontales,
Ecuador,0,3,0,2.5,, graciosos ,71,, graciosos ,
Spain,0,3,0,2.5,,amables,53,,amables,
Ecuador,0,3,0,2.5,,planeadores,71,,planeadores,
Ecuador,0,3,0,2.5,, puntuales,71,, puntuales,
Ecuador,0,3,0,2.5,, exigentes,71,, exigentes,
Ecuador,0,3,0,2.5,, trabajadores,71,, trabajadores,
Ecuador,0,3,0,2.5,,buenos musicos,71,,buenos musicos,
Argentina,0,3,0,2.5,,Pasionales,12814,,Pasionales,
Argentina,0,3,0,2.5,,Familieros,12814,,Familieros,
Argentina,0,3,0,2.5,,minguno,12814,,minguno,
Argentina,0,3,0,2.5,,amables,12814,,amables,
Argentina,0,3,0,2.5,,simpaticos,12814,,simpaticos,
Argentina,0,3,0,2.5,,universidad,12814,,universidad,
Argentina,0,3,0,2.5,,Tienen estudios de nivel superior.Lamentablemente,12814,,Tienen estudios de nivel superior.Lamentablemente,
Argentina,0,3,0,2.5,, debido a prejuicios históricos y estereotipos arraigados sobre la inmigración de países limítrofes,12814,, debido a prejuicios históricos y estereotipos arraigados sobre la inmigración de países limítrofes,
Argentina,0,3,0,2.5,," en el imaginario colectivo de la región no suele asociarse de manera masiva o directa a la comunidad boliviana con ""estudios de nivel superior""",12814,," en el imaginario colectivo de la región no suele asociarse de manera masiva o directa a la comunidad boliviana con ""estudios de nivel superior""",
Argentina,0,3,0,2.5,, sino más bien con trabajos de oficio,12814,, sino más bien con trabajos de oficio,
Argentina,0,3,0,2.5,, comercio o agricultura. Por lo tanto,12814,, comercio o agricultura. Por lo tanto,
Argentina,0,3,0,2.5,, no es una asociación conocida o común.,12814,, no es una asociación conocida o común.,
Argentina,0,3,0,2.5,,estudiosos,12814,,estudiosos,
Argentina,0,3,0,2.5,, Tecnológicos,12814,, Tecnológicos,
Argentina,0,3,0,2.5,,Tecnológicamente avanzada / innovadora,12814,,Tecnológicamente avanzada / innovadora,
Argentina,0,3,0,2.5,,italia,12814,,italia,
Argentina,0,3,0,2.5,,". Costumbres y vida cotidiana

Tomar mate (muy presente y compartido) 
Reunirse a comer asado como actividad social 
Disfrutar del fútbol como parte de la vida diaria",12814,,". Costumbres y vida cotidiana

Tomar mate (muy presente y compartido) 
Reunirse a comer asado como actividad social 
Disfrutar del fútbol como parte de la vida diaria",
Argentina,0,3,0,2.5,,Inteligencia,12814,,Inteligencia,
Argentina,0,3,0,2.5,,Sociables,12814,,Sociables,
Argentina,0,3,0,2.5,,Entusiastas,12814,,Entusiastas,
Argentina,0,3,0,2.5,,Solidarios,12814,,Solidarios,
Argentina,0,3,0,2.5,,Trabajadores,12814,,Trabajadores,
Argentina,0,3,0,2.5,,Esfuerzo,12814,,Esfuerzo,
Argentina,0,3,0,2.5,,Coordinación ,12814,,Coordinación ,
Argentina,0,3,0,2.5,,hospitalarios,12814,,hospitalarios,
Argentina,0,3,0,2.5,,laburantes,12814,,laburantes,
Argentina,0,3,0,2.5,,Ninguno,12814,,Ninguno,
Argentina,0,3,0,2.5,,Lindo,12814,,Lindo,
Argentina,0,3,0,2.5,,.,12814,,.,
Argentina,0,3,0,2.5,,pasionales,12814,,pasionales,
Argentina,0,3,0,2.5,,caribe,12814,,caribe,
Argentina,0,3,0,2.5,,Reservados,12814,,Reservados,
Argentina,0,3,0,2.5,,Altos,12814,,Altos,
Argentina,0,3,0,2.5,,Elegantes,12814,,Elegantes,
Argentina,0,3,0,2.5,,Perseverantes,12814,,Perseverantes,
Argentina,0,3,0,2.5,,cortez,12814,,cortez,
Argentina,0,3,0,2.5,,organizado,12814,,organizado,
Argentina,0,3,0,2.5,,limpios,12814,,limpios,
Argentina,0,3,0,2.5,,ordenados,12814,,ordenados,
Argentina,0,3,0,2.5,,le gusta el cuarteto,12814,,le gusta el cuarteto,
Argentina,0,3,0,2.5,,Alegres,12814,,Alegres,
Argentina,0,3,0,2.5,,“Diversidad cultural” o “tradiciones propias”.,12814,,“Diversidad cultural” o “tradiciones propias”.,
Argentina,0,3,0,2.5,,optimistas,12814,,optimistas,
Argentina,0,3,0,2.5,,le gusta danzar,12814,,le gusta danzar,
Argentina,0,3,0,2.5,,organizados,12814,,organizados,
Argentina,0,3,0,2.5,,respetuosos,12814,,respetuosos,
Argentina,0,3,0,2.5,,inteligentes,12814,,inteligentes,
Argentina,0,3,0,2.5,,innovadores,12814,,innovadores,
Argentina,0,3,0,2.5,,perseverantes,12814,,perseverantes,
Argentina,0,3,0,2.5,,familieros,12814,,familieros,
Argentina,0,3,0,2.5,,respetuosos,12814,,respetuosos,
Argentina,0,3,0,2.5,,Fanatismo,12814,,Fanatismo,
Argentina,0,3,0,2.5,,Alegría ,12814,,Alegría ,
Argentina,0,3,0,2.5,,Trabajadores,12814,,Trabajadores,
Argentina,0,3,0,2.5,,Lenguaje,12814,,Lenguaje,
Argentina,0,3,0,2.5,,Idioma,12814,,Idioma,
Argentina,0,3,0,2.5,,Divertido,12814,,Divertido,
Argentina,0,3,0,2.5,,Divertido,12814,,Divertido,
Argentina,0,3,0,2.5,,Comprometedores ,12814,,Comprometedores ,
Argentina,0,3,0,2.5,,mar,12814,,mar,
Argentina,0,3,0,2.5,,Amables,12814,,Amables,
Argentina,0,3,0,2.5,,Alegria,12814,,Alegria,
Argentina,0,3,0,2.5,,Serenata ,12814,,Serenata ,
Argentina,0,3,0,2.5,,Patriotas,12814,,Patriotas,
Argentina,0,3,0,2.5,,Trabajadores,12814,,Trabajadores,
Argentina,0,3,0,2.5,,Apasionados,12814,,Apasionados,
Argentina,0,3,0,2.5,,Hospitalarios,12814,,Hospitalarios,
Argentina,0,3,0,2.5,,Creativos,12814,,Creativos,
Argentina,0,3,0,2.5,,Futboleros,12814,,Futboleros,
Argentina,0,3,0,2.5,,Sociables,12814,,Sociables,
Argentina,0,3,0,2.5,,Puntuales,12814,,Puntuales,
Argentina,0,3,0,2.5,,Organizados,12814,,Organizados,
Argentina,0,3,0,2.5,,Hospitalarios,12814,,Hospitalarios,
Argentina,0,3,0,2.5,,Amigable,12814,,Amigable,
Argentina,0,3,0,2.5,,Apasionados,12814,,Apasionados,
Argentina,0,3,0,2.5,,Pais de America del sur ,12814,,Pais de America del sur ,
Argentina,0,3,0,2.5,,arte,12814,,arte,
Argentina,0,3,0,2.5,,sexi,12814,,sexi,
Argentina,0,3,0,2.5,,incompetente,12814,,incompetente,
Argentina,0,3,0,2.5,,medico,12814,,medico,
Argentina,0,3,0,2.5,,educado,12814,,educado,
Argentina,0,3,0,2.5,,tecnologico,12814,,tecnologico,
Argentina,0,3,0,2.5,,audaz,12814,,audaz,
Argentina,0,3,0,2.5,,honesto,12814,,honesto,
Argentina,0,3,0,2.5,,trabajador,12814,,trabajador,
Argentina,0,3,0,2.5,,diestro,12814,,diestro,
Argentina,0,3,0,2.5,,audaz,12814,,audaz,
Argentina,0,3,0,2.5,,gentil,12814,,gentil,
Argentina,0,3,0,2.5,,estudioso,12814,,estudioso,
Argentina,0,3,0,2.5,,FUTBOL,12814,,FUTBOL,
Argentina,0,3,0,2.5,,Brasil,12814,,Brasil,
Argentina,0,3,0,2.5,,Córdoba ,12814,,Córdoba ,
Argentina,0,3,0,2.5,,lugar de nacimiento,12814,,lugar de nacimiento,
Argentina,0,3,0,2.5,,Charlatanes,12814,,Charlatanes,
Argentina,0,3,0,2.5,,Cuarteto,12814,,Cuarteto,
Argentina,0,3,0,2.5,,Simpáticos ,12814,,Simpáticos ,
Argentina,0,3,0,2.5,,Cerveza,12814,,Cerveza,
Argentina,0,3,0,2.5,,Ajo,12814,,Ajo,
Argentina,0,3,0,2.5,,Tecnología ,12814,,Tecnología ,
Argentina,0,3,0,2.5,,Playa,12814,,Playa,
Argentina,0,3,0,2.5,,Vino,12814,,Vino,
Argentina,0,3,0,2.5,,constancia,12814,,constancia,
Argentina,0,3,0,2.5,,Montañas ,12814,,Montañas ,
Argentina,0,3,0,2.5,,canchero amables ,12814,,canchero amables ,
Argentina,0,3,0,2.5,,limpios,12814,,limpios,
Argentina,0,3,0,2.5,,Cumbia,12814,,Cumbia,
Argentina,0,3,0,2.5,,amigables,12814,,amigables,
Argentina,0,3,0,2.5,,Cuarteto,12814,,Cuarteto,
Argentina,0,3,0,2.5,,familiar,12814,,familiar,
Argentina,0,3,0,2.5,,bailARINES,12814,,bailARINES,
Argentina,0,3,0,2.5,,ALEGRES,12814,,ALEGRES,
Argentina,0,3,0,2.5,,INMIGRACION,12814,,INMIGRACION,
Argentina,0,3,0,2.5,,UBA,12814,,UBA,
Argentina,0,3,0,2.5,,Pachamama,12814,,Pachamama,
Argentina,0,3,0,2.5,,AMIGABLES,12814,,AMIGABLES,
Argentina,0,3,0,2.5,,Llevar los chicos a la plaza,12814,,Llevar los chicos a la plaza,
Argentina,0,3,0,2.5,,Ir a la plaza ,12814,,Ir a la plaza ,
Argentina,0,3,0,2.5,,Escuchar música con amigos,12814,,Escuchar música con amigos,
Argentina,0,3,0,2.5,,amables,12814,,amables,
Argentina,0,3,0,2.5,,gritones,12814,,gritones,
Argentina,0,3,0,2.5,,frios,12814,,frios,
Argentina,0,3,0,2.5,,poco emotivos,12814,,poco emotivos,
Argentina,0,3,0,2.5,,rebeldes,12814,,rebeldes,
Argentina,0,3,0,2.5,,bailarines,12814,,bailarines,
Argentina,0,3,0,2.5,,SIMPATÍA ,12814,,SIMPATÍA ,
Argentina,0,3,0,2.5,,famosos,12814,,famosos,
Argentina,0,3,0,2.5,,unidos,12814,,unidos,
Argentina,0,3,0,2.5,,consevadores,12814,,consevadores,
Argentina,0,3,0,2.5,,serios,12814,,serios,
Argentina,0,3,0,2.5,,amistosos,12814,,amistosos,
Argentina,0,3,0,2.5,,gritones,12814,,gritones,
Argentina,0,3,0,2.5,,noctámbulos,12814,,noctámbulos,
Argentina,0,3,0,2.5,,Mate,12814,,Mate,
Argentina,0,3,0,2.5,,Primer mundo,12814,,Primer mundo,
Argentina,0,3,0,2.5,,Organizados,12814,,Organizados,
Argentina,0,3,0,2.5,,Europacentristas,12814,,Europacentristas,
Argentina,0,3,0,2.5,,..,12814,,..,
Argentina,0,3,0,2.5,,Ninguno,12814,,Ninguno,
Argentina,0,3,0,2.5,,amistosos,12814,,amistosos,
Argentina,0,3,0,2.5,,simpaticos,12814,,simpaticos,
Argentina,0,3,0,2.5,,Ninguno,12814,,Ninguno,
Argentina,0,3,0,2.5,,solidarios,12814,,solidarios,
Argentina,0,3,0,2.5,,ahorristas,12814,,ahorristas,
Argentina,0,3,0,2.5,,ceativos,12814,,ceativos,
Argentina,0,3,0,2.5,,hospitalarios,12814,,hospitalarios,
Argentina,0,3,0,2.5,,nacionalistas,12814,,nacionalistas,
Argentina,0,3,0,2.5,,Festivos,12814,,Festivos,
Argentina,0,3,0,2.5,,fanaticos,12814,,fanaticos,
Argentina,0,3,0,2.5,,ingenioso,12814,,ingenioso,
Argentina,0,3,0,2.5,,humiristas,12814,,humiristas,
Argentina,0,3,0,2.5,,familieros,12814,,familieros,
Argentina,0,3,0,2.5,,amistosos,12814,,amistosos,
Argentina,0,3,0,2.5,,canguros,12814,,canguros,
Argentina,0,3,0,2.5,,Festejo,12814,,Festejo,
Argentina,0,3,0,2.5,,Religión ,12814,,Religión ,
Argentina,0,3,0,2.5,,Fiesta ,12814,,Fiesta ,
Argentina,0,3,0,2.5,,Tradición ,12814,,Tradición ,
Argentina,0,3,0,2.5,,Serios ,12814,,Serios ,
Argentina,0,3,0,2.5,,Fútbol ,12814,,Fútbol ,
Argentina,0,3,0,2.5,,Simpleza,12814,,Simpleza,
Argentina,0,3,0,2.5,,Música  ,12814,,Música  ,
Argentina,0,3,0,2.5,,Lujo,12814,,Lujo,
Argentina,0,3,0,2.5,,Naturaleza ,12814,,Naturaleza ,
Argentina,0,3,0,2.5,,Momias,12814,,Momias,
Argentina,0,3,0,2.5,,Carismáticos ,12814,,Carismáticos ,
Argentina,0,3,0,2.5,,Belleza,12814,,Belleza,
Argentina,0,3,0,2.5,,Mate - blanco - belleza - indio,12814,,Mate - blanco - belleza - indio,
Argentina,0,3,0,2.5,,argentino - musculo - dinero,12814,,argentino - musculo - dinero,
Argentina,0,3,0,2.5,,Alegria,12814,,Alegria,
Argentina,0,3,0,2.5,,Felicidad,12814,,Felicidad,
Argentina,0,3,0,2.5,,Argentina,12814,,Argentina,
Argentina,0,3,0,2.5,,Argentina,12814,,Argentina,
Argentina,0,3,0,2.5,,Argentina,12814,,Argentina,
Argentina,0,3,0,2.5,,Argentina,12814,,Argentina,
Argentina,0,3,0,2.5,,Cordoba,12814,,Cordoba,
Argentina,0,3,0,2.5,,Divertido,12814,,Divertido,
Argentina,0,3,0,2.5,,rojo,12814,,rojo,
Argentina,0,3,0,2.5,,respetuoso,12814,,respetuoso,
Argentina,0,3,0,2.5,, Machu Pichu,12814,, Machu Pichu,
Argentina,0,3,0,2.5,,cuarteto,12814,,cuarteto,
Argentina,0,3,0,2.5,,piramide,12814,,piramide,
Argentina,0,3,0,2.5,, safaris,12814,, safaris,
Argentina,0,3,0,2.5,,idioma alemán,12814,,idioma alemán,
Argentina,0,3,0,2.5,, mar del plata,12814,, mar del plata,
Argentina,0,3,0,2.5,,grupos etnicos,12814,,grupos etnicos,
Argentina,0,3,0,2.5,,humoristas,12814,,humoristas,
Argentina,0,3,0,2.5,,pintura,12814,,pintura,
Argentina,0,3,0,2.5,,bailes tradicionales,12814,,bailes tradicionales,
Argentina,0,3,0,2.5,, comidas,12814,, comidas,
Argentina,0,3,0,2.5,,big ben,12814,,big ben,
Argentina,0,3,0,2.5,,morabeza,12814,,morabeza,
Argentina,0,3,0,2.5,, carnaval,12814,, carnaval,
Argentina,0,3,0,2.5,,hospitalidad,12814,,hospitalidad,
Argentina,0,3,0,2.5,, amabilidad,12814,, amabilidad,
Argentina,0,3,0,2.5,,cerveza,12814,,cerveza,
Argentina,0,3,0,2.5,,Fuertes,12814,,Fuertes,
Argentina,0,3,0,2.5,,teléfonos,12814,,teléfonos,
Argentina,0,3,0,2.5,,frutas,12814,,frutas,
Argentina,0,3,0,2.5,,yates,12814,,yates,
Argentina,0,3,0,2.5,,pescados,12814,,pescados,
Argentina,0,3,0,2.5,,solidarios,12814,,solidarios,
Argentina,0,3,0,2.5,,paisaje,12814,,paisaje,
Argentina,0,3,0,2.5,,montañas,12814,,montañas,
Argentina,0,3,0,2.5,,Mate,12814,,Mate,
Argentina,0,3,0,2.5,,Alegres ,12814,,Alegres ,
Argentina,0,3,0,2.5,,ni idea ,12814,,ni idea ,
Argentina,0,3,0,2.5,,futbol,12814,,futbol,
Argentina,0,3,0,2.5,,tormentas,12814,,tormentas,
Argentina,0,3,0,2.5,,buenos cantantes y musicos,12814,,buenos cantantes y musicos,
Argentina,0,3,0,2.5,,alegres,12814,,alegres,
Argentina,0,3,0,2.5,,agdas,12814,,agdas,
Argentina,0,3,0,2.5,,bahamas,12814,,bahamas,
Argentina,0,3,0,2.5,,bután,12814,,bután,
Argentina,0,3,0,2.5,,belice,12814,,belice,
Argentina,0,3,0,2.5,,formoseño,12814,,formoseño,
Argentina,0,3,0,2.5,,bosnia y herzegovina,12814,,bosnia y herzegovina,
Argentina,0,3,0,2.5,,burundí,12814,,burundí,
Argentina,0,3,0,2.5,,sociedad arabe ,12814,,sociedad arabe ,
Argentina,0,3,0,2.5,,yanki,12814,,yanki,
Argentina,0,3,0,2.5,,estados unidos,12814,,estados unidos,
Argentina,0,3,0,2.5,,estados unidos,12814,,estados unidos,
Argentina,0,3,0,2.5,,nacionalidad,12814,,nacionalidad,
Argentina,0,3,0,2.5,,atributo,12814,,atributo,
Argentina,0,3,0,2.5,,IDIOMA,12814,,IDIOMA,
Argentina,0,3,0,2.5,,Inglaterra,12814,,Inglaterra,
Argentina,0,3,0,2.5,, zona de golfo pérsico ,12814,, zona de golfo pérsico ,
Argentina,0,3,0,2.5,,gran bretaña,12814,,gran bretaña,
Argentina,0,3,0,2.5,,gran bretaña,12814,,gran bretaña,
Argentina,0,3,0,2.5,,Economia ligada al petroleo y finanzas ,12814,,Economia ligada al petroleo y finanzas ,
Argentina,0,3,0,2.5,, rascacielos modernos ,12814,, rascacielos modernos ,
Argentina,0,3,0,2.5,, formula !,12814,, formula !,
Argentina,0,3,0,2.5,,Orden,12814,,Orden,
Argentina,0,3,0,2.5,,Economia ligada al petroleo ,12814,,Economia ligada al petroleo ,
Argentina,0,3,0,2.5,, formula 1,12814,, formula 1,
Argentina,0,3,0,2.5,,trabajadores ,12814,,trabajadores ,
Argentina,0,3,0,2.5,, hospitalarios ,12814,, hospitalarios ,
Argentina,0,3,0,2.5,,ostentar ,12814,,ostentar ,
Argentina,0,3,0,2.5,, lujo ,12814,, lujo ,
Argentina,0,3,0,2.5,, ,12814,, ,
Argentina,0,3,0,2.5,,belleza ,12814,,belleza ,
Argentina,0,3,0,2.5,,Calor,12814,,Calor,
Argentina,0,3,0,2.5,, norte argentino,12814,, norte argentino,
Argentina,0,3,0,2.5,, rio ,12814,, rio ,
Argentina,0,3,0,2.5,, monte ,12814,, monte ,
Argentina,0,3,0,2.5,, humedad,12814,, humedad,
Argentina,0,3,0,2.5,, frontera,12814,, frontera,
Argentina,0,3,0,2.5,, humedad,12814,, humedad,
Argentina,0,3,0,2.5,, tranquilidad,12814,, tranquilidad,
Argentina,0,3,0,2.5,,humildad,12814,,humildad,
Argentina,0,3,0,2.5,,desierto,12814,,desierto,
Argentina,0,3,0,2.5,, isla,12814,, isla,
Argentina,0,3,0,2.5,, calor,12814,, calor,
Argentina,0,3,0,2.5,,mas,12814,,mas,
Argentina,0,3,0,2.5,,palmeras,12814,,palmeras,
Argentina,0,3,0,2.5,, golfo persico,12814,, golfo persico,
Argentina,0,3,0,2.5,,Alegria,12814,,Alegria,
Argentina,0,3,0,2.5,, danza,12814,, danza,
Argentina,0,3,0,2.5,, cuarteto ,12814,, cuarteto ,
Argentina,0,3,0,2.5,,orden,12814,,orden,
Argentina,0,3,0,2.5,,cultura,12814,,cultura,
Argentina,0,3,0,2.5,,mùsica ,12814,,mùsica ,
Argentina,0,3,0,2.5,, elegancia,12814,, elegancia,
Argentina,0,3,0,2.5,,actividades nocturnas,12814,,actividades nocturnas,
Argentina,0,3,0,2.5,,alegrìa ,12814,,alegrìa ,
Argentina,0,3,0,2.5,, tradicion,12814,, tradicion,
Argentina,0,3,0,2.5,, celebracion,12814,, celebracion,
Argentina,0,3,0,2.5,,produccion,12814,,produccion,
Argentina,0,3,0,2.5,,mi pais ,12814,,mi pais ,
Argentina,0,3,0,2.5,, tradicion,12814,, tradicion,
Argentina,0,3,0,2.5,, cultura ,12814,, cultura ,
Argentina,0,3,0,2.5,, paisajes,12814,, paisajes,
Argentina,0,3,0,2.5,,trabajadores,12814,,trabajadores,
Argentina,0,3,0,2.5,, lucha,12814,, lucha,
Argentina,0,3,0,2.5,, humildad,12814,, humildad,
Argentina,0,3,0,2.5,,amistad,12814,,amistad,
Argentina,0,3,0,2.5,, compartir,12814,, compartir,
Argentina,0,3,0,2.5,, baile,12814,, baile,
Argentina,0,3,0,2.5,, tradicion,12814,, tradicion,
Argentina,0,3,0,2.5,,cultura,12814,,cultura,
Argentina,0,3,0,2.5,,humor,12814,,humor,
Argentina,0,3,0,2.5,, alegria ,12814,, alegria ,
Argentina,0,3,0,2.5,, cultura,12814,, cultura,
Argentina,0,3,0,2.5,, tradicion,12814,, tradicion,
Argentina,0,3,0,2.5,,orden,12814,,orden,
Argentina,0,3,0,2.5,, progreso,12814,, progreso,
Argentina,0,3,0,2.5,, cultura,12814,, cultura,
Argentina,0,3,0,2.5,, educacion,12814,, educacion,
Argentina,0,3,0,2.5,, organiacion,12814,, organiacion,
Argentina,0,3,0,2.5,,cultura ,12814,,cultura ,
Argentina,0,3,0,2.5,, tradicion,12814,, tradicion,
Argentina,0,3,0,2.5,,cultivos,12814,,cultivos,
Argentina,0,3,0,2.5,, paisajes ,12814,, paisajes ,
Argentina,0,3,0,2.5,, naturaleza,12814,, naturaleza,
Argentina,0,3,0,2.5,, economia,12814,, economia,
Argentina,0,3,0,2.5,,paisajes,12814,,paisajes,
Argentina,0,3,0,2.5,, naturaleza,12814,, naturaleza,
Argentina,0,3,0,2.5,,Alegre ,12814,,Alegre ,
Argentina,0,3,0,2.5,,idioma,12814,,idioma,
Argentina,0,3,0,2.5,,SURF,12814,,SURF,
Argentina,0,3,0,2.5,,PLAYA,12814,,PLAYA,
Argentina,0,3,0,2.5,,FIESTAS TRADICIONALES,12814,,FIESTAS TRADICIONALES,
Argentina,0,3,0,2.5,,ORDEN ,12814,,ORDEN ,
Argentina,0,3,0,2.5,,CARNAVAL,12814,,CARNAVAL,
Argentina,0,3,0,2.5,, DESFILES,12814,, DESFILES,
Argentina,0,3,0,2.5,, FESTIVALES ,12814,, FESTIVALES ,
Argentina,0,3,0,2.5,,RUBIOS,12814,,RUBIOS,
Argentina,0,3,0,2.5,,CELESTE Y BLANCO,12814,,CELESTE Y BLANCO,
Argentina,0,3,0,2.5,, MATE,12814,, MATE,
Argentina,0,3,0,2.5,, DULCE DE LECHE,12814,, DULCE DE LECHE,
Argentina,0,3,0,2.5,,PIRÁMIDES,12814,,PIRÁMIDES,
Argentina,0,3,0,2.5,,alegre,12814,,alegre,
Argentina,0,3,0,2.5,,atento,12814,,atento,
Argentina,0,3,0,2.5,,alegres,12814,,alegres,
Argentina,0,3,0,2.5,,tranqulo,12814,,tranqulo,
Argentina,0,3,0,2.5,,edad,12814,,edad,
Argentina,0,3,0,2.5,,sexo,12814,,sexo,
Argentina,0,3,0,2.5,,2,12814,,2,
Argentina,0,3,0,2.5,,estatura,12814,,estatura,
Argentina,0,3,0,2.5,,posicion social,12814,,posicion social,
Argentina,0,3,0,2.5,,nn,12814,,nn,
Argentina,0,3,0,2.5,,koala,12814,,koala,
Argentina,0,3,0,2.5,,friolentos,12814,,friolentos,
Argentina,0,3,0,2.5,,spicy food,12814,,spicy food,
Argentina,0,3,0,2.5,,Respeto,12814,,Respeto,
Argentina,0,3,0,2.5,,empáticos,12814,,empáticos,
Argentina,0,3,0,2.5,,pluricultural,12814,,pluricultural,
Argentina,0,3,0,2.5,,Despreocupados,12814,,Despreocupados,
Argentina,0,3,0,2.5,,Conservador,12814,,Conservador,
Argentina,0,3,0,2.5,,Superficiales,12814,,Superficiales,
Argentina,0,3,0,2.5,,Deportistas,12814,,Deportistas,
Argentina,0,3,0,2.5,,Tradicionales,12814,,Tradicionales,
Argentina,0,3,0,2.5,,amarillo ,12814,,amarillo ,
Argentina,0,3,0,2.5,,pobreza,12814,,pobreza,
Argentina,0,3,0,2.5,,lindos,12814,,lindos,
Argentina,0,3,0,2.5,,ancestrales,12814,,ancestrales,
Argentina,0,3,0,2.5,,budismo,12814,,budismo,
Argentina,0,3,0,2.5,,alegres,12814,,alegres,
Argentina,0,3,0,2.5,,crisis,12814,,crisis,
Argentina,0,3,0,2.5,,sopa,12814,,sopa,
Argentina,0,3,0,2.5,,organizados,12814,,organizados,
Argentina,0,3,0,2.5,,Estructurados,12814,,Estructurados,
Argentina,0,3,0,2.5,,Organizados,12814,,Organizados,
Argentina,0,3,0,2.5,,playas,12814,,playas,
Argentina,0,3,0,2.5,,picante,12814,,picante,
Argentina,0,3,0,2.5,,amistosos,12814,,amistosos,
Argentina,0,3,0,2.5,, solidarios,12814,, solidarios,
Argentina,0,3,0,2.5,, familieros,12814,, familieros,
Argentina,0,3,0,2.5,,millonarios,12814,,millonarios,
Argentina,0,3,0,2.5,,hermosos,12814,,hermosos,
Argentina,0,3,0,2.5,, morenos,12814,, morenos,
Argentina,0,3,0,2.5,, alegres,12814,, alegres,
Argentina,0,3,0,2.5,, trabajadores,12814,, trabajadores,
Argentina,0,3,0,2.5,,amistoso,12814,,amistoso,
Argentina,0,3,0,2.5,, servicial,12814,, servicial,
Argentina,0,3,0,2.5,, hospitalario,12814,, hospitalario,
Argentina,0,3,0,2.5,,solidaridad,12814,,solidaridad,
Argentina,0,3,0,2.5,, familiares,12814,, familiares,
Argentina,0,3,0,2.5,, glotones,12814,, glotones,
Argentina,0,3,0,2.5,, trabajadores,12814,, trabajadores,
Argentina,0,3,0,2.5,,asado,12814,,asado,
Argentina,0,3,0,2.5,, fernet,12814,, fernet,
Argentina,0,3,0,2.5,, familiares,12814,, familiares,
Argentina,0,3,0,2.5,, amigos,12814,, amigos,
Argentina,0,3,0,2.5,, chacarera,12814,, chacarera,
Argentina,0,3,0,2.5,, mate,12814,, mate,
Argentina,0,3,0,2.5,,Tradicionalistas,12814,,Tradicionalistas,
Argentina,0,3,0,2.5,, otaku,12814,, otaku,
Argentina,0,3,0,2.5,, ramen,12814,, ramen,
Argentina,0,3,0,2.5,, naruto,12814,, naruto,
Argentina,0,3,0,2.5,, dragonball,12814,, dragonball,
Argentina,0,3,0,2.5,, anime,12814,, anime,
Argentina,0,3,0,2.5,, comic,12814,, comic,
Argentina,0,3,0,2.5,, Hiroshima,12814,, Hiroshima,
Argentina,0,3,0,2.5,, Nagasaki,12814,, Nagasaki,
Argentina,0,3,0,2.5,, emperador,12814,, emperador,
Argentina,0,3,0,2.5,, tecnología,12814,, tecnología,
Argentina,0,3,0,2.5,,alegres,12814,,alegres,
Argentina,0,3,0,2.5,, gostosos,12814,, gostosos,
Argentina,0,3,0,2.5,, jabuticaba,12814,, jabuticaba,
Argentina,0,3,0,2.5,, danza,12814,, danza,
Argentina,0,3,0,2.5,, axe,12814,, axe,
Argentina,0,3,0,2.5,, orixas,12814,, orixas,
Argentina,0,3,0,2.5,,musulmán,12814,,musulmán,
Argentina,0,3,0,2.5,, faraón,12814,, faraón,
Argentina,0,3,0,2.5,, Nilo,12814,, Nilo,
Argentina,0,3,0,2.5,,lavado de dinero,12814,,lavado de dinero,
Argentina,0,3,0,2.5,, sede de organismoa internacionales,12814,, sede de organismoa internacionales,
Argentina,0,3,0,2.5,, queso,12814,, queso,
Argentina,0,3,0,2.5,, chocolate,12814,, chocolate,
Argentina,0,3,0,2.5,, alemán,12814,, alemán,
Argentina,0,3,0,2.5,, francés,12814,, francés,
Argentina,0,3,0,2.5,, italiano,12814,, italiano,
Argentina,0,3,0,2.5,, montañas,12814,, montañas,
Argentina,0,3,0,2.5,, esqui,12814,, esqui,
Argentina,0,3,0,2.5,,quechua,12814,,quechua,
Argentina,0,3,0,2.5,, minería,12814,, minería,
Argentina,0,3,0,2.5,, pueblos originarios,12814,, pueblos originarios,
Argentina,0,3,0,2.5,, choclo,12814,, choclo,
Argentina,0,3,0,2.5,, poroto,12814,, poroto,
Argentina,0,3,0,2.5,, salteñas,12814,, salteñas,
Argentina,0,3,0,2.5,, empanadas,12814,, empanadas,
Argentina,0,3,0,2.5,, chacarera,12814,, chacarera,
Argentina,0,3,0,2.5,, saya,12814,, saya,
Argentina,0,3,0,2.5,, aymara,12814,, aymara,
Argentina,0,3,0,2.5,, Evo Morales,12814,, Evo Morales,
Argentina,0,3,0,2.5,, coca,12814,, coca,
Argentina,0,3,0,2.5,,amistosos,12814,,amistosos,
Argentina,0,3,0,2.5,, asado,12814,, asado,
Argentina,0,3,0,2.5,,respeto,12814,,respeto,
Argentina,0,3,0,2.5,, ramen,12814,, ramen,
Argentina,0,3,0,2.5,, sushi,12814,, sushi,
Argentina,0,3,0,2.5,,amigos,12814,,amigos,
Argentina,0,3,0,2.5,, familia,12814,, familia,
Argentina,0,3,0,2.5,, zamba,12814,, zamba,
Argentina,0,3,0,2.5,,vino,12814,,vino,
Argentina,0,3,0,2.5,, choripán,12814,, choripán,
Argentina,0,3,0,2.5,,familiar,12814,,familiar,
Argentina,0,3,0,2.5,, tango,12814,, tango,
Argentina,0,3,0,2.5,, Maradona,12814,, Maradona,
Argentina,0,3,0,2.5,,piratas,12814,,piratas,
Argentina,0,3,0,2.5,,sierras,12814,,sierras,
Argentina,0,3,0,2.5,, playas,12814,, playas,
Argentina,0,3,0,2.5,, montañas,12814,, montañas,
Argentina,0,3,0,2.5,,ballenato,12814,,ballenato,
Argentina,0,3,0,2.5,, Caribe,12814,, Caribe,
Argentina,0,3,0,2.5,, narcotráfico,12814,, narcotráfico,
Argentina,0,3,0,2.5,, reguetón,12814,, reguetón,
Argentina,0,3,0,2.5,, Totó la momposina,12814,, Totó la momposina,
Argentina,0,3,0,2.5,, J Balvin,12814,, J Balvin,
Argentina,0,3,0,2.5,, Karol G,12814,, Karol G,
Argentina,0,3,0,2.5,,charros,12814,,charros,
Argentina,0,3,0,2.5,, mañanitas,12814,, mañanitas,
Argentina,0,3,0,2.5,, tacos,12814,, tacos,
Argentina,0,3,0,2.5,, enchiladas,12814,, enchiladas,
Argentina,0,3,0,2.5,, jitomates,12814,, jitomates,
Argentina,0,3,0,2.5,, mezcal,12814,, mezcal,
Argentina,0,3,0,2.5,, Frida kahlo,12814,, Frida kahlo,
Argentina,0,3,0,2.5,,picante,12814,,picante,
Argentina,0,3,0,2.5,, ají,12814,, ají,
Argentina,0,3,0,2.5,, salteñas,12814,, salteñas,
Argentina,0,3,0,2.5,, saya,12814,, saya,
Argentina,0,3,0,2.5,,murga,12814,,murga,
Argentina,0,3,0,2.5,, paraíso fiscal,12814,, paraíso fiscal,
Argentina,0,3,0,2.5,, Punta del Este,12814,, Punta del Este,
Argentina,0,3,0,2.5,, Piriapolis,12814,, Piriapolis,
Argentina,0,3,0,2.5,, Montevideo,12814,, Montevideo,
Argentina,0,3,0,2.5,, Río de la Plata,12814,, Río de la Plata,
Argentina,0,3,0,2.5,, Sudamérica,12814,, Sudamérica,
Argentina,0,3,0,2.5,,rock nacional,12814,,rock nacional,
Argentina,0,3,0,2.5,, cuarteto,12814,, cuarteto,
Argentina,0,3,0,2.5,, priteado,12814,, priteado,
Argentina,0,3,0,2.5,, fernet con coca,12814,, fernet con coca,
Argentina,0,3,0,2.5,,orixas,12814,,orixas,
Argentina,0,3,0,2.5,, saci pereré,12814,, saci pereré,
Argentina,0,3,0,2.5,, praia,12814,, praia,
Argentina,0,3,0,2.5,, axé,12814,, axé,
Argentina,0,3,0,2.5,, futebol,12814,, futebol,
Argentina,0,3,0,2.5,, banana,12814,, banana,
Argentina,0,3,0,2.5,, acai,12814,, acai,
Argentina,0,3,0,2.5,, jabuticaba,12814,, jabuticaba,
Argentina,0,3,0,2.5,, dende,12814,, dende,
Argentina,0,3,0,2.5,,solidarios,12814,,solidarios,
Argentina,0,3,0,2.5,, familieros,12814,, familieros,
Argentina,0,3,0,2.5,,imperio,12814,,imperio,
Argentina,0,3,0,2.5,, novelas,12814,, novelas,
Argentina,0,3,0,2.5,, Asia,12814,, Asia,
Argentina,0,3,0,2.5,, Europa,12814,, Europa,
Argentina,0,3,0,2.5,,sudamericano,12814,,sudamericano,
Argentina,0,3,0,2.5,, originarios,12814,, originarios,
Argentina,0,3,0,2.5,, Andes,12814,, Andes,
Argentina,0,3,0,2.5,, cebiche,12814,, cebiche,
Argentina,0,3,0,2.5,,IDIOMA ESPAÑOL,12814,,IDIOMA ESPAÑOL,
Argentina,0,3,0,2.5,,futboleros,12814,,futboleros,
Argentina,0,3,0,2.5,,Alegría,12814,,Alegría,
Argentina,0,3,0,2.5,,diversos culturalmente,12814,,diversos culturalmente,
Argentina,0,3,0,2.5,,inovadores,12814,,inovadores,
Argentina,0,3,0,2.5,,pasión por el fútbol,12814,,pasión por el fútbol,
Argentina,0,3,0,2.5,,Gastronomía,12814,,Gastronomía,
Argentina,0,3,0,2.5,,apasionados por compartir,12814,,apasionados por compartir,
Argentina,0,3,0,2.5,,costumbres culturales gastronomicas,12814,,costumbres culturales gastronomicas,
Argentina,0,3,0,2.5,,modos  de compartir,12814,,modos  de compartir,
Argentina,0,3,0,2.5,,cultura e historia,12814,,cultura e historia,
Argentina,0,3,0,2.5,,Vitalidad,12814,,Vitalidad,
Argentina,0,3,0,2.5,,Cobre,12814,,Cobre,
Argentina,0,3,0,2.5,,Bailarines,12814,,Bailarines,
Argentina,0,3,0,2.5,,Futboleros,12814,,Futboleros,
Argentina,0,3,0,2.5,,Disciplina,12814,,Disciplina,
Argentina,0,3,0,2.5,,Estudiosos,12814,,Estudiosos,
Argentina,0,3,0,2.5,,Migrantes,12814,,Migrantes,
Argentina,0,3,0,2.5,,pacíficos,12814,,pacíficos,
Argentina,0,3,0,2.5,,Historia,12814,,Historia,
Argentina,0,3,0,2.5,,Naturaleza,12814,,Naturaleza,
Argentina,0,3,0,2.5,,Pobreza,12814,,Pobreza,
Argentina,0,3,0,2.5,,Guerra,12814,,Guerra,
Argentina,0,3,0,2.5,,competitivos,12814,,competitivos,
Argentina,0,3,0,2.5,,disciplinados,12814,,disciplinados,
Argentina,0,3,0,2.5,,Poco expresivos ,12814,,Poco expresivos ,
Argentina,0,3,0,2.5,,Alegres ,12814,,Alegres ,
Argentina,0,3,0,2.5,,idioma,12814,,idioma,
Argentina,0,3,0,2.5,,futbolero,12814,,futbolero,
Argentina,0,3,0,2.5,,modernizacion,12814,,modernizacion,
Argentina,0,3,0,2.5,,Educación pública ,12814,,Educación pública ,
Argentina,0,3,0,2.5,,competitivos,12814,,competitivos,
Argentina,0,3,0,2.5,,calidez humana,12814,,calidez humana,
Argentina,0,3,0,2.5,,culturales ,12814,,culturales ,
Argentina,0,3,0,2.5,,fiestas,12814,,fiestas,
Argentina,0,3,0,2.5,,modernos,12814,,modernos,
Argentina,0,3,0,2.5,,futboleros ,12814,,futboleros ,
Argentina,0,3,0,2.5,,orgullosos,12814,,orgullosos,
Argentina,0,3,0,2.5,,frío ,12814,,frío ,
Argentina,0,3,0,2.5,,alegres,12814,,alegres,
Argentina,0,3,0,2.5,,Habladores,12814,,Habladores,
Argentina,0,3,0,2.5,,Respeto,12814,,Respeto,
Argentina,0,3,0,2.5,,Calidez,12814,,Calidez,
Argentina,0,3,0,2.5,,Turismo,12814,,Turismo,
Argentina,0,3,0,2.5,,conservador,12814,,conservador,
Argentina,0,3,0,2.5,,tradición,12814,,tradición,
Argentina,0,3,0,2.5,,Trabajo duro,12814,,Trabajo duro,
Argentina,0,3,0,2.5,,Tradicion,12814,,Tradicion,
Argentina,0,3,0,2.5,,futboleros,12814,,futboleros,
Argentina,0,3,0,2.5,,murgueros,12814,,murgueros,
Argentina,0,3,0,2.5,,Espontaneos,12814,,Espontaneos,
Argentina,0,3,0,2.5,,Buen comer,12814,,Buen comer,
Argentina,0,3,0,2.5,,Ordenado,12814,,Ordenado,
Argentina,0,3,0,2.5,,Divertidos,12814,,Divertidos,
Argentina,0,3,0,2.5,,Coloridos,12814,,Coloridos,
Argentina,0,3,0,2.5,,Nacionalistas,12814,,Nacionalistas,
Argentina,0,3,0,2.5,,Alegres,12814,,Alegres,
Argentina,0,3,0,2.5,,Tradicionales,12814,,Tradicionales,
Argentina,0,3,0,2.5,,Elocuentes,12814,,Elocuentes,
Argentina,0,3,0,2.5,,Guerra,12814,,Guerra,
Argentina,0,3,0,2.5,,Audaces,12814,,Audaces,
Argentina,0,3,0,2.5,,Diversidad,12814,,Diversidad,
Argentina,0,3,0,2.5,,lugar,12814,,lugar,
Argentina,0,3,0,2.5,,mate,12814,,mate,
Argentina,0,3,0,2.5,,fiesta,12814,,fiesta,
Argentina,0,3,0,2.5,,Baile,12814,,Baile,
Argentina,0,3,0,2.5,,estudiar,12814,,estudiar,
Argentina,0,3,0,2.5,,cuarteto,12814,,cuarteto,
Argentina,0,3,0,2.5,,orden,12814,,orden,
Argentina,0,3,0,2.5,,ambicioso,12814,,ambicioso,
Argentina,0,3,0,2.5,,norte,12814,,norte,
Argentina,0,3,0,2.5,,pinturas,12814,,pinturas,
Argentina,0,3,0,2.5,,Bailarín ,12814,,Bailarín ,
Argentina,0,3,0,2.5,,Gustoso ,12814,,Gustoso ,
Argentina,0,3,0,2.5,,divertidos,12814,,divertidos,
Argentina,0,3,0,2.5,,coloridos,12814,,coloridos,
Argentina,0,3,0,2.5,,Simpáticos,12814,,Simpáticos,
Argentina,0,3,0,2.5,,EMOCIONALES,12814,,EMOCIONALES,
Argentina,0,3,0,2.5,,Desarrollados,12814,,Desarrollados,
Argentina,0,3,0,2.5,,Cordiales,12814,,Cordiales,
Argentina,0,3,0,2.5,,Bailarines,12814,,Bailarines,
Argentina,0,3,0,2.5,,Apasionados,12814,,Apasionados,
Argentina,0,3,0,2.5,,Asado,12814,,Asado,
Argentina,0,3,0,2.5,,Aconcagua,12814,,Aconcagua,
Argentina,0,3,0,2.5,,samba,12814,,samba,
Argentina,0,3,0,2.5,,Mona Gimenez,12814,,Mona Gimenez,
Argentina,0,3,0,2.5,,Paz,12814,,Paz,
Argentina,0,3,0,2.5,,Alegres,12814,,Alegres,
Argentina,0,3,0,2.5,,Simpáticos,12814,,Simpáticos,
Argentina,0,3,0,2.5,,Alegres,12814,,Alegres,
Argentina,0,3,0,2.5,,Mate,12814,,Mate,
Argentina,0,3,0,2.5,,Buen jugador de futbol,12814,,Buen jugador de futbol,
Argentina,0,3,0,2.5,,Hospitalarios,12814,,Hospitalarios,
Argentina,0,3,0,2.5,,Puntuales,12814,,Puntuales,
Argentina,0,3,0,2.5,,ACOGEDORES,12814,,ACOGEDORES,
Argentina,0,3,0,2.5,,ALEGRES,12814,,ALEGRES,
Argentina,0,3,0,2.5,,HOSPITALARIOS,12814,,HOSPITALARIOS,
Argentina,0,3,0,2.5,,AMISTAD,12814,,AMISTAD,
Argentina,0,3,0,2.5,,amigables.,12814,,amigables.,
Argentina,0,3,0,2.5,,divertidos,12814,,divertidos,
Argentina,0,3,0,2.5,,ordenados,12814,,ordenados,
Argentina,0,3,0,2.5,,sumición,12814,,sumición,
Argentina,0,3,0,2.5,,inmigración,12814,,inmigración,
Argentina,0,3,0,2.5,,alegres,12814,,alegres,
Argentina,0,3,0,2.5,,rectitud,12814,,rectitud,
Argentina,0,3,0,2.5,,generosos,12814,,generosos,
Argentina,0,3,0,2.5,,ingeniosos,12814,,ingeniosos,
Argentina,0,3,0,2.5,,Negros,12814,,Negros,
Argentina,0,3,0,2.5,,Sucios,12814,,Sucios,
Argentina,0,3,0,2.5,,Pobreza,12814,,Pobreza,
Argentina,0,3,0,2.5,,Blancos,12814,,Blancos,
Argentina,0,3,0,2.5,, lindos,12814,, lindos,
Argentina,0,3,0,2.5,,Diversidad ambiental,12814,,Diversidad ambiental,
Argentina,0,3,0,2.5,,Bellos,12814,,Bellos,
Argentina,0,3,0,2.5,,Navegación,12814,,Navegación,
Argentina,0,3,0,2.5,,Resistencia,12814,,Resistencia,
Argentina,0,3,0,2.5,,Playas,12814,,Playas,
Argentina,0,3,0,2.5,, Carnaval,12814,, Carnaval,
Argentina,0,3,0,2.5,,perfumes,12814,,perfumes,
Argentina,0,3,0,2.5,,cultura,12814,,cultura,
Argentina,0,3,0,2.5,, tradición,12814,, tradición,
Argentina,0,3,0,2.5,,Disciplina,12814,,Disciplina,
Argentina,0,3,0,2.5,, trabajo en equipo,12814,, trabajo en equipo,
Argentina,0,3,0,2.5,,Esferas de influencia indígena,12814,,Esferas de influencia indígena,
Argentina,0,3,0,2.5,,Resistencia festiva,12814,,Resistencia festiva,
Argentina,0,3,0,2.5,,Ligado al surf y la cultura de playa.,12814,,Ligado al surf y la cultura de playa.,
Argentina,0,3,0,2.5,,Premio de Mónaco,12814,,Premio de Mónaco,
Argentina,0,3,0,2.5,,Atributo cultural compartido,12814,,Atributo cultural compartido,
Argentina,0,3,0,2.5,,Diaguitas,12814,,Diaguitas,
Argentina,0,3,0,2.5,,selva,12814,,selva,
Argentina,0,3,0,2.5,,viñedos,12814,,viñedos,
Argentina,0,3,0,2.5,,mujeres,12814,,mujeres,
Argentina,0,3,0,2.5,,Mesi,12814,,Mesi,
Argentina,0,3,0,2.5,,ROPA,12814,,ROPA,
Argentina,0,3,0,2.5,,BELGRANO,12814,,BELGRANO,
Argentina,0,3,0,2.5,,cultura,12814,,cultura,
Argentina,0,3,0,2.5,,cuarteto,12814,,cuarteto,
Argentina,0,3,0,2.5,,en la calle,12814,,en la calle,
Argentina,0,3,0,2.5,,tradicion,12814,,tradicion,
Argentina,0,3,0,2.5,,cañaverales,12814,,cañaverales,
Argentina,0,3,0,2.5,,nieve,12814,,nieve,
Argentina,0,3,0,2.5,,Milei y Tramp,12814,,Milei y Tramp,
Argentina,0,3,0,2.5,,bailes,12814,,bailes,
Argentina,0,3,0,2.5,,costa,12814,,costa,
Argentina,0,3,0,2.5,,Australia,12814,,Australia,
Argentina,0,3,0,2.5,,mujeres,12814,,mujeres,
Argentina,0,3,0,2.5,,Ronaldiño,12814,,Ronaldiño,
Argentina,0,3,0,2.5,,empaticos,12814,,empaticos,
Argentina,0,3,0,2.5,,cultura,12814,,cultura,
Argentina,0,3,0,2.5,,viaje,12814,,viaje,
Argentina,0,3,0,2.5,,mujeres,12814,,mujeres,
Argentina,0,3,0,2.5,,personas,12814,,personas,
Argentina,0,3,0,2.5,,favaloro,12814,,favaloro,
Argentina,0,3,0,2.5,,invasiones,12814,,invasiones,
Argentina,0,3,0,2.5,,asado,12814,,asado,
Argentina,0,3,0,2.5,,dulce de leche,12814,,dulce de leche,
Argentina,0,3,0,2.5,,Turismo,12814,,Turismo,
Argentina,0,3,0,2.5,,Turismo,12814,,Turismo,
Argentina,0,3,0,2.5,,bosques ,12814,,bosques ,
Argentina,0,3,0,2.5,,nublado,12814,,nublado,
Argentina,0,3,0,2.5,,simpáticos,12814,,simpáticos,
Argentina,0,3,0,2.5,,Mariachis,12814,,Mariachis,
Argentina,0,3,0,2.5,,Onas,12814,,Onas,
Argentina,0,3,0,2.5,,Futbol,12814,,Futbol,
Argentina,0,3,0,2.5,,Cordilleras,12814,,Cordilleras,
Argentina,0,3,0,2.5,,Diversidad Cultural,12814,,Diversidad Cultural,
Argentina,0,3,0,2.5,,Córdoba La Docta,12814,,Córdoba La Docta,
Argentina,0,3,0,2.5,,Alegría ,12814,,Alegría ,
Argentina,0,3,0,2.5,,Rios,12814,,Rios,
Argentina,0,3,0,2.5,,sierras,12814,,sierras,
Argentina,0,3,0,2.5,,piel negra,12814,,piel negra,
Argentina,0,3,0,2.5,,Cuarteto,12814,,Cuarteto,
Argentina,0,3,0,2.5,,cuarteto,12814,,cuarteto,
Argentina,0,3,0,2.5,,boliches,12814,,boliches,
Argentina,0,3,0,2.5,,religion,12814,,religion,
Argentina,0,3,0,2.5,,guerra,12814,,guerra,
Argentina,0,3,0,2.5,,familiero,12814,,familiero,
Argentina,0,3,0,2.5,,atrevidos,12814,,atrevidos,
Argentina,0,3,0,2.5,,divertidos,12814,,divertidos,
Argentina,0,3,0,2.5,,alegres,12814,,alegres,
Argentina,0,3,0,2.5,,liberales,12814,,liberales,
Argentina,0,3,0,2.5,,ordenados,12814,,ordenados,
Argentina,0,3,0,2.5,,felices,12814,,felices,
Argentina,0,3,0,2.5,,egocentricos,12814,,egocentricos,
Argentina,0,3,0,2.5,,bolivia,12814,,bolivia,
Argentina,0,3,0,2.5,,Chile,12814,,Chile,
Argentina,0,3,0,2.5,,Bolivia,12814,,Bolivia,
Argentina,0,3,0,2.5,,vino,12814,,vino,
Argentina,0,3,0,2.5,,verano,12814,,verano,
Argentina,0,3,0,2.5,,cerro de los 7 colores,12814,,cerro de los 7 colores,
Argentina,0,3,0,2.5,,mileistas,12814,,mileistas,
Argentina,0,3,0,2.5,,avistaje de ballenas,12814,,avistaje de ballenas,
Argentina,0,3,0,2.5,,carnaval,12814,,carnaval,
Argentina,0,3,0,2.5,,genocidio,12814,,genocidio,
Argentina,0,3,0,2.5,,teatros,12814,,teatros,
Argentina,0,3,0,2.5,,Gesta de Malvinas,12814,,Gesta de Malvinas,
Argentina,0,3,0,2.5,,nativos,12814,,nativos,
Argentina,0,3,0,2.5,,canguros,12814,,canguros,
Argentina,0,3,0,2.5,,Características,12814,,Características,
Argentina,0,3,0,2.5,,GANADOR,12814,,GANADOR,
Argentina,0,3,0,2.5,,comerciante,12814,,comerciante,
Argentina,0,3,0,2.5,,gritones,12814,,gritones,
Argentina,0,3,0,2.5,, temperamentales,12814,, temperamentales,
Argentina,0,3,0,2.5,,limpieza,12814,,limpieza,
Argentina,0,3,0,2.5,, trabajo en equipo,12814,, trabajo en equipo,
Argentina,0,3,0,2.5,, bien común,12814,, bien común,
Argentina,0,3,0,2.5,,simpáticos,12814,,simpáticos,
Argentina,0,3,0,2.5,, sinverguenzas,12814,, sinverguenzas,
Argentina,0,3,0,2.5,, ingeniosos,12814,, ingeniosos,
Argentina,0,3,0,2.5,,dictadura,12814,,dictadura,
Argentina,0,3,0,2.5,,peligroso,12814,,peligroso,
Argentina,0,3,0,2.5,, impredecible,12814,, impredecible,
Argentina,0,3,0,2.5,,héroes de Malvinas,12814,,héroes de Malvinas,
Argentina,0,3,0,2.5,, patria,12814,, patria,
Argentina,0,3,0,2.5,, fecha patria,12814,, fecha patria,
Argentina,0,3,0,2.5,,diversidad cultural,12814,,diversidad cultural,
Argentina,0,3,0,2.5,,fiesta,12814,,fiesta,
Argentina,0,3,0,2.5,, bebidas,12814,, bebidas,
Argentina,0,3,0,2.5,, disfrute,12814,, disfrute,
Argentina,0,3,0,2.5,, caluroso,12814,, caluroso,
Argentina,0,3,0,2.5,, playas,12814,, playas,
Argentina,0,3,0,2.5,,numerosos,12814,,numerosos,
Argentina,0,3,0,2.5,, asiáticos,12814,, asiáticos,
Argentina,0,3,0,2.5,,pirámides,12814,,pirámides,
Argentina,0,3,0,2.5,, machismo,12814,, machismo,
Argentina,0,3,0,2.5,, arena,12814,, arena,
Argentina,0,3,0,2.5,, desierto,12814,, desierto,
Argentina,0,3,0,2.5,,comda ,12814,,comda ,
Argentina,0,3,0,2.5,,cultura,12814,,cultura,
Argentina,0,3,0,2.5,,mucha poblacion,12814,,mucha poblacion,
Argentina,0,3,0,2.5,,religion,12814,,religion,
Argentina,0,3,0,2.5,,musica. baile,12814,,musica. baile,
Argentina,0,3,0,2.5,,buena comida,12814,,buena comida,
Argentina,0,3,0,2.5,,tecnologia,12814,,tecnologia,
Argentina,0,3,0,2.5,,desarrollo,12814,,desarrollo,
Argentina,0,3,0,2.5,,minerales,12814,,minerales,
Argentina,0,3,0,2.5,,desarrollo tecnologico,12814,,desarrollo tecnologico,
Argentina,0,3,0,2.5,,guerra,12814,,guerra,
Argentina,0,3,0,2.5,,pastas,12814,,pastas,
Argentina,0,3,0,2.5,,pais de nacionalidad criolla,12814,,pais de nacionalidad criolla,
Argentina,0,3,0,2.5,,procer,12814,,procer,
Argentina,0,3,0,2.5,,Mate,12814,,Mate,
Argentina,0,3,0,2.5,,Danza foloclorica,12814,,Danza foloclorica,
Argentina,0,3,0,2.5,,Montañas,12814,,Montañas,
Argentina,0,3,0,2.5,,faraon,12814,,faraon,
Argentina,0,3,0,2.5,,limite geografico,12814,,limite geografico,
Argentina,0,3,0,2.5,,partido de futbol,12814,,partido de futbol,
Argentina,0,3,0,2.5,,latinos,12814,,latinos,
Argentina,0,3,0,2.5,,perfumes,12814,,perfumes,
Argentina,0,3,0,2.5,,persona audaz,12814,,persona audaz,
Argentina,0,3,0,2.5,,guerra,12814,,guerra,
Argentina,0,3,0,2.5,, actos,12814,, actos,
Argentina,0,3,0,2.5,,personas de color de pelo rubio,12814,,personas de color de pelo rubio,
Argentina,0,3,0,2.5,,persona que se rie de otra por ser de una clase media baja,12814,,persona que se rie de otra por ser de una clase media baja,
Argentina,0,3,0,2.5,,fragancia,12814,,fragancia,
Argentina,0,3,0,2.5,,petroleo,12814,,petroleo,
Argentina,0,3,0,2.5,, árabe,12814,, árabe,
Argentina,0,3,0,2.5,, Golfo,12814,, Golfo,
Argentina,0,3,0,2.5,,procer persona destacada o heroica,12814,,procer persona destacada o heroica,
Argentina,0,3,0,2.5,,partidos de futlbol,12814,,partidos de futlbol,
Argentina,0,3,0,2.5,,hace referencia a una persona linda o a algo lindo,12814,,hace referencia a una persona linda o a algo lindo,
Argentina,0,3,0,2.5,,una persona nacida en determinado lugar,12814,,una persona nacida en determinado lugar,
Argentina,0,3,0,2.5,,persona agradable que no siente verguenza y es ingenioso,12814,,persona agradable que no siente verguenza y es ingenioso,
Argentina,0,3,0,2.5,,locro criollo,12814,,locro criollo,
Argentina,0,3,0,2.5,,musica,12814,,musica,
Argentina,0,3,0,2.5,,petróleo,12814,,petróleo,
Argentina,0,3,0,2.5,, golfo Persico.,12814,, golfo Persico.,
Argentina,0,3,0,2.5,,ingles,12814,,ingles,
Argentina,0,3,0,2.5,,soberbios,12814,,soberbios,
Argentina,0,3,0,2.5,,pobres,12814,,pobres,
Argentina,0,3,0,2.5,,vagos,12814,,vagos,
Argentina,0,3,0,2.5,,divertidos,12814,,divertidos,
Argentina,0,3,0,2.5,,soberbios,12814,,soberbios,
Argentina,0,3,0,2.5,,tradicionalistas,12814,,tradicionalistas,
Argentina,0,3,0,2.5,,revolucionarios,12814,,revolucionarios,
Argentina,0,3,0,2.5,,alegres,12814,,alegres,
Argentina,0,3,0,2.5,,refinados,12814,,refinados,
Argentina,0,3,0,2.5,,fanfarrones,12814,,fanfarrones,
Argentina,0,3,0,2.5,,trabajadores,12814,,trabajadores,
Argentina,0,3,0,2.5,,bailarines,12814,,bailarines,
Argentina,0,3,0,2.5,,tradicionalistas,12814,,tradicionalistas,
Argentina,0,3,0,2.5,,cultos,12814,,cultos,
Argentina,0,3,0,2.5,,relajados,12814,,relajados,
Argentina,0,3,0,2.5,,Desocupados,12814,,Desocupados,
Argentina,0,3,0,2.5,,orden,12814,,orden,
Argentina,0,3,0,2.5,,amantes del futbol,12814,,amantes del futbol,
Argentina,0,3,0,2.5,,mujeriegos (los turcos),12814,,mujeriegos (los turcos),
Argentina,0,3,0,2.5,,pedantes,12814,,pedantes,
Argentina,0,3,0,2.5,,sociedad conservadora,12814,,sociedad conservadora,
Argentina,0,3,0,2.5,,capitalistas,12814,,capitalistas,
Argentina,0,3,0,2.5,,amantes del tango,12814,,amantes del tango,
Argentina,0,3,0,2.5,,futboleros,12814,,futboleros,
Argentina,0,3,0,2.5,,inmigrantes europeos,12814,,inmigrantes europeos,
Argentina,0,3,0,2.5,,amistosos,12814,,amistosos,
Argentina,0,3,0,2.5,,comida picante,12814,,comida picante,
Argentina,0,3,0,2.5,,campeón mundial,12814,,campeón mundial,
Argentina,0,3,0,2.5,,ventajeros,12814,,ventajeros,
Argentina,0,3,0,2.5,,Alegres,12814,,Alegres,
Argentina,0,3,0,2.5,,mate,12814,,mate,
Argentina,0,3,0,2.5,,futboleros,12814,,futboleros,
Argentina,0,3,0,2.5,,organizados,12814,,organizados,
Argentina,0,3,0,2.5,,Mascar coca,12814,,Mascar coca,
Argentina,0,3,0,2.5,,Bélicos,12814,,Bélicos,
Argentina,0,3,0,2.5,,Serios,12814,,Serios,
Argentina,0,3,0,2.5,,Pasionales,12814,,Pasionales,
Argentina,0,3,0,2.5,,Divertidos,12814,,Divertidos,
Argentina,0,3,0,2.5,,Carnaval,12814,,Carnaval,
Argentina,0,3,0,2.5,,Asesinos,12814,,Asesinos,
Argentina,0,3,0,2.5,,Comida típica,12814,,Comida típica,
Argentina,0,3,0,2.5,,Miseria,12814,,Miseria,
Argentina,0,3,0,2.5,,Serios,12814,,Serios,
Argentina,0,3,0,2.5,,Pasión,12814,,Pasión,
Argentina,0,3,0,2.5,,Abiertos,12814,,Abiertos,
Argentina,0,3,0,2.5,,Alegres,12814,,Alegres,
Argentina,0,3,0,2.5,,Amistosos,12814,,Amistosos,
Argentina,0,3,0,2.5,,Educados,12814,,Educados,
Argentina,0,3,0,2.5,,Sociables,12814,,Sociables,
Argentina,0,3,0,2.5,,Calidos,12814,,Calidos,
Argentina,0,3,0,2.5,,Sociables,12814,,Sociables,
Argentina,0,3,0,2.5,,liberales,12814,,liberales,
Argentina,0,3,0,2.5,,Trabajadores,12814,,Trabajadores,
Argentina,0,3,0,2.5,,festivos,12814,,festivos,
Argentina,0,3,0,2.5,,trabajadores,12814,,trabajadores,
Argentina,0,3,0,2.5,,amigables,12814,,amigables,
Argentina,0,3,0,2.5,,compatriotas,12814,,compatriotas,
Argentina,0,3,0,2.5,,rectos,12814,,rectos,
Argentina,0,3,0,2.5,,sonrientes,12814,,sonrientes,
Argentina,0,3,0,2.5,,culturales,12814,,culturales,
Argentina,0,3,0,2.5,,Tranquilos,12814,,Tranquilos,
Argentina,0,3,0,2.5,,apasionados,12814,,apasionados,
Argentina,0,3,0,2.5,,Fuertes,12814,,Fuertes,
Argentina,0,3,0,2.5,,Altos,12814,,Altos,
Argentina,0,3,0,2.5,,Sonrientes,12814,,Sonrientes,
Argentina,0,3,0,2.5,,Extrovertidos,12814,,Extrovertidos,
Argentina,0,3,0,2.5,,Expresivo,12814,,Expresivo,
Argentina,0,3,0,2.5,,Amigables,12814,,Amigables,
Argentina,0,3,0,2.5,,Amables,12814,,Amables,
Argentina,0,3,0,2.5,,resilencia,12814,,resilencia,
Argentina,0,3,0,2.5,, amabilidad,12814,, amabilidad,
Argentina,0,3,0,2.5,, solidaridad,12814,, solidaridad,
Argentina,0,3,0,2.5,,tango,12814,,tango,
Argentina,0,3,0,2.5,,petroleo,12814,,petroleo,
Argentina,0,3,0,2.5,,amigos ,12814,,amigos ,
Argentina,0,3,0,2.5,,tradiciones,12814,,tradiciones,
Argentina,0,3,0,2.5,,cuarteto,12814,,cuarteto,
Argentina,0,3,0,2.5,,fiesteros,12814,,fiesteros,
Argentina,0,3,0,2.5,,Pensamiento crítico ,12814,,Pensamiento crítico ,
Argentina,0,3,0,2.5,,“hospitalarios” o “bailarines,12814,,“hospitalarios” o “bailarines,
Argentina,0,3,0,2.5,,Siberia,12814,,Siberia,
Argentina,0,3,0,2.5,," por la idea de resistencia al clima extremo.
Baviera",12814,," por la idea de resistencia al clima extremo.
Baviera",
Argentina,0,3,0,2.5,," asociada culturalmente con fortaleza y tradición física.
Texas",12814,," asociada culturalmente con fortaleza y tradición física.
Texas",
Argentina,0,3,0,2.5,," por estereotipos de rudeza y trabajo físico.
Escandinavia",12814,," por estereotipos de rudeza y trabajo físico.
Escandinavia",
Argentina,0,3,0,2.5,, vinculada a resistencia física y deportes.,12814,, vinculada a resistencia física y deportes.,
Argentina,0,3,0,2.5,,“apasionados”,12814,,“apasionados”,
Argentina,0,3,0,2.5,, “amistosos”,12814,, “amistosos”,
Argentina,0,3,0,2.5,, “futboleros” o “orgullosos de su cultura”,12814,, “futboleros” o “orgullosos de su cultura”,
Argentina,0,3,0,2.5,,“disciplinados”,12814,,“disciplinados”,
Argentina,0,3,0,2.5,, “puntuales”,12814,, “puntuales”,
Argentina,0,3,0,2.5,,multicultural,12814,,multicultural,
Argentina,0,3,0,2.5,,Tradicionales,12814,,Tradicionales,
Argentina,0,3,0,2.5,,Amistosos,12814,,Amistosos,
Argentina,0,3,0,2.5,,alegría ,12814,,alegría ,
Argentina,0,3,0,2.5,,Bailadores,12814,,Bailadores,
Argentina,0,3,0,2.5,,respetuosos,12814,,respetuosos,
Argentina,0,3,0,2.5,,Amantes de la naturaleza,12814,,Amantes de la naturaleza,
Argentina,0,3,0,2.5,,romanticos,12814,,romanticos,
Argentina,0,3,0,2.5,,Historico,12814,,Historico,
Argentina,0,3,0,2.5,,tecnologica,12814,,tecnologica,
Argentina,0,3,0,2.5,,historicos,12814,,historicos,
Argentina,0,3,0,2.5,,JODON,12814,,JODON,
Argentina,0,3,0,2.5,,Humanos ,12814,,Humanos ,
Argentina,0,3,0,2.5,,Soberbios,12814,,Soberbios,
Argentina,0,3,0,2.5,,Bellos,12814,,Bellos,
Argentina,0,3,0,2.5,,Asado,12814,,Asado,
Argentina,0,3,0,2.5,,Campeón ,12814,,Campeón ,
Argentina,0,3,0,2.5,,Parce ,12814,,Parce ,
Argentina,0,3,0,2.5,,Wey,12814,,Wey,
Argentina,0,3,0,2.5,,Alegres,12814,,Alegres,
Argentina,0,3,0,2.5,, hospitalarios,12814,, hospitalarios,
Argentina,0,3,0,2.5,, prósperos,12814,, prósperos,
Argentina,0,3,0,2.5,, acogedores.,12814,, acogedores.,
Argentina,0,3,0,2.5,,talento,12814,,talento,
Argentina,0,3,0,2.5,,cafe,12814,,cafe,
Argentina,0,3,0,2.5,,deportista,12814,,deportista,
Argentina,0,3,0,2.5,,desafiantes,12814,,desafiantes,
Argentina,0,3,0,2.5,,consistentes,12814,,consistentes,
Argentina,0,3,0,2.5,,exaltados,12814,,exaltados,
Argentina,0,3,0,2.5,,trabajdores,12814,,trabajdores,
Argentina,0,3,0,2.5,,patrioticos,12814,,patrioticos,
Argentina,0,3,0,2.5,,inteligencia,12814,,inteligencia,
Argentina,0,3,0,2.5,,juegos olimpicos,12814,,juegos olimpicos,
Argentina,0,3,0,2.5,,pobreza,12814,,pobreza,
Argentina,0,3,0,2.5,,materos,12814,,materos,
Argentina,0,3,0,2.5,,amigables,12814,,amigables,
Argentina,0,3,0,2.5,,amigables,12814,,amigables,
Argentina,0,3,0,2.5,,trabajadores,12814,,trabajadores,
Argentina,0,3,0,2.5,,Caracter,12814,,Caracter,
Argentina,0,3,0,2.5,,MATE,12814,,MATE,
Argentina,0,3,0,2.5,,aLEGRES,12814,,aLEGRES,
Argentina,0,3,0,2.5,,Atemorizados,12814,,Atemorizados,
Argentina,0,3,0,2.5,,Nacionalistas,12814,,Nacionalistas,
Argentina,0,3,0,2.5,,Hospitalarios,12814,,Hospitalarios,
Argentina,0,3,0,2.5,,Educados,12814,,Educados,
Argentina,0,3,0,2.5,,Alegres,12814,,Alegres,
Argentina,0,3,0,2.5,,Hospitalarios y felices,12814,,Hospitalarios y felices,
Argentina,0,3,0,2.5,,felices,12814,,felices,
Argentina,0,3,0,2.5,, contentos,12814,, contentos,
Argentina,0,3,0,2.5,, buena onda,12814,, buena onda,
Argentina,0,3,0,2.5,,Vivaces,12814,,Vivaces,
Argentina,0,3,0,2.5,, fiesteros,12814,, fiesteros,
Argentina,0,3,0,2.5,,comidas tipicas,12814,,comidas tipicas,
Argentina,0,3,0,2.5,,BAILES,12814,,BAILES,
Argentina,0,3,0,2.5,, DANZAS,12814,, DANZAS,
Argentina,0,3,0,2.5,,piramides,12814,,piramides,
Argentina,0,3,0,2.5,, faraones,12814,, faraones,
Argentina,0,3,0,2.5,, momias,12814,, momias,
Argentina,0,3,0,2.5,,respeto,12814,,respeto,
Argentina,0,3,0,2.5,,religiosos,12814,,religiosos,
Argentina,0,3,0,2.5,,,12814,,,
Argentina,0,3,0,2.5,,Bailarines,12814,,Bailarines,
Argentina,0,3,0,2.5,, fútbol,12814,, fútbol,
Argentina,0,3,0,2.5,,Futboleros ,12814,,Futboleros ,
Argentina,0,3,0,2.5,,El dulce de leche,12814,,El dulce de leche,
Argentina,0,3,0,2.5,,bailarines,12814,,bailarines,
Argentina,0,3,0,2.5,,Turismo,12814,,Turismo,
Argentina,0,3,0,2.5,,Petroleros,12814,,Petroleros,
Argentina,0,3,0,2.5,,Tacañería,12814,,Tacañería,
Argentina,0,3,0,2.5,,Extroversión,12814,,Extroversión,
Argentina,0,3,0,2.5,,Practicidad,12814,,Practicidad,
Argentina,0,3,0,2.5,,Astucia,12814,,Astucia,
Argentina,0,3,0,2.5,,Disciplina,12814,,Disciplina,
Argentina,0,3,0,2.5,,Sociabilidad,12814,,Sociabilidad,
Argentina,0,3,0,2.5,,Compartir,12814,,Compartir,
Argentina,0,3,0,2.5,,Audacia,12814,,Audacia,
Argentina,0,3,0,2.5,,Abstracción,12814,,Abstracción,
Argentina,0,3,0,2.5,,Humor e ingenio,12814,,Humor e ingenio,
Argentina,0,3,0,2.5,,Hosquedad,12814,,Hosquedad,
Argentina,0,3,0,2.5,,carnaval,12814,,carnaval,
Argentina,0,3,0,2.5,, fiesta,12814,, fiesta,
Argentina,0,3,0,2.5,, color,12814,, color,
Argentina,0,3,0,2.5,,futbol,12814,,futbol,
Argentina,0,3,0,2.5,, Messi,12814,, Messi,
Argentina,0,3,0,2.5,, familia,12814,, familia,
Argentina,0,3,0,2.5,, mate,12814,, mate,
Argentina,0,3,0,2.5,, dulce de leche,12814,, dulce de leche,
Argentina,0,3,0,2.5,,playa,12814,,playa,
Argentina,0,3,0,2.5,, alegría,12814,, alegría,
Argentina,0,3,0,2.5,, baile,12814,, baile,
Argentina,0,3,0,2.5,, danza,12814,, danza,
Argentina,0,3,0,2.5,, deseo de libertad,12814,, deseo de libertad,
Argentina,0,3,0,2.5,,felices,12814,,felices,
Argentina,0,3,0,2.5,, contentos,12814,, contentos,
Argentina,0,3,0,2.5,, alegres,12814,, alegres,
Argentina,0,3,0,2.5,, familieros,12814,, familieros,
Argentina,0,3,0,2.5,,danza,12814,,danza,
Argentina,0,3,0,2.5,, baile,12814,, baile,
Argentina,0,3,0,2.5,, música,12814,, música,
Argentina,0,3,0,2.5,, colores,12814,, colores,
Argentina,0,3,0,2.5,, alegria,12814,, alegria,
Argentina,0,3,0,2.5,,tradiciones,12814,,tradiciones,
Argentina,0,3,0,2.5,, costumbres,12814,, costumbres,
Argentina,0,3,0,2.5,, religión,12814,, religión,
Argentina,0,3,0,2.5,,invasores,12814,,invasores,
Argentina,0,3,0,2.5,, conquistadores,12814,, conquistadores,
Argentina,0,3,0,2.5,, potencias,12814,, potencias,
Argentina,0,3,0,2.5,,amistosos,12814,,amistosos,
Argentina,0,3,0,2.5,, familieros,12814,, familieros,
Argentina,0,3,0,2.5,,futbol,12814,,futbol,
Argentina,0,3,0,2.5,, camiseta,12814,, camiseta,
Argentina,0,3,0,2.5,, bandera,12814,, bandera,
Argentina,0,3,0,2.5,, colores,12814,, colores,
Argentina,0,3,0,2.5,,productores,12814,,productores,
Argentina,0,3,0,2.5,, fábricas,12814,, fábricas,
Argentina,0,3,0,2.5,, industrias,12814,, industrias,
Argentina,0,3,0,2.5,, desarrollo,12814,, desarrollo,
Argentina,0,3,0,2.5,, barato,12814,, barato,
Argentina,0,3,0,2.5,,constancia,12814,,constancia,
Argentina,0,3,0,2.5,, esmero,12814,, esmero,
Argentina,0,3,0,2.5,, esfuerzo,12814,, esfuerzo,
Argentina,0,3,0,2.5,, compromiso,12814,, compromiso,
Argentina,0,3,0,2.5,, responsabilidad,12814,, responsabilidad,
Argentina,0,3,0,2.5,,perseverantes,12814,,perseverantes,
Argentina,0,3,0,2.5,, luchadores,12814,, luchadores,
Argentina,0,3,0,2.5,, buscavidas,12814,, buscavidas,
Argentina,0,3,0,2.5,,nivel socio económico bajo,12814,,nivel socio económico bajo,
Argentina,0,3,0,2.5,,felices,12814,,felices,
Argentina,0,3,0,2.5,,cafeteros,12814,,cafeteros,
Argentina,0,3,0,2.5,,CHISTOSOS,12814,,CHISTOSOS,
Argentina,0,3,0,2.5,,calida,12814,,calida,
Argentina,0,3,0,2.5,,hospitalaria,12814,,hospitalaria,
Argentina,0,3,0,2.5,,tradicionalista,12814,,tradicionalista,
Argentina,0,3,0,2.5,,Nacionalidad ,12814,,Nacionalidad ,
Argentina,0,3,0,2.5,,hospitalidad,12814,,hospitalidad,
Argentina,0,3,0,2.5,,baile,12814,,baile,
Argentina,0,3,0,2.5,,Narcotráfico,12814,,Narcotráfico,
Argentina,0,3,0,2.5,,Futbol,12814,,Futbol,
Argentina,0,3,0,2.5,,Futbol,12814,,Futbol,
Argentina,0,3,0,2.5,,familia,12814,,familia,
Argentina,0,3,0,2.5,,Comercio,12814,,Comercio,
Argentina,0,3,0,2.5,,Riqueza,12814,,Riqueza,
Argentina,0,3,0,2.5,,Terrorismo,12814,,Terrorismo,
Argentina,0,3,0,2.5,,Conservadurismo,12814,,Conservadurismo,
Argentina,0,3,0,2.5,,Asado,12814,,Asado,
Argentina,0,3,0,2.5,,Tradición,12814,,Tradición,
Argentina,0,3,0,2.5,,hospitalarios,12814,,hospitalarios,
Argentina,0,3,0,2.5,,latinos,12814,,latinos,
Argentina,0,3,0,2.5,,estabilidad económica,12814,,estabilidad económica,
Argentina,0,3,0,2.5,,estabilidad ,12814,,estabilidad ,
Argentina,0,3,0,2.5,,resilientes,12814,,resilientes,
Argentina,0,3,0,2.5,,alegre,12814,,alegre,
Argentina,0,3,0,2.5,,cultos,12814,,cultos,
Argentina,0,3,0,2.5,, inteligentes,12814,, inteligentes,
Argentina,0,3,0,2.5,,pobreza,12814,,pobreza,
Argentina,0,3,0,2.5,,fiestero,12814,,fiestero,
Argentina,0,3,0,2.5,,potencia,12814,,potencia,
Argentina,0,3,0,2.5,,comidas típicas,12814,,comidas típicas,
Argentina,0,3,0,2.5,,Comunismo,12814,,Comunismo,
Argentina,0,3,0,2.5,,lujo,12814,,lujo,
Argentina,0,3,0,2.5,,antiguo,12814,,antiguo,
Argentina,0,3,0,2.5,,hostiles,12814,,hostiles,
Argentina,0,3,0,2.5,, fríos,12814,, fríos,
Argentina,0,3,0,2.5,, antisociales,12814,, antisociales,
Argentina,0,3,0,2.5,,idioma,12814,,idioma,
Argentina,0,3,0,2.5,,Oradores,12814,,Oradores,
Argentina,0,3,0,2.5,,Comidas picantes,12814,,Comidas picantes,
Argentina,0,3,0,2.5,,Cerro de colores,12814,,Cerro de colores,
Argentina,0,3,0,2.5,,Petroleo,12814,,Petroleo,
Argentina,0,3,0,2.5,,Frio,12814,,Frio,
Argentina,0,3,0,2.5,, viento,12814,, viento,
Argentina,0,3,0,2.5,, nieve,12814,, nieve,
Argentina,0,3,0,2.5,,color oscuro en la piel,12814,,color oscuro en la piel,
Argentina,0,3,0,2.5,,mar,12814,,mar,
Argentina,0,3,0,2.5,, calor,12814,, calor,
Argentina,0,3,0,2.5,,fiestas en la playa,12814,,fiestas en la playa,
Argentina,0,3,0,2.5,,Festivo,12814,,Festivo,
Argentina,0,3,0,2.5,,Pescado,12814,,Pescado,
Argentina,0,3,0,2.5,,Blancos,12814,,Blancos,
Argentina,0,3,0,2.5,,Alegres,12814,,Alegres,
Argentina,0,3,0,2.5,,Europero,12814,,Europero,
Argentina,0,3,0,2.5,,region ,12814,,region ,
Argentina,0,3,0,2.5,,vodka,12814,,vodka,
Argentina,0,3,0,2.5,,asado,12814,,asado,
Argentina,0,3,0,2.5,,fuera del mundial ,12814,,fuera del mundial ,
Argentina,0,3,0,2.5,,mate,12814,,mate,
Argentina,0,3,0,2.5,,carnaval,12814,,carnaval,
Argentina,0,3,0,2.5,,futbol ,12814,,futbol ,
Argentina,0,3,0,2.5,,inflación,12814,,inflación,
Argentina,0,3,0,2.5,,amistosos,12814,,amistosos,
Argentina,0,3,0,2.5,,alegres,12814,,alegres,
Argentina,0,3,0,2.5,,fiesteros,12814,,fiesteros,
Argentina,0,3,0,2.5,, divertidos ,12814,, divertidos ,
Argentina,0,3,0,2.5,,amigables,12814,,amigables,
Argentina,0,3,0,2.5,,no sociables,12814,,no sociables,
Argentina,0,3,0,2.5,,son expresivos,12814,,son expresivos,
Argentina,0,3,0,2.5,,desconocido,12814,,desconocido,
Argentina,0,3,0,2.5,,catolicismo,12814,,catolicismo,
Argentina,0,3,0,2.5,, mitología,12814,, mitología,
Argentina,0,3,0,2.5,,frío,12814,,frío,
Argentina,0,3,0,2.5,,intelecto,12814,,intelecto,
Argentina,0,3,0,2.5,,agricultor,12814,,agricultor,
Argentina,0,3,0,2.5,,pulcros,12814,,pulcros,
Argentina,0,3,0,2.5,,sucios,12814,,sucios,
Argentina,0,3,0,2.5,,peligro,12814,,peligro,
Argentina,0,3,0,2.5,,relojes,12814,,relojes,
Argentina,0,3,0,2.5,,vino,12814,,vino,
Argentina,0,3,0,2.5,,Montañas,12814,,Montañas,
Argentina,0,3,0,2.5,,alegria,12814,,alegria,
Argentina,0,3,0,2.5,,sabana,12814,,sabana,
Argentina,0,3,0,2.5,,amigables,12814,,amigables,
Argentina,0,3,0,2.5,,futbol,12814,,futbol,
Argentina,0,3,0,2.5,,paisajes,12814,,paisajes,
Argentina,0,3,0,2.5,,Playas,12814,,Playas,
Argentina,0,3,0,2.5,,tango,12814,,tango,
Argentina,0,3,0,2.5,,no se,12814,,no se,
Argentina,0,3,0,2.5,,Mate,12814,,Mate,
Argentina,0,3,0,2.5,,Kanguro,12814,,Kanguro,
Argentina,0,3,0,2.5,,Felicidad,12814,,Felicidad,
Argentina,0,3,0,2.5,,Guerra,12814,,Guerra,
Argentina,0,3,0,2.5,,Leer,12814,,Leer,
Argentina,0,3,0,2.5,,Robo,12814,,Robo,
Argentina,0,3,0,2.5,,Animales,12814,,Animales,
Argentina,0,3,0,2.5,,Felicidad,12814,,Felicidad,
Argentina,0,3,0,2.5,,Eficacia,12814,,Eficacia,
Argentina,0,3,0,2.5,,Barco,12814,,Barco,
Argentina,0,3,0,2.5,,amigables ,12814,,amigables ,
Argentina,0,3,0,2.5,,divertidos ,12814,,divertidos ,
Argentina,0,3,0,2.5,,Frios/distantes ,12814,,Frios/distantes ,
Argentina,0,3,0,2.5,,Amigables ,12814,,Amigables ,
Argentina,0,3,0,2.5,,fanfarron ,12814,,fanfarron ,
Argentina,0,3,0,2.5,,pirámides,12814,,pirámides,
Argentina,0,3,0,2.5,,mate,12814,,mate,
Argentina,0,3,0,2.5,,Nazismo,12814,,Nazismo,
Argentina,0,3,0,2.5,,futbol,12814,,futbol,
Argentina,0,3,0,2.5,,mate,12814,,mate,
Argentina,0,3,0,2.5,,monumentos emblematicos,12814,,monumentos emblematicos,
Argentina,0,3,0,2.5,,riqueza,12814,,riqueza,
Argentina,0,3,0,2.5,,pobreza,12814,,pobreza,
Argentina,0,3,0,2.5,,alegre,12814,,alegre,
Argentina,0,3,0,2.5,,honestos,12814,,honestos,
Argentina,0,3,0,2.5,,amables,12814,,amables,
Argentina,0,3,0,2.5,,limpieza,12814,,limpieza,
Argentina,0,3,0,2.5,,Amistad,12814,,Amistad,
Argentina,0,3,0,2.5,,patria,12814,,patria,
Argentina,0,3,0,2.5,,SUBCAMPEON,12814,,SUBCAMPEON,
Argentina,0,3,0,2.5,,CARNAVAL,12814,,CARNAVAL,
Argentina,0,3,0,2.5,,alegres,12814,,alegres,
Argentina,0,3,0,2.5,,divertidos,12814,,divertidos,
Argentina,0,3,0,2.5,,especies,12814,,especies,
Argentina,0,3,0,2.5,,alguien tranquilo,12814,,alguien tranquilo,
Argentina,0,3,0,2.5,,no se,12814,,no se,
Argentina,0,3,0,2.5,,inestabilidad economica,12814,,inestabilidad economica,
Argentina,0,3,0,2.5,,la verdad no se,12814,,la verdad no se,
Argentina,0,3,0,2.5,,divertidos,12814,,divertidos,
Argentina,0,3,0,2.5,,se respeta a los adultos,12814,,se respeta a los adultos,
Argentina,0,3,0,2.5,,comidas condimentadas,12814,,comidas condimentadas,
Argentina,0,3,0,2.5,,criollos,12814,,criollos,
Argentina,0,3,0,2.5,,excelencia academica,12814,,excelencia academica,
Argentina,0,3,0,2.5,,catolicos,12814,,catolicos,
Argentina,0,3,0,2.5,,asado,12814,,asado,
Argentina,0,3,0,2.5,,seguridad,12814,,seguridad,
Argentina,0,3,0,2.5,,fiesteros,12814,,fiesteros,
Argentina,0,3,0,2.5,,contacto corporal,12814,,contacto corporal,
Argentina,0,3,0,2.5,,latinos,12814,,latinos,
Argentina,0,3,0,2.5,,asado,12814,,asado,
Argentina,0,3,0,2.5,,baile,12814,,baile,
Argentina,0,3,0,2.5,,no conozco,12814,,no conozco,
Argentina,0,3,0,2.5,,hablan en voz alta,12814,,hablan en voz alta,
Argentina,0,3,0,2.5,,Trabajadores,12814,,Trabajadores,
Argentina,0,3,0,2.5,,orden,12814,,orden,
Argentina,0,3,0,2.5,,Hispanohablante,12814,,Hispanohablante,
Argentina,0,3,0,2.5,,aleges,12814,,aleges,
Argentina,0,3,0,2.5,,Precursora,12814,,Precursora,
Argentina,0,3,0,2.5,,Belleza,12814,,Belleza,
Argentina,0,3,0,2.5,,cantantes,12814,,cantantes,
Argentina,0,3,0,2.5,, bailarines ,12814,, bailarines ,
Argentina,0,3,0,2.5,,La cultura,12814,,La cultura,
Argentina,0,3,0,2.5,,El arte,12814,,El arte,
Argentina,0,3,0,2.5,,El paisaje,12814,,El paisaje,
Argentina,0,3,0,2.5,,La historia,12814,,La historia,
Argentina,0,3,0,2.5,,diversidad cultural,12814,,diversidad cultural,
Argentina,0,3,0,2.5,,cordillera,12814,,cordillera,
Argentina,0,3,0,2.5,, inca,12814,, inca,
Argentina,0,3,0,2.5,,América Central,12814,,América Central,
Argentina,0,3,0,2.5,,asiaticos,12814,,asiaticos,
Argentina,0,3,0,2.5,,playa,12814,,playa,
Argentina,0,3,0,2.5,,organizacion,12814,,organizacion,
Argentina,0,3,0,2.5,,mate,12814,,mate,
Argentina,0,3,0,2.5,,turismo,12814,,turismo,
Argentina,0,3,0,2.5,,comunidad,12814,,comunidad,
Argentina,0,3,0,2.5,,puntualidad,12814,,puntualidad,
Argentina,0,3,0,2.5,,petroleo,12814,,petroleo,
Argentina,0,3,0,2.5,,musulman,12814,,musulman,
Argentina,0,3,0,2.5,,mate,12814,,mate,
Argentina,0,3,0,2.5,,cordillera,12814,,cordillera,
Argentina,0,3,0,2.5,,futbol,12814,,futbol,
Argentina,0,3,0,2.5,,alegres,12814,,alegres,
Argentina,0,3,0,2.5,,cultura,12814,,cultura,
Argentina,0,3,0,2.5,,rigides,12814,,rigides,
Argentina,0,3,0,2.5,,futbol,12814,,futbol,
Argentina,0,3,0,2.5,,cultura,12814,,cultura,
Argentina,0,3,0,2.5,,acuifero,12814,,acuifero,
Argentina,0,3,0,2.5,,diversidad cultural,12814,,diversidad cultural,
Argentina,0,3,0,2.5,,cultura,12814,,cultura,
Argentina,0,3,0,2.5,,futbol,12814,,futbol,
Argentina,0,3,0,2.5,,diversidad,12814,,diversidad,
Argentina,0,3,0,2.5,,pirinreos,12814,,pirinreos,
Argentina,0,3,0,2.5,,apasionado,12814,,apasionado,
Argentina,0,3,0,2.5,,auroras boreales,12814,,auroras boreales,
Argentina,0,3,0,2.5,,valores,12814,,valores,
Argentina,0,3,0,2.5,,cultura,12814,,cultura,
Argentina,0,3,0,2.5,,amor,12814,,amor,
Argentina,0,3,0,2.5,,futbnol,12814,,futbnol,
Argentina,0,3,0,2.5,,frio,12814,,frio,
Argentina,0,3,0,2.5,,comida regional,12814,,comida regional,
Argentina,0,3,0,2.5,,hospitalidad,12814,,hospitalidad,
Argentina,0,3,0,2.5,,pasión,12814,,pasión,
Argentina,0,3,0,2.5,, reuniones,12814,, reuniones,
Argentina,0,3,0,2.5,, amigos,12814,, amigos,
Argentina,0,3,0,2.5,,naturaleza,12814,,naturaleza,
Argentina,0,3,0,2.5,, aire libre,12814,, aire libre,
Argentina,0,3,0,2.5,,diciplina,12814,,diciplina,
Argentina,0,3,0,2.5,, respeto ,12814,, respeto ,
Argentina,0,3,0,2.5,,hospitalidad,12814,,hospitalidad,
Argentina,0,3,0,2.5,, tradiciones,12814,, tradiciones,
Argentina,0,3,0,2.5,,clima tropical,12814,,clima tropical,
Argentina,0,3,0,2.5,, tranquilidad,12814,, tranquilidad,
Argentina,0,3,0,2.5,, disfrute,12814,, disfrute,
Argentina,0,3,0,2.5,,organización,12814,,organización,
Argentina,0,3,0,2.5,,simpáticos,12814,,simpáticos,
Argentina,0,3,0,2.5,, amigos,12814,, amigos,
Argentina,0,3,0,2.5,,modernización,12814,,modernización,
Argentina,0,3,0,2.5,,fútbol,12814,,fútbol,
Argentina,0,3,0,2.5,, música,12814,, música,
Argentina,0,3,0,2.5,, costumbres,12814,, costumbres,
Argentina,0,3,0,2.5,,pirámides,12814,,pirámides,
Argentina,0,3,0,2.5,,alegria,12814,,alegria,
Argentina,0,3,0,2.5,,futbolero,12814,,futbolero,
Argentina,0,3,0,2.5,,No conozco la nacionalidad,12814,,No conozco la nacionalidad,
Argentina,0,3,0,2.5,,asado,12814,,asado,
Argentina,0,3,0,2.5,, empanadas,12814,, empanadas,
Argentina,0,3,0,2.5,, tango,12814,, tango,
Argentina,0,3,0,2.5,,mate,12814,,mate,
Argentina,0,3,0,2.5,,guerra,12814,,guerra,
Argentina,0,3,0,2.5,, armas,12814,, armas,
Argentina,0,3,0,2.5,, petróleo,12814,, petróleo,
Argentina,0,3,0,2.5,,corrupción,12814,,corrupción,
Argentina,0,3,0,2.5,,música,12814,,música,
Argentina,0,3,0,2.5,,baseball,12814,,baseball,
Argentina,0,3,0,2.5,,guaraní,12814,,guaraní,
Argentina,0,3,0,2.5,,ninguna,12814,,ninguna,
Argentina,0,3,0,2.5,,anime,12814,,anime,
Argentina,0,3,0,2.5,,picante,12814,,picante,
Argentina,0,3,0,2.5,,canguros,12814,,canguros,
Argentina,0,3,0,2.5,,le gusta bailar.,12814,,le gusta bailar.,
Argentina,0,3,0,2.5,,intelectual,12814,,intelectual,
Argentina,0,3,0,2.5,,chamameseros,12814,,chamameseros,
Argentina,0,3,0,2.5,,Chocolate,12814,,Chocolate,
Argentina,0,3,0,2.5,,bailarines de salsa.,12814,,bailarines de salsa.,
Argentina,0,3,0,2.5,,secuestro,12814,,secuestro,
Argentina,0,3,0,2.5,,chipa,12814,,chipa,
Argentina,0,3,0,2.5,,Cerveza,12814,,Cerveza,
Argentina,0,3,0,2.5,,Productivo,12814,,Productivo,
Argentina,0,3,0,2.5,,malos,12814,,malos,
Argentina,0,3,0,2.5,,mafias,12814,,mafias,
Argentina,0,3,0,2.5,,Desamparados,12814,,Desamparados,
Argentina,0,3,0,2.5,,Chocolate dubai,12814,,Chocolate dubai,
Argentina,0,3,0,2.5,,Robo ,12814,,Robo ,
Argentina,0,3,0,2.5,,Biscochitos,12814,,Biscochitos,
Argentina,0,3,0,2.5,,Globalización,12814,,Globalización,
Argentina,0,3,0,2.5,,Narcotrafico,12814,,Narcotrafico,
Argentina,0,3,0,2.5,,Picante,12814,,Picante,
Argentina,0,3,0,2.5,, tacos,12814,, tacos,
Argentina,0,3,0,2.5,, tequila,12814,, tequila,
Argentina,0,3,0,2.5,,Orden,12814,,Orden,
Argentina,0,3,0,2.5,, desarrollados,12814,, desarrollados,
Argentina,0,3,0,2.5,, globalizados,12814,, globalizados,
Argentina,0,3,0,2.5,,Fernet con coca cola,12814,,Fernet con coca cola,
Argentina,0,3,0,2.5,,Predispuesto,12814,,Predispuesto,
Argentina,0,3,0,2.5,,Sopa paraguaya,12814,,Sopa paraguaya,
Argentina,0,3,0,2.5,, humita,12814,, humita,
Argentina,0,3,0,2.5,,Cerveza ,12814,,Cerveza ,
Argentina,0,3,0,2.5,,´d,12814,,´d,
Argentina,0,3,0,2.5,,comidas picantes ,12814,,comidas picantes ,
Argentina,0,3,0,2.5,,pasionales,12814,,pasionales,
Argentina,0,3,0,2.5,,dormilones,12814,,dormilones,
Argentina,0,3,0,2.5,,Arrogantes ,12814,,Arrogantes ,
Argentina,0,3,0,2.5,,familieros,12814,,familieros,
Argentina,0,3,0,2.5,,fiesteros ,12814,,fiesteros ,
Argentina,0,3,0,2.5,,machismo,12814,,machismo,
Argentina,0,3,0,2.5,,machismo,12814,,machismo,
Argentina,0,3,0,2.5,,cuarteto,12814,,cuarteto,
Argentina,0,3,0,2.5,,cuarteto,12814,,cuarteto,
Argentina,0,3,0,2.5,,creadores,12814,,creadores,
Argentina,0,3,0,2.5,,tecnologia,12814,,tecnologia,
Argentina,0,3,0,2.5,,playas,12814,,playas,
Argentina,0,3,0,2.5,,civilización maya,12814,,civilización maya,
Argentina,0,3,0,2.5,,Si bien es una cultura con mucha historia,12814,,Si bien es una cultura con mucha historia,
Argentina,0,3,0,2.5,, es esa historia la que hace al estereotipo de una sociedad donde el oro pertenecia a pocos y la pobreza a la mayoria,12814,, es esa historia la que hace al estereotipo de una sociedad donde el oro pertenecia a pocos y la pobreza a la mayoria,
Argentina,0,3,0,2.5,,Por la historia se cree que la riqueza pertenece a pocos y la pobreza a muchos,12814,,Por la historia se cree que la riqueza pertenece a pocos y la pobreza a muchos,
Argentina,0,3,0,2.5,,mate,12814,,mate,
Argentina,0,3,0,2.5,,costumbres ideológicas antiguas,12814,,costumbres ideológicas antiguas,
Argentina,0,3,0,2.5,,Aglomeracion  urbana,12814,,Aglomeracion  urbana,
Argentina,0,3,0,2.5,,Provincia con poblacion de grupos originarios ,12814,,Provincia con poblacion de grupos originarios ,
Argentina,0,3,0,2.5,,historia,12814,,historia,
Argentina,0,3,0,2.5,, cultura,12814,, cultura,
Argentina,0,3,0,2.5,, pirámides,12814,, pirámides,
Argentina,0,3,0,2.5,, desierto. ,12814,, desierto. ,
Argentina,0,3,0,2.5,,Pirámides,12814,,Pirámides,
Argentina,0,3,0,2.5,, Historia,12814,, Historia,
Argentina,0,3,0,2.5,, Desierto. ,12814,, Desierto. ,
Argentina,0,3,0,2.5,,Por la historia se cree,12814,,Por la historia se cree,
Argentina,0,3,0,2.5,, que la riqueza es de pocos y la pobreza de la mayoria. ,12814,, que la riqueza es de pocos y la pobreza de la mayoria. ,
Argentina,0,3,0,2.5,,Caluroso,12814,,Caluroso,
Argentina,0,3,0,2.5,,Hambruna,12814,,Hambruna,
Argentina,0,3,0,2.5,,Mar turquesa,12814,,Mar turquesa,
Argentina,0,3,0,2.5,,Frialdad,12814,,Frialdad,
Argentina,0,3,0,2.5,,Ascinamiento ,12814,,Ascinamiento ,
Argentina,0,3,0,2.5,,Historia,12814,,Historia,
Argentina,0,3,0,2.5,,Alegres,12814,,Alegres,
Argentina,0,3,0,2.5,,Innovadores,12814,,Innovadores,
Argentina,0,3,0,2.5,,Sanguinarios,12814,,Sanguinarios,
Argentina,0,3,0,2.5,,Historia,12814,,Historia,
Argentina,0,3,0,2.5,,competitivos,12814,,competitivos,
Argentina,0,3,0,2.5,,pobreza,12814,,pobreza,
Argentina,0,3,0,2.5,,Ritmo,12814,,Ritmo,
Argentina,0,3,0,2.5,,HISTORIA,12814,,HISTORIA,
Argentina,0,3,0,2.5,,MATE,12814,,MATE,
Argentina,0,3,0,2.5,,EDUCACIÓN,12814,,EDUCACIÓN,
Argentina,0,3,0,2.5,,AMERICANOS,12814,,AMERICANOS,
Argentina,0,3,0,2.5,,PASIÓN,12814,,PASIÓN,
Argentina,0,3,0,2.5,,COMIDAS,12814,,COMIDAS,
Argentina,0,3,0,2.5,,LATINOS,12814,,LATINOS,
Argentina,0,3,0,2.5,,INDUSTRIAS,12814,,INDUSTRIAS,
Argentina,0,3,0,2.5,,GUERRA,12814,,GUERRA,
Argentina,0,3,0,2.5,,Pirámides,12814,,Pirámides,
Argentina,0,3,0,2.5,, historia antigua,12814,, historia antigua,
Argentina,0,3,0,2.5,, turismo,12814,, turismo,
Argentina,0,3,0,2.5,, desierto,12814,, desierto,
Argentina,0,3,0,2.5,,El mar y las playas,12814,,El mar y las playas,
Argentina,0,3,0,2.5,,futbol ,12814,,futbol ,
Argentina,0,3,0,2.5,,Buena gastronomia,12814,,Buena gastronomia,
Argentina,0,3,0,2.5,,SIMPÁTICOS,12814,,SIMPÁTICOS,
Argentina,0,3,0,2.5,,Turismo,12814,,Turismo,
Argentina,0,3,0,2.5,,Playas,12814,,Playas,
Argentina,0,3,0,2.5,,Mala economia,12814,,Mala economia,
Argentina,0,3,0,2.5,,Chico,12814,,Chico,
Argentina,0,3,0,2.5,,Pedofilia,12814,,Pedofilia,
Argentina,0,3,0,2.5,,mercado laboral,12814,,mercado laboral,
Argentina,0,3,0,2.5,,subdesarrollado,12814,,subdesarrollado,
Argentina,0,3,0,2.5,,pobre,12814,,pobre,
Argentina,0,3,0,2.5,,pobre,12814,,pobre,
Argentina,0,3,0,2.5,,comunismo,12814,,comunismo,
Argentina,0,3,0,2.5,,pobre,12814,,pobre,
Argentina,0,3,0,2.5,,locro,12814,,locro,
Argentina,0,3,0,2.5,,alegría,12814,,alegría,
Argentina,0,3,0,2.5,,pobre,12814,,pobre,
Argentina,0,3,0,2.5,,analfabetismo,12814,,analfabetismo,
Argentina,0,3,0,2.5,,trabajo en negro,12814,,trabajo en negro,
Argentina,0,3,0,2.5,,pobreza,12814,,pobreza,
Argentina,0,3,0,2.5,,aborigen,12814,,aborigen,
Argentina,0,3,0,2.5,,pobreza,12814,,pobreza,
Argentina,0,3,0,2.5,,cultura,12814,,cultura,
Argentina,0,3,0,2.5,,subdesarrollado,12814,,subdesarrollado,
Argentina,0,3,0,2.5,,cultura,12814,,cultura,
Argentina,0,3,0,2.5,,costumbres,12814,,costumbres,
Argentina,0,3,0,2.5,,baile,12814,,baile,
Argentina,0,3,0,2.5,,naturaleza,12814,,naturaleza,
Argentina,0,3,0,2.5,,playas ,12814,,playas ,
Argentina,0,3,0,2.5,,futbol,12814,,futbol,
Argentina,0,3,0,2.5,,Rituales,12814,,Rituales,
Argentina,0,3,0,2.5,, religiones ,12814,, religiones ,
Argentina,0,3,0,2.5,,Alegría ,12814,,Alegría ,
Argentina,0,3,0,2.5,,Comidas típicas ,12814,,Comidas típicas ,
Argentina,0,3,0,2.5,,Política ,12814,,Política ,
Argentina,0,3,0,2.5,,Moda,12814,,Moda,
Argentina,0,3,0,2.5,,Baile ,12814,,Baile ,
Argentina,0,3,0,2.5,,Comida,12814,,Comida,
Argentina,0,3,0,2.5,,Bebidas ,12814,,Bebidas ,
Argentina,0,3,0,2.5,,Automovilismo ,12814,,Automovilismo ,
Argentina,0,3,0,2.5,,Industria textil ,12814,,Industria textil ,
Argentina,0,3,0,2.5,,Comida,12814,,Comida,
Argentina,0,3,0,2.5,,Educación ,12814,,Educación ,
Argentina,0,3,0,2.5,,Música ,12814,,Música ,
Argentina,0,3,0,2.5,,Industria ,12814,,Industria ,
Argentina,0,3,0,2.5,,Comida,12814,,Comida,
Argentina,0,3,0,2.5,, bebida ,12814,, bebida ,
Argentina,0,3,0,2.5,,CACAO,12814,,CACAO,
Argentina,0,3,0,2.5,,COMUNISMO,12814,,COMUNISMO,
Argentina,0,3,0,2.5,,FUTBOL,12814,,FUTBOL,
Argentina,0,3,0,2.5,,antiguo,12814,,antiguo,
Argentina,0,3,0,2.5,,Historia,12814,,Historia,
Argentina,0,3,0,2.5,,Vagos,12814,,Vagos,
Argentina,0,3,0,2.5,,vagos,12814,,vagos,
Argentina,0,3,0,2.5,,subdesarrollo,12814,,subdesarrollo,
Argentina,0,3,0,2.5,,miseria,12814,,miseria,
Argentina,0,3,0,2.5,,tango,12814,,tango,
Argentina,0,3,0,2.5,,cultura,12814,,cultura,
Argentina,0,3,0,2.5,,corrupción,12814,,corrupción,
Argentina,0,3,0,2.5,,desarrollo,12814,,desarrollo,
Argentina,0,3,0,2.5,,pobreza,12814,,pobreza,
Argentina,0,3,0,2.5,,pobreza,12814,,pobreza,
Argentina,0,3,0,2.5,,empanadas,12814,,empanadas,
Argentina,0,3,0,2.5,,Cultura,12814,,Cultura,
Argentina,0,3,0,2.5,,Aislada ,12814,,Aislada ,
Argentina,0,3,0,2.5,,Muro,12814,,Muro,
Argentina,0,3,0,2.5,,Delincuencia,12814,,Delincuencia,
Argentina,0,3,0,2.5,,Cultura,12814,,Cultura,
Argentina,0,3,0,2.5,,colonial,12814,,colonial,
Argentina,0,3,0,2.5,,Fanatismo,12814,,Fanatismo,
Argentina,0,3,0,2.5,,Alegres,12814,,Alegres,
Argentina,0,3,0,2.5,,Ingleses,12814,,Ingleses,
Argentina,0,3,0,2.5,,Consumismo,12814,,Consumismo,
Argentina,0,3,0,2.5,,Fascismo,12814,,Fascismo,
Argentina,0,3,0,2.5,,Mate,12814,,Mate,
Argentina,0,3,0,2.5,,Arepas,12814,,Arepas,
Argentina,0,3,0,2.5,,Vacaciones,12814,,Vacaciones,
Argentina,0,3,0,2.5,,Salsa música,12814,,Salsa música,
Argentina,0,3,0,2.5,,Café de buena calidad,12814,,Café de buena calidad,
Argentina,0,3,0,2.5,,Comida chipá,12814,,Comida chipá,
Argentina,0,3,0,2.5,,Porteñocentrismo,12814,,Porteñocentrismo,
Argentina,0,3,0,2.5,,Patriotismo,12814,,Patriotismo,
Argentina,0,3,0,2.5,,naturaleza,12814,,naturaleza,
Argentina,0,3,0,2.5,,las gerras,12814,,las gerras,
Argentina,0,3,0,2.5,,Desigualdades económicas,12814,,Desigualdades económicas,
Argentina,0,3,0,2.5,,Serios,12814,,Serios,
Argentina,0,3,0,2.5,,Historia,12814,,Historia,
Argentina,0,3,0,2.5,,pirámide,12814,,pirámide,
Argentina,0,3,0,2.5,,Turismo,12814,,Turismo,
Argentina,0,3,0,2.5,,Arqueología,12814,,Arqueología,
Argentina,0,3,0,2.5,,Civilización,12814,,Civilización,
Argentina,0,3,0,2.5,,Turismo,12814,,Turismo,
Argentina,0,3,0,2.5,,Tecnología,12814,,Tecnología,
Argentina,0,3,0,2.5,,Futbol,12814,,Futbol,
Argentina,0,3,0,2.5,,Gastronomía,12814,,Gastronomía,
Argentina,0,3,0,2.5,,cuarteto,12814,,cuarteto,
Argentina,0,3,0,2.5,,calor,12814,,calor,
Argentina,0,3,0,2.5,,excelente,12814,,excelente,
Argentina,0,3,0,2.5,,ordenado,12814,,ordenado,
Argentina,0,3,0,2.5,,idividualistas,12814,,idividualistas,
Argentina,0,3,0,2.5,,buenos bailarines,12814,,buenos bailarines,
Argentina,0,3,0,2.5,,estudiosos,12814,,estudiosos,
Argentina,0,3,0,2.5,,narcotrafico,12814,,narcotrafico,
Argentina,0,3,0,2.5,,limpios,12814,,limpios,
Argentina,0,3,0,2.5,,obesidad,12814,,obesidad,
Argentina,0,3,0,2.5,,nacionalistas,12814,,nacionalistas,
Argentina,0,3,0,2.5,,turismo,12814,,turismo,
Argentina,0,3,0,2.5,,amigables,12814,,amigables,
Argentina,0,3,0,2.5,,hermandad,12814,,hermandad,
Argentina,0,3,0,2.5,,solidaridad,12814,,solidaridad,
Argentina,0,3,0,2.5,,historia,12814,,historia,
Argentina,0,3,0,2.5,,disciplina,12814,,disciplina,
Argentina,0,3,0,2.5,,antisociales,12814,,antisociales,
Argentina,0,3,0,2.5,,hacinamiento,12814,,hacinamiento,
Argentina,0,3,0,2.5,,oscuridad,12814,,oscuridad,
Argentina,0,3,0,2.5,,playa ,12814,,playa ,
Argentina,0,3,0,2.5,,hermosos,12814,,hermosos,
Argentina,0,3,0,2.5,,patria,12814,,patria,
Argentina,0,3,0,2.5,,Danza folclórica chamamé,12814,,Danza folclórica chamamé,
Argentina,0,3,0,2.5,,hambre y desastres naturales ,12814,,hambre y desastres naturales ,
Argentina,0,3,0,2.5,,madre patria,12814,,madre patria,
Argentina,0,3,0,2.5,,Política ,12814,,Política ,
Argentina,0,3,0,2.5,,Orden ,12814,,Orden ,
Argentina,0,3,0,2.5,,Clima,12814,,Clima,
Argentina,0,3,0,2.5,,Comidas,12814,,Comidas,
Argentina,0,3,0,2.5,,Civilización,12814,,Civilización,
Argentina,0,3,0,2.5,,Religión ,12814,,Religión ,
Argentina,0,3,0,2.5,,Fiesteros ,12814,,Fiesteros ,
Argentina,0,3,0,2.5,,Sociables; generosos,12814,,Sociables; generosos,
Argentina,0,3,0,2.5,,Política ,12814,,Política ,
Argentina,0,3,0,2.5,,Fútbol,12814,,Fútbol,
Argentina,0,3,0,2.5,,Comidas ,12814,,Comidas ,
Argentina,0,3,0,2.5,,Gastronomía,12814,,Gastronomía,
Argentina,0,3,0,2.5,,Reservados,12814,,Reservados,
Argentina,0,3,0,2.5,,Seguridad; economía; calidad de vida,12814,,Seguridad; economía; calidad de vida,
Argentina,0,3,0,2.5,,Avanzados,12814,,Avanzados,
Argentina,0,3,0,2.5,,Economía; cultura,12814,,Economía; cultura,
Argentina,0,3,0,2.5,,Paisajes ,12814,,Paisajes ,
Argentina,0,3,0,2.5,,Oprimidos ,12814,,Oprimidos ,
Argentina,0,3,0,2.5,,Naturaleza,12814,,Naturaleza,
Argentina,0,3,0,2.5,,Candombe; mate,12814,,Candombe; mate,
Argentina,0,3,0,2.5,,Disciplina; educación; tecnología,12814,,Disciplina; educación; tecnología,
Argentina,0,3,0,2.5,,Paisajes; turismo,12814,,Paisajes; turismo,
Argentina,0,3,0,2.5,,Volcanes; playas; gastronomía,12814,,Volcanes; playas; gastronomía,
Argentina,0,3,0,2.5,,atributo,12814,,atributo,
Argentina,0,3,0,2.5,,Historia milenaria - Arquitectura monumental - Riqueza Arqueologica,12814,,Historia milenaria - Arquitectura monumental - Riqueza Arqueologica,
Argentina,0,3,0,2.5,,Sequía,12814,,Sequía,
Argentina,0,3,0,2.5,,Sequia,12814,,Sequia,
Argentina,0,3,0,2.5,,Religiosos,12814,,Religiosos,
Argentina,0,3,0,2.5,,Hambre,12814,,Hambre,
Argentina,0,3,0,2.5,,interculturalidad,12814,,interculturalidad,
Argentina,0,3,0,2.5,,familiaridad,12814,,familiaridad,
Argentina,0,3,0,2.5,,cultura,12814,,cultura,
Argentina,0,3,0,2.5,,trabajadores,12814,,trabajadores,
Argentina,0,3,0,2.5,,multicultural,12814,,multicultural,
Argentina,0,3,0,2.5,,fanatismo,12814,,fanatismo,
Argentina,0,3,0,2.5,,Racismo,12814,,Racismo,
Argentina,0,3,0,2.5,,Materialismo,12814,,Materialismo,
Argentina,0,3,0,2.5,,Machistas,12814,,Machistas,
Argentina,0,3,0,2.5,,Festivos,12814,,Festivos,
Argentina,0,3,0,2.5,,Danza,12814,,Danza,
Argentina,0,3,0,2.5,,malhumorados,12814,,malhumorados,
Argentina,0,3,0,2.5,, serios,12814,, serios,
Argentina,0,3,0,2.5,,contentos,12814,,contentos,
Argentina,0,3,0,2.5,, felices,12814,, felices,
Argentina,0,3,0,2.5,,potencias,12814,,potencias,
Argentina,0,3,0,2.5,,cultura,12814,,cultura,
Argentina,0,3,0,2.5,, raices,12814,, raices,
Argentina,0,3,0,2.5,, ancestros,12814,, ancestros,
Argentina,0,3,0,2.5,,Devotos,12814,,Devotos,
Argentina,0,3,0,2.5,,Herencia incaica,12814,,Herencia incaica,
Argentina,0,3,0,2.5,,Carnaval,12814,,Carnaval,
Argentina,0,3,0,2.5,,Selva Amazónica,12814,,Selva Amazónica,
Argentina,0,3,0,2.5,,Mate,12814,,Mate,
Argentina,0,3,0,2.5,,Respeto,12814,,Respeto,
Argentina,0,3,0,2.5,,Patriotas,12814,,Patriotas,
Argentina,0,3,0,2.5,,Unidad,12814,,Unidad,
Argentina,0,3,0,2.5,,Orgullosos,12814,,Orgullosos,
Argentina,0,3,0,2.5,,comidas,12814,,comidas,
Argentina,0,3,0,2.5,,minerales raros,12814,,minerales raros,
Argentina,0,3,0,2.5,,futbol,12814,,futbol,
Argentina,0,3,0,2.5,,Judios,12814,,Judios,
Argentina,0,3,0,2.5,,emocion,12814,,emocion,
Argentina,0,3,0,2.5,,regiones,12814,,regiones,
Argentina,0,3,0,2.5,,pobres,12814,,pobres,
Argentina,0,3,0,2.5,,perdedores,12814,,perdedores,
Argentina,0,3,0,2.5,,estadosunidenses,12814,,estadosunidenses,
Argentina,0,3,0,2.5,,cientificos,12814,,cientificos,
Argentina,0,3,0,2.5,,picaros,12814,,picaros,
Argentina,0,3,0,2.5,,pobres,12814,,pobres,
Argentina,0,3,0,2.5,,rios,12814,,rios,
Argentina,0,3,0,2.5,,migrantes,12814,,migrantes,
Argentina,0,3,0,2.5,,soja,12814,,soja,
Argentina,0,3,0,2.5,,expulsados,12814,,expulsados,
Argentina,0,3,0,2.5,,lucha,12814,,lucha,
Argentina,0,3,0,2.5,,chimichurri,12814,,chimichurri,
Argentina,0,3,0,2.5,,sobreviviente,12814,,sobreviviente,
Argentina,0,3,0,2.5,,comodos,12814,,comodos,
Argentina,0,3,0,2.5,,ventajeros,12814,,ventajeros,
Argentina,0,3,0,2.5,,catolicos,12814,,catolicos,
Argentina,0,3,0,2.5,,Hambruna,12814,,Hambruna,
Argentina,0,3,0,2.5,,no se,12814,,no se,
Argentina,0,3,0,2.5,,Hambre,12814,,Hambre,
Argentina,0,3,0,2.5,,Hambre ,12814,,Hambre ,
Argentina,0,3,0,2.5,,Hambre - desnutrición.,12814,,Hambre - desnutrición.,
Argentina,0,3,0,2.5,,Alegre,12814,,Alegre,
Argentina,0,3,0,2.5,,desnutrición,12814,,desnutrición,
Argentina,0,3,0,2.5,,guerra,12814,,guerra,
Argentina,0,3,0,2.5,, alianza,12814,, alianza,
Argentina,0,3,0,2.5,, limítrofe de Argentina,12814,, limítrofe de Argentina,
Argentina,0,3,0,2.5,,calor,12814,,calor,
Argentina,0,3,0,2.5,, tropicales,12814,, tropicales,
Argentina,0,3,0,2.5,, centro américa,12814,, centro américa,
Argentina,0,3,0,2.5,,descendientes,12814,,descendientes,
Argentina,0,3,0,2.5,, inmigrantes,12814,, inmigrantes,
Argentina,0,3,0,2.5,, colonizada,12814,, colonizada,
Argentina,0,3,0,2.5,, messi,12814,, messi,
Argentina,0,3,0,2.5,,hielo,12814,,hielo,
Argentina,0,3,0,2.5,, volcanes,12814,, volcanes,
Argentina,0,3,0,2.5,, energía termal,12814,, energía termal,
Argentina,0,3,0,2.5,, glaciares eternos,12814,, glaciares eternos,
Argentina,0,3,0,2.5,, continente americano,12814,, continente americano,
Argentina,0,3,0,2.5,,insalubre,12814,,insalubre,
Argentina,0,3,0,2.5,,Cultos,12814,,Cultos,
Argentina,0,3,0,2.5,,Diversidad cultural,12814,,Diversidad cultural,
Argentina,0,3,0,2.5,,Musicales ,12814,,Musicales ,
Argentina,0,3,0,2.5,,Cosmovisión andina,12814,,Cosmovisión andina,
Argentina,0,3,0,2.5,,Invasores,12814,,Invasores,
Argentina,0,3,0,2.5,,Calidez,12814,,Calidez,
Argentina,0,3,0,2.5,,Folclore,12814,,Folclore,
Argentina,0,3,0,2.5,,Religión ,12814,,Religión ,
Argentina,0,3,0,2.5,,Desarrollo,12814,,Desarrollo,
Argentina,0,3,0,2.5,,Buenvivir ,12814,,Buenvivir ,
Argentina,0,3,0,2.5,,Invasora,12814,,Invasora,
Argentina,0,3,0,2.5,,Narcotráfico,12814,,Narcotráfico,
Argentina,0,3,0,2.5,,guerra,12814,,guerra,
Argentina,0,3,0,2.5,,alcohol,12814,,alcohol,
Argentina,0,3,0,2.5,,pasta,12814,,pasta,
Argentina,0,3,0,2.5,,catolicos,12814,,catolicos,
Argentina,0,3,0,2.5,,futbol,12814,,futbol,
Argentina,0,3,0,2.5,,caluroso,12814,,caluroso,
Argentina,0,3,0,2.5,,mar caribeño,12814,,mar caribeño,
Argentina,0,3,0,2.5,,politicos ladrones,12814,,politicos ladrones,
Argentina,0,3,0,2.5,,drogas,12814,,drogas,
Argentina,0,3,0,2.5,,trabajadores,12814,,trabajadores,
Argentina,0,3,0,2.5,,turismo adinerado,12814,,turismo adinerado,
Argentina,0,3,0,2.5,,energicos,12814,,energicos,
Argentina,0,3,0,2.5,,narcotrafico,12814,,narcotrafico,
Argentina,0,3,0,2.5,,prestigio,12814,,prestigio,
Argentina,0,3,0,2.5,,verano y caribe,12814,,verano y caribe,
Argentina,0,3,0,2.5,,otakus,12814,,otakus,
Argentina,0,3,0,2.5,,frios,12814,,frios,
Argentina,0,3,0,2.5,,cultura milenaria,12814,,cultura milenaria,
Argentina,0,3,0,2.5,,FERNET CON COCA ,12814,,FERNET CON COCA ,
Argentina,0,3,0,2.5,,pirámides,12814,,pirámides,
Argentina,0,3,0,2.5,,mate,12814,,mate,
Argentina,0,3,0,2.5,,Hollywood,12814,,Hollywood,
Argentina,0,3,0,2.5,,fútbol,12814,,fútbol,
Argentina,0,3,0,2.5,,Cordillera,12814,,Cordillera,
Argentina,0,3,0,2.5,,sudaca,12814,,sudaca,
Argentina,0,3,0,2.5,,Mate,12814,,Mate,
Argentina,0,3,0,2.5,,cerveza,12814,,cerveza,
Argentina,0,3,0,2.5,,mate,12814,,mate,
Argentina,0,3,0,2.5,,caribe,12814,,caribe,
Argentina,0,3,0,2.5,,tacos,12814,,tacos,
Argentina,0,3,0,2.5,,celebraciones,12814,,celebraciones,
Argentina,0,3,0,2.5,,respetuosos,12814,,respetuosos,
Argentina,0,3,0,2.5,,Coordilleras de los andes ,12814,,Coordilleras de los andes ,
Argentina,0,3,0,2.5,,pasificos,12814,,pasificos,
Argentina,0,3,0,2.5,,carnavales ,12814,,carnavales ,
Argentina,0,3,0,2.5,,cervezas,12814,,cervezas,
Argentina,0,3,0,2.5,,turismo,12814,,turismo,
Argentina,0,3,0,2.5,,béisbol ,12814,,béisbol ,
Argentina,0,3,0,2.5,,son todos pobres,12814,,son todos pobres,
Argentina,0,3,0,2.5,,Las tonadas de cada localidad dentro de la provincia de córdoba,12814,,Las tonadas de cada localidad dentro de la provincia de córdoba,
Argentina,0,3,0,2.5,,suciedad,12814,,suciedad,
Argentina,0,3,0,2.5,,Candombe,12814,,Candombe,
Argentina,0,3,0,2.5,,Duendes,12814,,Duendes,
Argentina,0,3,0,2.5,,Caipirinha,12814,,Caipirinha,
Argentina,0,3,0,2.5,,sequía,12814,,sequía,
Argentina,0,3,0,2.5,,calor,12814,,calor,
Argentina,0,3,0,2.5,,habilidosos,12814,,habilidosos,
Argentina,0,3,0,2.5,,Construccion,12814,,Construccion,
Argentina,0,3,0,2.5,,Vinos,12814,,Vinos,
Argentina,0,3,0,2.5,,vitivinicola,12814,,vitivinicola,
Argentina,0,3,0,2.5,,super población,12814,,super población,
Argentina,0,3,0,2.5,,tradicional,12814,,tradicional,
Argentina,0,3,0,2.5,,Hambruna,12814,,Hambruna,
Argentina,0,3,0,2.5,,catolico,12814,,catolico,
Argentina,0,3,0,2.5,, libertad religiosa,12814,, libertad religiosa,
Argentina,0,3,0,2.5,,crativo,12814,,crativo,
Argentina,0,3,0,2.5,, emprendedor,12814,, emprendedor,
Argentina,0,3,0,2.5,,familiares,12814,,familiares,
Argentina,0,3,0,2.5,, amables,12814,, amables,
Argentina,0,3,0,2.5,,festivo,12814,,festivo,
Argentina,0,3,0,2.5,,paisajes coloridos,12814,,paisajes coloridos,
Argentina,0,3,0,2.5,, tradicion folclorica,12814,, tradicion folclorica,
Argentina,0,3,0,2.5,,analfabetos,12814,,analfabetos,
Argentina,0,3,0,2.5,,gritones,12814,,gritones,
Argentina,0,3,0,2.5,,materos,12814,,materos,
Argentina,0,3,0,2.5,,Escacez de servicios públicos,12814,,Escacez de servicios públicos,
Argentina,0,3,0,2.5,,Familiar,12814,,Familiar,
Argentina,0,3,0,2.5,,Resiliente,12814,,Resiliente,
Argentina,0,3,0,2.5,,Riqueza cultural,12814,,Riqueza cultural,
Argentina,0,3,0,2.5,,Simpáticos,12814,,Simpáticos,
Argentina,0,3,0,2.5,,apasionados,12814,,apasionados,
Argentina,0,3,0,2.5,,cuna de músicos,12814,,cuna de músicos,
Argentina,0,3,0,2.5,,Traicioneros,12814,,Traicioneros,
Argentina,0,3,0,2.5,,diversos,12814,,diversos,
Argentina,0,3,0,2.5,,Combativo,12814,,Combativo,
Argentina,0,3,0,2.5,,Desigualdad,12814,,Desigualdad,
Argentina,0,3,0,2.5,,Orgullo,12814,,Orgullo,
Argentina,0,3,0,2.5,,Camaradería,12814,,Camaradería,
Argentina,0,3,0,2.5,,Culturalmente diversos,12814,,Culturalmente diversos,
Argentina,0,3,0,2.5,,Puntualidad,12814,,Puntualidad,
Argentina,0,3,0,2.5,,Geográficamente variado,12814,,Geográficamente variado,
Argentina,0,3,0,2.5,,Inteligencia,12814,,Inteligencia,
Argentina,0,3,0,2.5,,Sociables,12814,,Sociables,
Argentina,0,3,0,2.5,,Dialectos varios,12814,,Dialectos varios,
Argentina,0,3,0,2.5,,musulmanes,12814,,musulmanes,
Argentina,0,3,0,2.5,,escelente música del siglo XX,12814,,escelente música del siglo XX,
Argentina,0,3,0,2.5,,Migrante,12814,,Migrante,
Argentina,0,3,0,2.5,,Solidaridad ,12814,,Solidaridad ,
Argentina,0,3,0,2.5,,Migrantes,12814,,Migrantes,
Argentina,0,3,0,2.5,,Picante,12814,,Picante,
Argentina,0,3,0,2.5,,Discusión ,12814,,Discusión ,
Argentina,0,3,0,2.5,,Revolución ,12814,,Revolución ,
Argentina,0,3,0,2.5,,Mate,12814,,Mate,
Argentina,0,3,0,2.5,,Pobreza,12814,,Pobreza,
Argentina,0,3,0,2.5,,Machismo,12814,,Machismo,
Argentina,0,3,0,2.5,,Lujo ,12814,,Lujo ,
Argentina,0,3,0,2.5,,Comida,12814,,Comida,
Argentina,0,3,0,2.5,,Colonia,12814,,Colonia,
Argentina,0,3,0,2.5,,Dolarizado,12814,,Dolarizado,
Argentina,0,3,0,2.5,,Tradición ,12814,,Tradición ,
Argentina,0,3,0,2.5,,Folclore,12814,,Folclore,
Argentina,0,3,0,2.5,,masividad,12814,,masividad,
Argentina,0,3,0,2.5,,latinoamerica,12814,,latinoamerica,
Argentina,0,3,0,2.5,, sexismo,12814,, sexismo,
Argentina,0,3,0,2.5,,dictadura,12814,,dictadura,
Argentina,0,3,0,2.5,, opresión,12814,, opresión,
Argentina,0,3,0,2.5,,extrovertido,12814,,extrovertido,
Argentina,0,3,0,2.5,, america,12814,, america,
Argentina,0,3,0,2.5,, desarrollo,12814,, desarrollo,
Argentina,0,3,0,2.5,,blancos,12814,,blancos,
Argentina,0,3,0,2.5,,picante,12814,,picante,
Argentina,0,3,0,2.5,, variada,12814,, variada,
Argentina,0,3,0,2.5,,che guevara,12814,,che guevara,
Argentina,0,3,0,2.5,, alzamiento,12814,, alzamiento,
Argentina,0,3,0,2.5,,occidente,12814,,occidente,
Argentina,0,3,0,2.5,, orden,12814,, orden,
Argentina,0,3,0,2.5,, dearrollo,12814,, dearrollo,
Argentina,0,3,0,2.5,,mediterraneo,12814,,mediterraneo,
Argentina,0,3,0,2.5,,dearrollo,12814,,dearrollo,
Argentina,0,3,0,2.5,, blancos,12814,, blancos,
Argentina,0,3,0,2.5,, occidente,12814,, occidente,
Argentina,0,3,0,2.5,,tropico,12814,,tropico,
Argentina,0,3,0,2.5,, arena,12814,, arena,
Argentina,0,3,0,2.5,, agua,12814,, agua,
Argentina,0,3,0,2.5,,asado,12814,,asado,
Argentina,0,3,0,2.5,, carne,12814,, carne,
Argentina,0,3,0,2.5,, pampas,12814,, pampas,
Argentina,0,3,0,2.5,, campos,12814,, campos,
Argentina,0,3,0,2.5,,buena comida,12814,,buena comida,
Argentina,0,3,0,2.5,, playas,12814,, playas,
Argentina,0,3,0,2.5,, extrivertidos,12814,, extrivertidos,
Argentina,0,3,0,2.5,,ebola,12814,,ebola,
Argentina,0,3,0,2.5,, chimpances,12814,, chimpances,
Argentina,0,3,0,2.5,,pobreza egipto,12814,,pobreza egipto,
Argentina,0,3,0,2.5,,pobreza hambre sobrepoblación ,12814,,pobreza hambre sobrepoblación ,
Argentina,0,3,0,2.5,,Pobreza,12814,,Pobreza,
Argentina,0,3,0,2.5,,pobreza,12814,,pobreza,
Argentina,0,3,0,2.5,,villas miserias,12814,,villas miserias,
Argentina,0,3,0,2.5,,tango,12814,,tango,
Argentina,0,3,0,2.5,,pobreza,12814,,pobreza,
Argentina,0,3,0,2.5,,pobreza,12814,,pobreza,
Argentina,0,3,0,2.5,,pobreza,12814,,pobreza,
Argentina,0,3,0,2.5,,anaconda,12814,,anaconda,
Argentina,0,3,0,2.5,,pobreza,12814,,pobreza,
Argentina,0,3,0,2.5,,pobreza,12814,,pobreza,
Argentina,0,3,0,2.5,,condiciones de vivienda precarias,12814,,condiciones de vivienda precarias,
Argentina,0,3,0,2.5,,condiciones de asinamiento,12814,,condiciones de asinamiento,
Argentina,0,3,0,2.5,,Historia,12814,,Historia,
Argentina,0,3,0,2.5,,Historia ,12814,,Historia ,
Argentina,0,3,0,2.5,,Místico,12814,,Místico,
Argentina,0,3,0,2.5,,Hospitalarios,12814,,Hospitalarios,
Argentina,0,3,0,2.5,,Revolucionarios,12814,,Revolucionarios,
Argentina,0,3,0,2.5,,Belleza,12814,,Belleza,
Argentina,0,3,0,2.5,,Mestizos,12814,,Mestizos,
Argentina,0,3,0,2.5,,Sublime,12814,,Sublime,
Argentina,0,3,0,2.5,,Divergentes,12814,,Divergentes,
Argentina,0,3,0,2.5,,Soberbios,12814,,Soberbios,
Argentina,0,3,0,2.5,,Chocolate,12814,,Chocolate,
Argentina,0,3,0,2.5,,Disciplinados,12814,,Disciplinados,
Argentina,0,3,0,2.5,,Mariachis,12814,,Mariachis,
Argentina,0,3,0,2.5,,Expresivos,12814,,Expresivos,
Argentina,0,3,0,2.5,,felicidad,12814,,felicidad,
Argentina,0,3,0,2.5,,divertidos,12814,,divertidos,
Argentina,0,3,0,2.5,,frutas de muchos colores,12814,,frutas de muchos colores,
Argentina,0,3,0,2.5,,música con instrumentos étnicos,12814,,música con instrumentos étnicos,
Argentina,0,3,0,2.5,,comida picante,12814,,comida picante,
Argentina,0,3,0,2.5,,trabajador,12814,,trabajador,
Argentina,0,3,0,2.5,,charlatán,12814,,charlatán,
Argentina,0,3,0,2.5,,estructurado,12814,,estructurado,
Argentina,0,3,0,2.5,,espiritual,12814,,espiritual,
Argentina,0,3,0,2.5,,amigos,12814,,amigos,
Argentina,0,3,0,2.5,,soberbia,12814,,soberbia,
Argentina,0,3,0,2.5,,brutos,12814,,brutos,
Argentina,0,3,0,2.5,,brívolidad,12814,,brívolidad,
Argentina,0,3,0,2.5,,machista,12814,,machista,
Argentina,0,3,0,2.5,,narcotraficanes,12814,,narcotraficanes,
Argentina,0,3,0,2.5,,comidas picantes,12814,,comidas picantes,
Argentina,0,3,0,2.5,,bailarines,12814,,bailarines,
Argentina,0,3,0,2.5,,pobreza,12814,,pobreza,
Argentina,0,3,0,2.5,,solidaria,12814,,solidaria,
Argentina,0,3,0,2.5,,diversidad,12814,,diversidad,
Argentina,0,3,0,2.5,,Multiculturalidad,12814,,Multiculturalidad,
Argentina,0,3,0,2.5,,Recursos naturales,12814,,Recursos naturales,
Argentina,0,3,0,2.5,,no lo se,12814,,no lo se,
Argentina,0,3,0,2.5,,feminista,12814,,feminista,
Argentina,0,3,0,2.5,,racismo ,12814,,racismo ,
Argentina,0,3,0,2.5,,petróleo,12814,,petróleo,
Argentina,0,3,0,2.5,,China,12814,,China,
Argentina,0,3,0,2.5,,Historia,12814,,Historia,
Argentina,0,3,0,2.5,,futbolera,12814,,futbolera,
Argentina,0,3,0,2.5,,Inseguridad,12814,,Inseguridad,
Argentina,0,3,0,2.5,,Esculturas,12814,,Esculturas,
Argentina,0,3,0,2.5,,futbolera,12814,,futbolera,
Argentina,0,3,0,2.5,,Salidas ,12814,,Salidas ,
Argentina,0,3,0,2.5,, vida nocturna,12814,, vida nocturna,
Argentina,0,3,0,2.5,,solidaridad,12814,,solidaridad,
Argentina,0,3,0,2.5,,Tragos y comida rica ,12814,,Tragos y comida rica ,
Argentina,0,3,0,2.5,,Hermandad,12814,,Hermandad,
Argentina,0,3,0,2.5,,futbol,12814,,futbol,
Argentina,0,3,0,2.5,,comidas típicas,12814,,comidas típicas,
Argentina,0,3,0,2.5,,Playas,12814,,Playas,
Argentina,0,3,0,2.5,,riqueza,12814,,riqueza,
Argentina,0,3,0,2.5,,Idioma,12814,,Idioma,
Argentina,0,3,0,2.5,,gastronomia,12814,,gastronomia,
Argentina,0,3,0,2.5,,Cultura,12814,,Cultura,
Argentina,0,3,0,2.5,,whisky,12814,,whisky,
Argentina,0,3,0,2.5,,Sentido de pertenencia ,12814,,Sentido de pertenencia ,
Argentina,0,3,0,2.5,,Cultura,12814,,Cultura,
Argentina,0,3,0,2.5,,conflictos,12814,,conflictos,
Argentina,0,3,0,2.5,,Tecnologia,12814,,Tecnologia,
Argentina,0,3,0,2.5,,terere,12814,,terere,
Argentina,0,3,0,2.5,,Juntadas,12814,,Juntadas,
Argentina,0,3,0,2.5,,Individualidad,12814,,Individualidad,
Argentina,0,3,0,2.5,,Islas,12814,,Islas,
Argentina,0,3,0,2.5,,biodiversidad,12814,,biodiversidad,
Argentina,0,3,0,2.5,,inflación,12814,,inflación,
Argentina,0,3,0,2.5,,religiones,12814,,religiones,
Argentina,0,3,0,2.5,,Comida,12814,,Comida,
Argentina,0,3,0,2.5,,Individualidad,12814,,Individualidad,
Argentina,0,3,0,2.5,,tango,12814,,tango,
Argentina,0,3,0,2.5,,Asado,12814,,Asado,
Argentina,0,3,0,2.5,,carnaval,12814,,carnaval,
Argentina,0,3,0,2.5,,petróleo,12814,,petróleo,
Argentina,0,3,0,2.5,,Solidaridad,12814,,Solidaridad,
Argentina,0,3,0,2.5,,Pobreza,12814,,Pobreza,
Argentina,0,3,0,2.5,,Atributo,12814,,Atributo,
Argentina,0,3,0,2.5,,Pobreza,12814,,Pobreza,
Argentina,0,3,0,2.5,,pobreza,12814,,pobreza,
Argentina,0,3,0,2.5,,forma democratica,12814,,forma democratica,
Argentina,0,3,0,2.5,,clima,12814,,clima,
Argentina,0,3,0,2.5,,futbol,12814,,futbol,
Argentina,0,3,0,2.5,,mate,12814,,mate,
Argentina,0,3,0,2.5,,alegría,12814,,alegría,
Argentina,0,3,0,2.5,,asado,12814,,asado,
Argentina,0,3,0,2.5,,futbol americano,12814,,futbol americano,
Argentina,0,3,0,2.5,,brutos,12814,,brutos,
Argentina,0,3,0,2.5,,sombrero,12814,,sombrero,
Argentina,0,3,0,2.5,,alegres,12814,,alegres,
Argentina,0,3,0,2.5,,medicina,12814,,medicina,
Argentina,0,3,0,2.5,,locro,12814,,locro,
Argentina,0,3,0,2.5,,frios,12814,,frios,
Argentina,0,3,0,2.5,,piramides ,12814,,piramides ,
Argentina,0,3,0,2.5,,esclavos,12814,,esclavos,
Argentina,0,3,0,2.5,,sobervios,12814,,sobervios,
Argentina,0,3,0,2.5,,corrupcion,12814,,corrupcion,
Argentina,0,3,0,2.5,,asado,12814,,asado,
Argentina,0,3,0,2.5,,cobre,12814,,cobre,
Argentina,0,3,0,2.5,,injusticias,12814,,injusticias,
Argentina,0,3,0,2.5,,gente de mediana altura,12814,,gente de mediana altura,
Argentina,0,3,0,2.5,,super poblacion,12814,,super poblacion,
Argentina,0,3,0,2.5,,pobre,12814,,pobre,
Argentina,0,3,0,2.5,,inseguridad ,12814,,inseguridad ,
Argentina,0,3,0,2.5,,vino,12814,,vino,
Argentina,0,3,0,2.5,,grandioso,12814,,grandioso,
Argentina,0,3,0,2.5,,charlatan,12814,,charlatan,
Argentina,0,3,0,2.5,,enamorados,12814,,enamorados,
Argentina,0,3,0,2.5,,portuario,12814,,portuario,
Argentina,0,3,0,2.5,,muchos niños,12814,,muchos niños,
Argentina,0,3,0,2.5,,musculosos,12814,,musculosos,
Argentina,0,3,0,2.5,,carnaval,12814,,carnaval,
Argentina,0,3,0,2.5,,artesanias,12814,,artesanias,
Argentina,0,3,0,2.5,,familieros,12814,,familieros,
Argentina,0,3,0,2.5,,vtivinicola,12814,,vtivinicola,
Argentina,0,3,0,2.5,,pasion,12814,,pasion,
Argentina,0,3,0,2.5,,vicioso,12814,,vicioso,
Argentina,0,3,0,2.5,,patrimonio,12814,,patrimonio,
Argentina,0,3,0,2.5,,rica comida,12814,,rica comida,
Argentina,0,3,0,2.5,,ruidoso,12814,,ruidoso,
Argentina,0,3,0,2.5,,homofobia,12814,,homofobia,
Argentina,0,3,0,2.5,,orden,12814,,orden,
Argentina,0,3,0,2.5,,impuntualidad,12814,,impuntualidad,
Argentina,0,3,0,2.5,,adelanto tecnológico,12814,,adelanto tecnológico,
Argentina,0,3,0,2.5,,tomar mate,12814,,tomar mate,
Argentina,0,3,0,2.5,,hospitalidad,12814,,hospitalidad,
Argentina,0,3,0,2.5,,comer asado ,12814,,comer asado ,
Argentina,0,3,0,2.5,,calma,12814,,calma,
Argentina,0,3,0,2.5,, tranquilidad,12814,, tranquilidad,
Argentina,0,3,0,2.5,,Universidad y salud gratuitas,12814,,Universidad y salud gratuitas,
Argentina,0,3,0,2.5,,Waffles,12814,,Waffles,
Argentina,0,3,0,2.5,, tulipanes,12814,, tulipanes,
Argentina,0,3,0,2.5,,Gran cantidad de psicanalistas,12814,,Gran cantidad de psicanalistas,
Argentina,0,3,0,2.5,,Baguettes,12814,,Baguettes,
Argentina,0,3,0,2.5,, gran nivel de las universidades,12814,, gran nivel de las universidades,
Argentina,0,3,0,2.5,,conflicto armado,12814,,conflicto armado,
Argentina,0,3,0,2.5,,Alegría,12814,,Alegría,
Argentina,0,3,0,2.5,, carnaval,12814,, carnaval,
Argentina,0,3,0,2.5,, caipirinha,12814,, caipirinha,
Argentina,0,3,0,2.5,, playas,12814,, playas,
Argentina,0,3,0,2.5,,Cultura ancestral,12814,,Cultura ancestral,
Argentina,0,3,0,2.5,,Cultura,12814,,Cultura,
Argentina,0,3,0,2.5,,Violencia,12814,,Violencia,
Argentina,0,3,0,2.5,,rica comida,12814,,rica comida,
Argentina,0,3,0,2.5,,Pobreza,12814,,Pobreza,
Argentina,0,3,0,2.5,, grandes jugadores de fútbol,12814,, grandes jugadores de fútbol,
Argentina,0,3,0,2.5,, buena comida,12814,, buena comida,
Argentina,0,3,0,2.5,, amistosos,12814,, amistosos,
Argentina,0,3,0,2.5,, etc. ,12814,, etc. ,
Argentina,0,3,0,2.5,,Riquesa ,12814,,Riquesa ,
Argentina,0,3,0,2.5,,Sucios,12814,,Sucios,
Argentina,0,3,0,2.5,,Tacaños,12814,,Tacaños,
Argentina,0,3,0,2.5,,No se,12814,,No se,
Argentina,0,3,0,2.5,,Bailes,12814,,Bailes,
Argentina,0,3,0,2.5,, colores,12814,, colores,
Argentina,0,3,0,2.5,,Colombia,12814,,Colombia,
Argentina,0,3,0,2.5,,Turquía ,12814,,Turquía ,
Argentina,0,3,0,2.5,,Gente linda,12814,,Gente linda,
Argentina,0,3,0,2.5,,Sociables,12814,,Sociables,
Argentina,0,3,0,2.5,,Negros,12814,,Negros,
Argentina,0,3,0,2.5,,Asesinos,12814,,Asesinos,
Argentina,0,3,0,2.5,, imperialistas,12814,, imperialistas,
Argentina,0,3,0,2.5,,Buena apariencia física,12814,,Buena apariencia física,
Argentina,0,3,0,2.5,,Comida,12814,,Comida,
Argentina,0,3,0,2.5,,Tacaños,12814,,Tacaños,
Argentina,0,3,0,2.5,,Música ,12814,,Música ,
Argentina,0,3,0,2.5,,Mente abierta,12814,,Mente abierta,
Argentina,0,3,0,2.5,, relajados,12814,, relajados,
Argentina,0,3,0,2.5,, soberbios. ,12814,, soberbios. ,
Argentina,0,3,0,2.5,,Historia,12814,,Historia,
Argentina,0,3,0,2.5,,Amistosos,12814,,Amistosos,
Argentina,0,3,0,2.5,, fiesteros,12814,, fiesteros,
Argentina,0,3,0,2.5,,Gente negra,12814,,Gente negra,
Argentina,0,3,0,2.5,,Playa,12814,,Playa,
Argentina,0,3,0,2.5,,Comidas,12814,,Comidas,
Argentina,0,3,0,2.5,, vestuarios,12814,, vestuarios,
Argentina,0,3,0,2.5,,Cultura histórica,12814,,Cultura histórica,
Argentina,0,3,0,2.5,,Naturaleza ,12814,,Naturaleza ,
Argentina,0,3,0,2.5,,Fiestas,12814,,Fiestas,
Argentina,0,3,0,2.5,,Tradición,12814,,Tradición,
Argentina,0,3,0,2.5,,Orden,12814,,Orden,
Argentina,0,3,0,2.5,, buen desempeño económico,12814,, buen desempeño económico,
Argentina,0,3,0,2.5,, vagos,12814,, vagos,
Argentina,0,3,0,2.5,,Competitividad ,12814,,Competitividad ,
Argentina,0,3,0,2.5,,comida rica,12814,,comida rica,
Argentina,0,3,0,2.5,,Historia - cultura milenaria - turismo  ,12814,,Historia - cultura milenaria - turismo  ,
Argentina,0,3,0,2.5,,Pirámides - Historia - Nilo - Arqueología ,12814,,Pirámides - Historia - Nilo - Arqueología ,
Argentina,0,3,0,2.5,,Carnaval - Futbol - Diversidad cultural ,12814,,Carnaval - Futbol - Diversidad cultural ,
Argentina,0,3,0,2.5,,Mate - Democracia - Tranquilidad ,12814,,Mate - Democracia - Tranquilidad ,
Argentina,0,3,0,2.5,,Pirámides o historia antigua,12814,,Pirámides o historia antigua,
Argentina,0,3,0,2.5,,Amazonia - Capoeira ,12814,,Amazonia - Capoeira ,
Argentina,0,3,0,2.5,,Tango - Asado - Futbol ,12814,,Tango - Asado - Futbol ,
Argentina,0,3,0,2.5,,BUENA GENTE,12814,,BUENA GENTE,
Argentina,0,3,0,2.5,,Cultura arabe o religion ,12814,,Cultura arabe o religion ,
Argentina,0,3,0,2.5,,Pasta,12814,,Pasta,
Argentina,0,3,0,2.5,,Fiordos,12814,,Fiordos,
Argentina,0,3,0,2.5,,Piramides - Rio Nilo - turismo ,12814,,Piramides - Rio Nilo - turismo ,
Argentina,0,3,0,2.5,,Cafe ,12814,,Cafe ,
Argentina,0,3,0,2.5,,MATE FUTBOL,12814,,MATE FUTBOL,
Argentina,0,3,0,2.5,,Cafe - Historia Antigua. ,12814,,Cafe - Historia Antigua. ,
Argentina,0,3,0,2.5,,FUTBOL,12814,,FUTBOL,
Argentina,0,3,0,2.5,,FUTBOL ,12814,,FUTBOL ,
Argentina,0,3,0,2.5,,Primera república negra libre del mundo - Resistencia - Arte,12814,,Primera república negra libre del mundo - Resistencia - Arte,
Argentina,0,3,0,2.5,,AFRICA PETROLEO,12814,,AFRICA PETROLEO,
Argentina,0,3,0,2.5,,TACOS ,12814,,TACOS ,
Argentina,0,3,0,2.5,,EMPANADAS ,12814,,EMPANADAS ,
Argentina,0,3,0,2.5,,Musica - Industria ,12814,,Musica - Industria ,
Argentina,0,3,0,2.5,,lejania,12814,,lejania,
Argentina,0,3,0,2.5,,chrlatan,12814,,chrlatan,
Argentina,0,3,0,2.5,,playas,12814,,playas,
Argentina,0,3,0,2.5,,fiestero,12814,,fiestero,
Argentina,0,3,0,2.5,,pobreza,12814,,pobreza,
Argentina,0,3,0,2.5,,Enfermedades,12814,,Enfermedades,
Argentina,0,3,0,2.5,,Campeones,12814,,Campeones,
Argentina,0,3,0,2.5,,Simpáticos,12814,,Simpáticos,
Argentina,0,3,0,2.5,,Limpieza,12814,,Limpieza,
Argentina,0,3,0,2.5,,Simpáticos,12814,,Simpáticos,
Argentina,0,3,0,2.5,,Alegres,12814,,Alegres,
Argentina,0,3,0,2.5,,mate,12814,,mate,
Argentina,0,3,0,2.5,,Turismo,12814,,Turismo,
Argentina,0,3,0,2.5,,Asado,12814,,Asado,
Argentina,0,3,0,2.5,,Caipirinha,12814,,Caipirinha,
Argentina,0,3,0,2.5,,Piramides,12814,,Piramides,
Argentina,0,3,0,2.5,,Tango,12814,,Tango,
Argentina,0,3,0,2.5,,Desierto,12814,,Desierto,
Argentina,0,3,0,2.5,,Fernet,12814,,Fernet,
Argentina,0,3,0,2.5,,Piel morena,12814,,Piel morena,
Argentina,0,3,0,2.5,,Alegria,12814,,Alegria,
Argentina,0,3,0,2.5,,Pobreza,12814,,Pobreza,
Argentina,0,3,0,2.5,,Seguridad,12814,,Seguridad,
Argentina,0,3,0,2.5,,Desamparada,12814,,Desamparada,
Argentina,0,3,0,2.5,,Fiesta,12814,,Fiesta,
Argentina,0,3,0,2.5,,Futbol,12814,,Futbol,
Argentina,0,3,0,2.5,,Vacaciones,12814,,Vacaciones,
Argentina,0,3,0,2.5,,Teatro,12814,,Teatro,
Argentina,0,3,0,2.5,,Teatros,12814,,Teatros,
Argentina,0,3,0,2.5,,Colegios,12814,,Colegios,
Argentina,0,3,0,2.5,,Museo,12814,,Museo,
Argentina,0,3,0,2.5,,Robos,12814,,Robos,
Argentina,0,3,0,2.5,,Invierno,12814,,Invierno,
Argentina,0,3,0,2.5,,Antiguos,12814,,Antiguos,
Argentina,0,3,0,2.5,,Guerra,12814,,Guerra,
Argentina,0,3,0,2.5,,cultura,12814,,cultura,
Argentina,0,3,0,2.5,,naturales,12814,,naturales,
Argentina,0,3,0,2.5,,territorio muy grande,12814,,territorio muy grande,
Argentina,0,3,0,2.5,,economia,12814,,economia,
Argentina,0,3,0,2.5,,violencia,12814,,violencia,
Argentina,0,3,0,2.5,,cultura,12814,,cultura,
Argentina,0,3,0,2.5,,misoginia,12814,,misoginia,
Argentina,0,3,0,2.5,,misoginia,12814,,misoginia,
Argentina,0,3,0,2.5,,automoviles,12814,,automoviles,
Argentina,0,3,0,2.5,,pais Extenso,12814,,pais Extenso,
Argentina,0,3,0,2.5,,Carnaval,12814,,Carnaval,
Argentina,0,3,0,2.5,,conservacion,12814,,conservacion,
Argentina,0,3,0,2.5,,sin relacion,12814,,sin relacion,
Argentina,0,3,0,2.5,,asociado,12814,,asociado,
Argentina,0,3,0,2.5,,mate,12814,,mate,
Argentina,0,3,0,2.5,,guerra,12814,,guerra,
Argentina,0,3,0,2.5,,mar y canguros,12814,,mar y canguros,
Argentina,0,3,0,2.5,,yacare,12814,,yacare,
Argentina,0,3,0,2.5,,diversidad cultural,12814,,diversidad cultural,
Argentina,0,3,0,2.5,,Verborragia,12814,,Verborragia,
Argentina,0,3,0,2.5,,Gastronomía picante,12814,,Gastronomía picante,
Argentina,0,3,0,2.5,,restaurantes,12814,,restaurantes,
Argentina,0,3,0,2.5,,territorio extenso,12814,,territorio extenso,
Argentina,0,3,0,2.5,,Amabilidad en el trato con el extranjero,12814,,Amabilidad en el trato con el extranjero,
Argentina,0,3,0,2.5,,Disciplina y seguridad social,12814,,Disciplina y seguridad social,
Argentina,0,3,0,2.5,,sobervios,12814,,sobervios,
Argentina,0,3,0,2.5,,mar,12814,,mar,
Argentina,0,3,0,2.5,,sociables,12814,,sociables,
Argentina,0,3,0,2.5,,comercio,12814,,comercio,
Argentina,0,3,0,2.5,,belicosos,12814,,belicosos,
Argentina,0,3,0,2.5,,sociables,12814,,sociables,
Argentina,0,3,0,2.5,,mate,12814,,mate,
Argentina,0,3,0,2.5,,mate,12814,,mate,
Argentina,0,3,0,2.5,,social,12814,,social,
Argentina,0,3,0,2.5,,clima,12814,,clima,
Argentina,0,3,0,2.5,,museos,12814,,museos,
Argentina,0,3,0,2.5,,africa,12814,,africa,
Argentina,0,3,0,2.5,,atraso,12814,,atraso,
Argentina,0,3,0,2.5,,pícaro,12814,,pícaro,
Argentina,0,3,0,2.5,,atraso ,12814,,atraso ,
Argentina,0,3,0,2.5,,divertidos,12814,,divertidos,
Argentina,0,3,0,2.5,,dictadura,12814,,dictadura,
Argentina,0,3,0,2.5,,comida condimentos,12814,,comida condimentos,
Argentina,0,3,0,2.5,,montañas,12814,,montañas,
Argentina,0,3,0,2.5,,buen clima,12814,,buen clima,
Argentina,0,3,0,2.5,,orden,12814,,orden,
Argentina,0,3,0,2.5,,distrubución,12814,,distrubución,
Argentina,0,3,0,2.5,,festejos,12814,,festejos,
Argentina,0,3,0,2.5,,inventivos,12814,,inventivos,
Argentina,0,3,0,2.5,,hermoso,12814,,hermoso,
Argentina,0,3,0,2.5,,rituales,12814,,rituales,
Argentina,0,3,0,2.5,,agresivos ,12814,,agresivos ,
Argentina,0,3,0,2.5,,ricos,12814,,ricos,
Argentina,0,3,0,2.5,,comida chatarra,12814,,comida chatarra,
Argentina,0,3,0,2.5,,ceviche,12814,,ceviche,
Argentina,0,3,0,2.5,,asado,12814,,asado,
Argentina,0,3,0,2.5,,Por una cuestión historica,12814,,Por una cuestión historica,
Argentina,0,3,0,2.5,, se cree que el poder adquisitivo pertenece a unos pocos y la pobreza a la gran mayoria,12814,, se cree que el poder adquisitivo pertenece a unos pocos y la pobreza a la gran mayoria,
Argentina,0,3,0,2.5,,obesidad,12814,,obesidad,
Argentina,0,3,0,2.5,,Cultura,12814,,Cultura,
Argentina,0,3,0,2.5,,Brasil,12814,,Brasil,
Argentina,0,3,0,2.5,,Autoridad,12814,,Autoridad,
Argentina,0,3,0,2.5,,Gastronomia,12814,,Gastronomia,
Argentina,0,3,0,2.5,,Cultura,12814,,Cultura,
Argentina,0,3,0,2.5,,nose,12814,,nose,
Argentina,0,3,0,2.5,,POBREZA,12814,,POBREZA,
Argentina,0,3,0,2.5,,Pobreza,12814,,Pobreza,
Argentina,0,3,0,2.5,,piramides,12814,,piramides,
Argentina,0,3,0,2.5,,pastas,12814,,pastas,
Argentina,0,3,0,2.5,,disciplina,12814,,disciplina,
Argentina,0,3,0,2.5,,opresion,12814,,opresion,
Argentina,0,3,0,2.5,,desnutrición,12814,,desnutrición,
Argentina,0,3,0,2.5,,Daetallista,12814,,Daetallista,
Argentina,0,3,0,2.5,,familiares,12814,,familiares,
Argentina,0,3,0,2.5,,Mundialista,12814,,Mundialista,
Argentina,0,3,0,2.5,,Libertador,12814,,Libertador,
Argentina,0,3,0,2.5,,playas paradisíacas,12814,,playas paradisíacas,
Argentina,0,3,0,2.5,,Pensativos,12814,,Pensativos,
Argentina,0,3,0,2.5,,CARNAVAL,12814,,CARNAVAL,
Argentina,0,3,0,2.5,,FUTBOL,12814,,FUTBOL,
Argentina,0,3,0,2.5,,SAN MARTIN,12814,,SAN MARTIN,
Argentina,0,3,0,2.5,,MONTAÑAS,12814,,MONTAÑAS,
Argentina,0,3,0,2.5,,UNIVERSIDADES,12814,,UNIVERSIDADES,
Argentina,0,3,0,2.5,,BANANAS,12814,,BANANAS,
Argentina,0,3,0,2.5,,LIBROS,12814,,LIBROS,
Argentina,0,3,0,2.5,,Religion,12814,,Religion,
Argentina,0,3,0,2.5,,Vendedores,12814,,Vendedores,
Argentina,0,3,0,2.5,,Reyes,12814,,Reyes,
Argentina,0,3,0,2.5,,danza,12814,,danza,
Argentina,0,3,0,2.5,,calidez,12814,,calidez,
Argentina,0,3,0,2.5,,economia,12814,,economia,
Argentina,0,3,0,2.5,,Cordialidad,12814,,Cordialidad,
Argentina,0,3,0,2.5,,comida,12814,,comida,
Argentina,0,3,0,2.5,,amables,12814,,amables,
Argentina,0,3,0,2.5,,alegria,12814,,alegria,
Argentina,0,3,0,2.5,,alegres,12814,,alegres,
Argentina,0,3,0,2.5,,playa,12814,,playa,
Argentina,0,3,0,2.5,,mate,12814,,mate,
Argentina,0,3,0,2.5,,Excelente,12814,,Excelente,
Argentina,0,3,0,2.5,, Muy Bueno. Bueno,12814,, Muy Bueno. Bueno,
Argentina,0,3,0,2.5,, Regular y Malo ,12814,, Regular y Malo ,
Argentina,0,3,0,2.5,,corrupción,12814,,corrupción,
Argentina,0,3,0,2.5,, hambruna.,12814,, hambruna.,
Argentina,0,3,0,2.5,,Atractivo natural,12814,,Atractivo natural,
Argentina,0,3,0,2.5,,Capital,12814,,Capital,
Argentina,0,3,0,2.5,,Paradisiaco,12814,,Paradisiaco,
Argentina,0,3,0,2.5,,gentil,12814,,gentil,
Argentina,0,3,0,2.5,, respeto,12814,, respeto,
Argentina,0,3,0,2.5,, orden.,12814,, orden.,
Argentina,0,3,0,2.5,,amabilidad,12814,,amabilidad,
Argentina,0,3,0,2.5,, afectuosos.,12814,, afectuosos.,
Argentina,0,3,0,2.5,,liderazgo,12814,,liderazgo,
Argentina,0,3,0,2.5,, respeto social,12814,, respeto social,
Argentina,0,3,0,2.5,, limpieza,12814,, limpieza,
Argentina,0,3,0,2.5,,carisma,12814,,carisma,
Argentina,0,3,0,2.5,, cariño,12814,, cariño,
Argentina,0,3,0,2.5,, gentileza,12814,, gentileza,
Argentina,0,3,0,2.5,,potencia,12814,,potencia,
Argentina,0,3,0,2.5,, distancia ,12814,, distancia ,
Argentina,0,3,0,2.5,,control,12814,,control,
Argentina,0,3,0,2.5,, fríos.,12814,, fríos.,
Argentina,0,3,0,2.5,,alegria,12814,,alegria,
Argentina,0,3,0,2.5,,condimentos,12814,,condimentos,
Argentina,0,3,0,2.5,, pimientos,12814,, pimientos,
Argentina,0,3,0,2.5,, ajos,12814,, ajos,
Argentina,0,3,0,2.5,,carnaval,12814,,carnaval,
Argentina,0,3,0,2.5,,riqueza,12814,,riqueza,
Argentina,0,3,0,2.5,, abundancia,12814,, abundancia,
Argentina,0,3,0,2.5,,carnaval,12814,,carnaval,
Argentina,0,3,0,2.5,, alegria,12814,, alegria,
Argentina,0,3,0,2.5,, futbol,12814,, futbol,
Argentina,0,3,0,2.5,,tango,12814,,tango,
Argentina,0,3,0,2.5,, futbol,12814,, futbol,
Argentina,0,3,0,2.5,, chiste,12814,, chiste,
Argentina,0,3,0,2.5,,futbol,12814,,futbol,
Argentina,0,3,0,2.5,, tango,12814,, tango,
Argentina,0,3,0,2.5,, amistad,12814,, amistad,
Argentina,0,3,0,2.5,, gritos,12814,, gritos,
Argentina,0,3,0,2.5,,amables,12814,,amables,
Argentina,0,3,0,2.5,, calida,12814,, calida,
Argentina,0,3,0,2.5,, alegre,12814,, alegre,
Argentina,0,3,0,2.5,,guerrilla,12814,,guerrilla,
Argentina,0,3,0,2.5,, revolucion,12814,, revolucion,
Argentina,0,3,0,2.5,, insurreccion armada,12814,, insurreccion armada,
Argentina,0,3,0,2.5,,futbol,12814,,futbol,
Argentina,0,3,0,2.5,, alegria,12814,, alegria,
Argentina,0,3,0,2.5,,alegria,12814,,alegria,
Argentina,0,3,0,2.5,, chistes,12814,, chistes,
Argentina,0,3,0,2.5,, musica,12814,, musica,
Argentina,0,3,0,2.5,,Rubia ,12814,,Rubia ,
Argentina,0,3,0,2.5,,Sucios,12814,,Sucios,
Argentina,0,3,0,2.5,,Desierto,12814,,Desierto,
Argentina,0,3,0,2.5,,Zamba,12814,,Zamba,
Argentina,0,3,0,2.5,,Morenos,12814,,Morenos,
Argentina,0,3,0,2.5,,NACIONALIDAD ,12814,,NACIONALIDAD ,
Argentina,0,3,0,2.5,,CULTURA,12814,,CULTURA,
Argentina,0,3,0,2.5,,TANGO,12814,,TANGO,
Argentina,0,3,0,2.5,,MAGIA ,12814,,MAGIA ,
Argentina,0,3,0,2.5,,FUTBOL,12814,,FUTBOL,
Argentina,0,3,0,2.5,,RUINAS,12814,,RUINAS,
Argentina,0,3,0,2.5,,ALCOHOLISMO,12814,,ALCOHOLISMO,
Argentina,0,3,0,2.5,,SOBREPESO,12814,,SOBREPESO,
Argentina,0,3,0,2.5,,POBREZA ,12814,,POBREZA ,
Argentina,0,3,0,2.5,,BELLEZA ,12814,,BELLEZA ,
Argentina,0,3,0,2.5,,constancia,12814,,constancia,
Argentina,0,3,0,2.5,,cordillera,12814,,cordillera,
Argentina,0,3,0,2.5,,agricultura,12814,,agricultura,
Argentina,0,3,0,2.5,,religion,12814,,religion,
Argentina,0,3,0,2.5,, comidas tipicas,12814,, comidas tipicas,
Argentina,0,3,0,2.5,, danzas,12814,, danzas,
Argentina,0,3,0,2.5,, cultura,12814,, cultura,
Argentina,0,3,0,2.5,,Turismo,12814,,Turismo,
Argentina,0,3,0,2.5,,carnaval,12814,,carnaval,
Argentina,0,3,0,2.5,, playas,12814,, playas,
Argentina,0,3,0,2.5,, estadios,12814,, estadios,
Argentina,0,3,0,2.5,, jugadores de futbol profesionales,12814,, jugadores de futbol profesionales,
Argentina,0,3,0,2.5,,ir al cine,12814,,ir al cine,
Argentina,0,3,0,2.5,, jugar en playas,12814,, jugar en playas,
Argentina,0,3,0,2.5,, tomar mate,12814,, tomar mate,
Argentina,0,3,0,2.5,,Festivales,12814,,Festivales,
Argentina,0,3,0,2.5,,ceremonias,12814,,ceremonias,
Argentina,0,3,0,2.5,,certamenes ,12814,,certamenes ,
Argentina,0,3,0,2.5,, parranda,12814,, parranda,
Argentina,0,3,0,2.5,, muestras,12814,, muestras,
Argentina,0,3,0,2.5,,Multiétnica,12814,,Multiétnica,
Argentina,0,3,0,2.5,,solidaridad,12814,,solidaridad,
Argentina,0,3,0,2.5,, rituales,12814,, rituales,
Argentina,0,3,0,2.5,, amistad,12814,, amistad,
Argentina,0,3,0,2.5,,comidas,12814,,comidas,
Argentina,0,3,0,2.5,, familia,12814,, familia,
Argentina,0,3,0,2.5,, musica,12814,, musica,
Argentina,0,3,0,2.5,,comidas,12814,,comidas,
Argentina,0,3,0,2.5,,comidas típicas,12814,,comidas típicas,
Argentina,0,3,0,2.5,,desigualdad,12814,,desigualdad,
Argentina,0,3,0,2.5,,oportunidad,12814,,oportunidad,
Argentina,0,3,0,2.5,,Brecha social,12814,,Brecha social,
Argentina,0,3,0,2.5,,carencia,12814,,carencia,
Argentina,0,3,0,2.5,, precariedad,12814,, precariedad,
Argentina,0,3,0,2.5,,calidad académica,12814,,calidad académica,
Argentina,0,3,0,2.5,,festivos,12814,,festivos,
Argentina,0,3,0,2.5,, gozo,12814,, gozo,
Argentina,0,3,0,2.5,,  copado,12814,,  copado,
Argentina,0,3,0,2.5,,desigualdad,12814,,desigualdad,
Argentina,0,3,0,2.5,,variedad,12814,,variedad,
Argentina,0,3,0,2.5,, regionalismo,12814,, regionalismo,
Argentina,0,3,0,2.5,,distribucion geografica,12814,,distribucion geografica,
Argentina,0,3,0,2.5,,audaz,12814,,audaz,
Argentina,0,3,0,2.5,, atrevido,12814,, atrevido,
Argentina,0,3,0,2.5,,educacion,12814,,educacion,
Argentina,0,3,0,2.5,, universidad,12814,, universidad,
Argentina,0,3,0,2.5,,dicha,12814,,dicha,
Argentina,0,3,0,2.5,, encanto,12814,, encanto,
Argentina,0,3,0,2.5,,identidad,12814,,identidad,
Argentina,0,3,0,2.5,,Diversión,12814,,Diversión,
Argentina,0,3,0,2.5,, Playas,12814,, Playas,
Argentina,0,3,0,2.5,,Grandes ciudades,12814,,Grandes ciudades,
Argentina,0,3,0,2.5,,Playas,12814,,Playas,
Argentina,0,3,0,2.5,,Religion Munsulmana.,12814,,Religion Munsulmana.,
Argentina,0,3,0,2.5,,Arepas,12814,,Arepas,
Argentina,0,3,0,2.5,,Cordillera de los Andes,12814,,Cordillera de los Andes,
Argentina,0,3,0,2.5,,Piratas,12814,,Piratas,
Argentina,0,3,0,2.5,,Uranio,12814,,Uranio,
Argentina,0,3,0,2.5,,Educacion ,12814,,Educacion ,
Argentina,0,3,0,2.5,,Kebab,12814,,Kebab,
Argentina,0,3,0,2.5,,Sociables,12814,,Sociables,
Argentina,0,3,0,2.5,,Turístico,12814,,Turístico,
Argentina,0,3,0,2.5,,Buena economia.,12814,,Buena economia.,
Argentina,0,3,0,2.5,,Bailarines,12814,,Bailarines,
Argentina,0,3,0,2.5,,Vacas,12814,,Vacas,
Argentina,0,3,0,2.5,,riqueza,12814,,riqueza,
Argentina,0,3,0,2.5,,riqueza,12814,,riqueza,
Argentina,0,3,0,2.5,,higiene,12814,,higiene,
Argentina,0,3,0,2.5,,higiene ,12814,,higiene ,
Argentina,0,3,0,2.5,,cultura,12814,,cultura,
Argentina,0,3,0,2.5,,cultura,12814,,cultura,
Argentina,0,3,0,2.5,,machismo,12814,,machismo,
Argentina,0,3,0,2.5,,mutilacion,12814,,mutilacion,
Argentina,0,3,0,2.5,,multitud,12814,,multitud,
Argentina,0,3,0,2.5,,cultura,12814,,cultura,
Argentina,0,3,0,2.5,,pastas,12814,,pastas,
Argentina,0,3,0,2.5,,religión,12814,,religión,
Argentina,0,3,0,2.5,,samba,12814,,samba,
Argentina,0,3,0,2.5,,cultura,12814,,cultura,
Argentina,0,3,0,2.5,,el dia de los muertos,12814,,el dia de los muertos,
Argentina,0,3,0,2.5,,cuarteto,12814,,cuarteto,
Argentina,0,3,0,2.5,,comercio,12814,,comercio,
Argentina,0,3,0,2.5,,educación publica,12814,,educación publica,
Argentina,0,3,0,2.5,,espiritualidad,12814,,espiritualidad,
Argentina,0,3,0,2.5,,español y guaraní,12814,,español y guaraní,
Argentina,0,3,0,2.5,,atributos naturales,12814,,atributos naturales,
Argentina,0,3,0,2.5,,economia,12814,,economia,
Argentina,0,3,0,2.5,,Tacos,12814,,Tacos,
Argentina,0,3,0,2.5,,Plaza de Armas,12814,,Plaza de Armas,
Argentina,0,3,0,2.5,,playa tropical,12814,,playa tropical,
Argentina,0,3,0,2.5,,Alegres,12814,,Alegres,
Argentina,0,3,0,2.5,,Mala economia,12814,,Mala economia,
Argentina,0,3,0,2.5,,Mojitos,12814,,Mojitos,
Argentina,0,3,0,2.5,,Narcotrafico,12814,,Narcotrafico,
Argentina,0,3,0,2.5,,Historia milenaria,12814,,Historia milenaria,
Argentina,0,3,0,2.5,,Malambo,12814,,Malambo,
Argentina,0,3,0,2.5,,Diversidad Cultural,12814,,Diversidad Cultural,
Argentina,0,3,0,2.5,,Montañas,12814,,Montañas,
Argentina,0,3,0,2.5,,órden,12814,,órden,
Argentina,0,3,0,2.5,,amables,12814,,amables,
Argentina,0,3,0,2.5,,asado,12814,,asado,
Argentina,0,3,0,2.5,,tomadores de mate,12814,,tomadores de mate,
Argentina,0,3,0,2.5,,Fidel Castro,12814,,Fidel Castro,
Argentina,0,3,0,2.5,,Guerra,12814,,Guerra,
Argentina,0,3,0,2.5,,Murga,12814,,Murga,
Argentina,0,3,0,2.5,,futbol,12814,,futbol,
Argentina,0,3,0,2.5,, cancha,12814,, cancha,
Argentina,0,3,0,2.5,, choripan,12814,, choripan,
Argentina,0,3,0,2.5,,Alegria,12814,,Alegria,
Argentina,0,3,0,2.5,,compañeros,12814,,compañeros,
Argentina,0,3,0,2.5,,sonrientes,12814,,sonrientes,
Argentina,0,3,0,2.5,, respetuosos,12814,, respetuosos,
Argentina,0,3,0,2.5,,pasión,12814,,pasión,
Argentina,0,3,0,2.5,,pasión ,12814,,pasión ,
Argentina,0,3,0,2.5,,suiza,12814,,suiza,
Argentina,0,3,0,2.5,,paisajes montañosos,12814,,paisajes montañosos,
Argentina,0,3,0,2.5,,alegría,12814,,alegría,
Argentina,0,3,0,2.5,,Solidaridad,12814,,Solidaridad,
Argentina,0,3,0,2.5,,Empatía,12814,,Empatía,
Argentina,0,3,0,2.5,,Egoísmo,12814,,Egoísmo,
Argentina,0,3,0,2.5,,tarantella,12814,,tarantella,
Argentina,0,3,0,2.5,,tradición familiar,12814,,tradición familiar,
Argentina,0,3,0,2.5,,samba,12814,,samba,
Argentina,0,3,0,2.5,, energía,12814,, energía,
Argentina,0,3,0,2.5,, baile ,12814,, baile ,
Argentina,0,3,0,2.5,, música,12814,, música,
Argentina,0,3,0,2.5,,pasión por la comida y las reuniones familiares,12814,,pasión por la comida y las reuniones familiares,
Argentina,0,3,0,2.5,,mate,12814,,mate,
Argentina,0,3,0,2.5,, tradición gauchesca.,12814,, tradición gauchesca.,
Argentina,0,3,0,2.5,,Diversión,12814,,Diversión,
Argentina,0,3,0,2.5,,disciplina,12814,,disciplina,
Argentina,0,3,0,2.5,, responsabilidad,12814,, responsabilidad,
Argentina,0,3,0,2.5,,Honestidad,12814,,Honestidad,
Argentina,0,3,0,2.5,,calidez humana ,12814,,calidez humana ,
Argentina,0,3,0,2.5,, amor por el café,12814,, amor por el café,
Argentina,0,3,0,2.5,, música y baile.,12814,, música y baile.,
Argentina,0,3,0,2.5,,Diversión,12814,,Diversión,
Argentina,0,3,0,2.5,,tango,12814,,tango,
Argentina,0,3,0,2.5,, mate,12814,, mate,
Argentina,0,3,0,2.5,, asado,12814,, asado,
Argentina,0,3,0,2.5,, futbol,12814,, futbol,
Argentina,0,3,0,2.5,,Orden,12814,,Orden,
Argentina,0,3,0,2.5,,Educación,12814,,Educación,
Argentina,0,3,0,2.5,,Temperamental,12814,,Temperamental,
Argentina,0,3,0,2.5,,Exigencia,12814,,Exigencia,
Argentina,0,3,0,2.5,,Solidarios y trabajadores,12814,,Solidarios y trabajadores,
Argentina,0,3,0,2.5,,Expresivos,12814,,Expresivos,
Argentina,0,3,0,2.5,,bélicos,12814,,bélicos,
Argentina,0,3,0,2.5,,Ignorante,12814,,Ignorante,
Argentina,0,3,0,2.5,,Cortesía,12814,,Cortesía,
Argentina,0,3,0,2.5,,Apasionados,12814,,Apasionados,
Argentina,0,3,0,2.5,,Alegria,12814,,Alegria,
Argentina,0,3,0,2.5,,alegría,12814,,alegría,
Argentina,0,3,0,2.5,,amabilidad,12814,,amabilidad,
Argentina,0,3,0,2.5,,frío,12814,,frío,
Argentina,0,3,0,2.5,,Orden,12814,,Orden,
Argentina,0,3,0,2.5,, leyes,12814,, leyes,
Argentina,0,3,0,2.5,, limpieza ,12814,, limpieza ,
Argentina,0,3,0,2.5,,Pobreza,12814,,Pobreza,
Argentina,0,3,0,2.5,, bajos recursos,12814,, bajos recursos,
Argentina,0,3,0,2.5,, hambre,12814,, hambre,
Argentina,0,3,0,2.5,,Tecnología,12814,,Tecnología,
Argentina,0,3,0,2.5,, orden,12814,, orden,
Argentina,0,3,0,2.5,, futurista,12814,, futurista,
Argentina,0,3,0,2.5,,Educación,12814,,Educación,
Argentina,0,3,0,2.5,, progreso,12814,, progreso,
Argentina,0,3,0,2.5,, puntualidad,12814,, puntualidad,
Argentina,0,3,0,2.5,,Espacio personal,12814,,Espacio personal,
Argentina,0,3,0,2.5,, consensos ,12814,, consensos ,
Argentina,0,3,0,2.5,,ordenado,12814,,ordenado,
Argentina,0,3,0,2.5,,comida,12814,,comida,
Argentina,0,3,0,2.5,,orden,12814,,orden,
Argentina,0,3,0,2.5,,innovación,12814,,innovación,
Argentina,0,3,0,2.5,,Solidario,12814,,Solidario,
Argentina,0,3,0,2.5,,Tranquilidad,12814,,Tranquilidad,
Argentina,0,3,0,2.5,,Humildad,12814,,Humildad,
Argentina,0,3,0,2.5,,rigidez,12814,,rigidez,
Argentina,0,3,0,2.5,,pobreza,12814,,pobreza,
Argentina,0,3,0,2.5,,limpieza,12814,,limpieza,
Argentina,0,3,0,2.5,,alegres,12814,,alegres,
Argentina,0,3,0,2.5,,amistosos,12814,,amistosos,
Argentina,0,3,0,2.5,,alegres,12814,,alegres,
Argentina,0,3,0,2.5,,Amigables,12814,,Amigables,
Argentina,0,3,0,2.5,,Organización ,12814,,Organización ,
Argentina,0,3,0,2.5,,Solidaridad,12814,,Solidaridad,
Argentina,0,3,0,2.5,,Sociable,12814,,Sociable,
Argentina,0,3,0,2.5,,carnaval,12814,,carnaval,
Argentina,0,3,0,2.5,,Bohemio,12814,,Bohemio,
Argentina,0,3,0,2.5,,creatividad,12814,,creatividad,
Argentina,0,3,0,2.5,,ORGANIZACIÓN,12814,,ORGANIZACIÓN,
Argentina,0,3,0,2.5,,Cultura,12814,,Cultura,
Argentina,0,3,0,2.5,,cultura,12814,,cultura,
Argentina,0,3,0,2.5,,perseverancia,12814,,perseverancia,
Argentina,0,3,0,2.5,,alegria,12814,,alegria,
Argentina,0,3,0,2.5,,organización ,12814,,organización ,
Argentina,0,3,0,2.5,,perseverancia,12814,,perseverancia,
Argentina,0,3,0,2.5,,Organizacion,12814,,Organizacion,
Argentina,0,3,0,2.5,,alegria,12814,,alegria,
Argentina,0,3,0,2.5,,creatividad ,12814,,creatividad ,
Argentina,0,3,0,2.5,,ORDEN,12814,,ORDEN,
Argentina,0,3,0,2.5,,GENOCIDIO ,12814,,GENOCIDIO ,
Argentina,0,3,0,2.5,,musica,12814,,musica,
Argentina,0,3,0,2.5,,religion,12814,,religion,
Argentina,0,3,0,2.5,,serios,12814,,serios,
Argentina,0,3,0,2.5,,futbol,12814,,futbol,
Argentina,0,3,0,2.5,,gastronomia,12814,,gastronomia,
Argentina,0,3,0,2.5,,fiesta,12814,,fiesta,
Argentina,0,3,0,2.5,,PUNTUALIDAD,12814,,PUNTUALIDAD,
Argentina,0,3,0,2.5,,colaborador,12814,,colaborador,
Argentina,0,3,0,2.5,,sociabilidad,12814,,sociabilidad,
Argentina,0,3,0,2.5,,PASIÓN,12814,,PASIÓN,
Argentina,0,3,0,2.5,,CALIDEZ,12814,,CALIDEZ,
Argentina,0,3,0,2.5,,visionarios,12814,,visionarios,
Argentina,0,3,0,2.5,,baile,12814,,baile,
Argentina,0,3,0,2.5,, noche,12814,, noche,
Argentina,0,3,0,2.5,,paisaje,12814,,paisaje,
Argentina,0,3,0,2.5,,democracia,12814,,democracia,
Argentina,0,3,0,2.5,,diversion,12814,,diversion,
Argentina,0,3,0,2.5,,Intelectual,12814,,Intelectual,
Argentina,0,3,0,2.5,,diversion,12814,,diversion,
Argentina,0,3,0,2.5,,guerra,12814,,guerra,
Argentina,0,3,0,2.5,,enemigo,12814,,enemigo,
Argentina,0,3,0,2.5,,viñedo,12814,,viñedo,
Argentina,0,3,0,2.5,,paisajes,12814,,paisajes,
Argentina,0,3,0,2.5,,futbol,12814,,futbol,
Argentina,0,3,0,2.5,,paisaje,12814,,paisaje,
Argentina,0,3,0,2.5,,futbol,12814,,futbol,
Argentina,0,3,0,2.5,,cultura,12814,,cultura,
Argentina,0,3,0,2.5,,cultura,12814,,cultura,
Argentina,0,3,0,2.5,,Momias,12814,,Momias,
Argentina,0,3,0,2.5,, faraón,12814,, faraón,
Argentina,0,3,0,2.5,, gatos,12814,, gatos,
Argentina,0,3,0,2.5,,hermosa,12814,,hermosa,
Argentina,0,3,0,2.5,,genios de la tecnología. ,12814,,genios de la tecnología. ,
Argentina,0,3,0,2.5,,Mendoza ,12814,,Mendoza ,
Argentina,0,3,0,2.5,,Salsa,12814,,Salsa,
Argentina,0,3,0,2.5,, mambo,12814,, mambo,
Argentina,0,3,0,2.5,, merengue,12814,, merengue,
Argentina,0,3,0,2.5,, ,12814,, ,
Argentina,0,3,0,2.5,,Belleza,12814,,Belleza,
Argentina,0,3,0,2.5,,Celia cruz ,12814,,Celia cruz ,
Argentina,0,3,0,2.5,,Animales hermosos,12814,,Animales hermosos,
Argentina,0,3,0,2.5,,Messi,12814,,Messi,
Argentina,0,3,0,2.5,,Córdoba... ,12814,,Córdoba... ,
Argentina,0,3,0,2.5,,Delincuencia,12814,,Delincuencia,
Argentina,0,3,0,2.5,,futbol,12814,,futbol,
Argentina,0,3,0,2.5,,El mejor lugar en el mundo...,12814,,El mejor lugar en el mundo...,
Argentina,0,3,0,2.5,,mucha injusticia y abandono por parte del ESTADO,12814,,mucha injusticia y abandono por parte del ESTADO,
Argentina,0,3,0,2.5,,CUARTETO...,12814,,CUARTETO...,
Argentina,0,3,0,2.5,,flamenco,12814,,flamenco,
Argentina,0,3,0,2.5,,comida rica,12814,,comida rica,
Argentina,0,3,0,2.5,,Hamgurguesas,12814,,Hamgurguesas,
Argentina,0,3,0,2.5,, pollo frito,12814,, pollo frito,
Argentina,0,3,0,2.5,,Calor,12814,,Calor,
Argentina,0,3,0,2.5,,Asado,12814,,Asado,
Argentina,0,3,0,2.5,, buen vino,12814,, buen vino,
Argentina,0,3,0,2.5,,Comida picante,12814,,Comida picante,
Argentina,0,3,0,2.5,, tacos,12814,, tacos,
Argentina,0,3,0,2.5,, tequila,12814,, tequila,
Argentina,0,3,0,2.5,,Solidaria,12814,,Solidaria,
Argentina,0,3,0,2.5,,Historia,12814,,Historia,
Argentina,0,3,0,2.5,,Territorio extenso,12814,,Territorio extenso,
Argentina,0,3,0,2.5,,Tarantela,12814,,Tarantela,
Argentina,0,3,0,2.5,,Tecnológico,12814,,Tecnológico,
Argentina,0,3,0,2.5,,Caribe,12814,,Caribe,
Argentina,0,3,0,2.5,,pobre,12814,,pobre,
Argentina,0,3,0,2.5,,Conflicto,12814,,Conflicto,
Argentina,0,3,0,2.5,,Caos de transito,12814,,Caos de transito,
Argentina,0,3,0,2.5,,Buena musica y comida,12814,,Buena musica y comida,
Argentina,0,3,0,2.5,,Escasos recursos,12814,,Escasos recursos,
Argentina,0,3,0,2.5,,Avanzado,12814,,Avanzado,
Argentina,0,3,0,2.5,,Extremismo,12814,,Extremismo,
Argentina,0,3,0,2.5,,Comerciantes,12814,,Comerciantes,
Argentina,0,3,0,2.5,,Pobreza,12814,,Pobreza,
Argentina,0,3,0,2.5,, hambre,12814,, hambre,
Argentina,0,3,0,2.5,,Futuro,12814,,Futuro,
Argentina,0,3,0,2.5,,disciplina,12814,,disciplina,
Argentina,0,3,0,2.5,, frialdad,12814,, frialdad,
Argentina,0,3,0,2.5,,divertidos,12814,,divertidos,
Argentina,0,3,0,2.5,,divertido,12814,,divertido,
Argentina,0,3,0,2.5,,ordenados,12814,,ordenados,
Argentina,0,3,0,2.5,,orden,12814,,orden,
Argentina,0,3,0,2.5,, puntualidad,12814,, puntualidad,
Argentina,0,3,0,2.5,,narcotráfico,12814,,narcotráfico,
Argentina,0,3,0,2.5,,solidaridad,12814,,solidaridad,
Argentina,0,3,0,2.5,,eficiencia,12814,,eficiencia,
Argentina,0,3,0,2.5,,amistades,12814,,amistades,
Argentina,0,3,0,2.5,,Pasta,12814,,Pasta,
Argentina,0,3,0,2.5,,música - playas,12814,,música - playas,
Argentina,0,3,0,2.5,,meditación,12814,,meditación,
Argentina,0,3,0,2.5,,normas de trancito,12814,,normas de trancito,
Argentina,0,3,0,2.5,,pirámides,12814,,pirámides,
Argentina,0,3,0,2.5,,Respeto desde pequeños,12814,,Respeto desde pequeños,
Argentina,0,3,0,2.5,,arena,12814,,arena,
Argentina,0,3,0,2.5,,originalidad,12814,,originalidad,
Argentina,0,3,0,2.5,,respeto hacia los espacios publicos,12814,,respeto hacia los espacios publicos,
Argentina,0,3,0,2.5,,respeto por las leyes,12814,,respeto por las leyes,
Argentina,0,3,0,2.5,,artes marciales,12814,,artes marciales,
Argentina,0,3,0,2.5,,respeto hacia las diferentes opiniones,12814,,respeto hacia las diferentes opiniones,
Argentina,0,3,0,2.5,,falta de recursos,12814,,falta de recursos,
Argentina,0,3,0,2.5,,Orden,12814,,Orden,
Argentina,0,3,0,2.5,,chocolate,12814,,chocolate,
Argentina,0,3,0,2.5,,amigable,12814,,amigable,
Argentina,0,3,0,2.5,,RECTOS,12814,,RECTOS,
Argentina,0,3,0,2.5,, POTENCIA,12814,, POTENCIA,
Argentina,0,3,0,2.5,, GENTILEZA,12814,, GENTILEZA,
Argentina,0,3,0,2.5,,SIMPATIA,12814,,SIMPATIA,
Argentina,0,3,0,2.5,, PASIONADOS,12814,, PASIONADOS,
Argentina,0,3,0,2.5,, GENTILES,12814,, GENTILES,
Argentina,0,3,0,2.5,, COMPAÑEROS,12814,, COMPAÑEROS,
Argentina,0,3,0,2.5,,DESIGUALDAD,12814,,DESIGUALDAD,
Argentina,0,3,0,2.5,, INSEGURIDAD,12814,, INSEGURIDAD,
Argentina,0,3,0,2.5,, INESTABILIDAD ECONOMICA,12814,, INESTABILIDAD ECONOMICA,
Argentina,0,3,0,2.5,,china,12814,,china,
Argentina,0,3,0,2.5,,HOSPITALIDAD,12814,,HOSPITALIDAD,
Argentina,0,3,0,2.5,, SOLIDARIOS,12814,, SOLIDARIOS,
Argentina,0,3,0,2.5,, PASION,12814,, PASION,
Argentina,0,3,0,2.5,, RESILENCIA,12814,, RESILENCIA,
Argentina,0,3,0,2.5,,uruguay,12814,,uruguay,
Argentina,0,3,0,2.5,,pasion,12814,,pasion,
Argentina,0,3,0,2.5,,fidelidad,12814,,fidelidad,
Argentina,0,3,0,2.5,,PASIFICA,12814,,PASIFICA,
Argentina,0,3,0,2.5,, SOLIDARIOS,12814,, SOLIDARIOS,
Argentina,0,3,0,2.5,, FRATERNALES,12814,, FRATERNALES,
Argentina,0,3,0,2.5,,baile,12814,,baile,
Argentina,0,3,0,2.5,,ungria,12814,,ungria,
Argentina,0,3,0,2.5,,selva,12814,,selva,
Argentina,0,3,0,2.5,,FELICIDAD,12814,,FELICIDAD,
Argentina,0,3,0,2.5,, BIEN ESTAR,12814,, BIEN ESTAR,
Argentina,0,3,0,2.5,, GOZO,12814,, GOZO,
Argentina,0,3,0,2.5,,alegres,12814,,alegres,
Argentina,0,3,0,2.5,,danza,12814,,danza,
Argentina,0,3,0,2.5,,EMOSION,12814,,EMOSION,
Argentina,0,3,0,2.5,, AFECTO,12814,, AFECTO,
Argentina,0,3,0,2.5,, DESEO,12814,, DESEO,
Argentina,0,3,0,2.5,,hablan portuguez,12814,,hablan portuguez,
Argentina,0,3,0,2.5,,pasion,12814,,pasion,
Argentina,0,3,0,2.5,,solitarios,12814,,solitarios,
Argentina,0,3,0,2.5,,DOCTRINA,12814,,DOCTRINA,
Argentina,0,3,0,2.5,, DOGMA,12814,, DOGMA,
Argentina,0,3,0,2.5,, FE,12814,, FE,
Argentina,0,3,0,2.5,, CULTO,12814,, CULTO,
Argentina,0,3,0,2.5,,INTOLERANCIA A LA VIOLENCIA,12814,,INTOLERANCIA A LA VIOLENCIA,
Argentina,0,3,0,2.5,, DISCRIMINACION,12814,, DISCRIMINACION,
Argentina,0,3,0,2.5,, INSITACION AL ODIO,12814,, INSITACION AL ODIO,
Argentina,0,3,0,2.5,,PUNTUALIDAD ORGANIZACION EFICIENCIA,12814,,PUNTUALIDAD ORGANIZACION EFICIENCIA,
Argentina,0,3,0,2.5,,memoria,12814,,memoria,
Argentina,0,3,0,2.5,,cultura,12814,,cultura,
Argentina,0,3,0,2.5,,compromiso,12814,,compromiso,
Argentina,0,3,0,2.5,,natural,12814,,natural,
Argentina,0,3,0,2.5,,muertes,12814,,muertes,
Argentina,0,3,0,2.5,,estadios,12814,,estadios,
Argentina,0,3,0,2.5,,hambre,12814,,hambre,
Argentina,0,3,0,2.5,,buena onda,12814,,buena onda,
Argentina,0,3,0,2.5,,amistosos,12814,,amistosos,
Argentina,0,3,0,2.5,,cuarteteros,12814,,cuarteteros,
Argentina,0,3,0,2.5,,buena cerveza,12814,,buena cerveza,
Argentina,0,3,0,2.5,,campeon mundial ,12814,,campeon mundial ,
Argentina,0,3,0,2.5,,humilde,12814,,humilde,
Argentina,0,3,0,2.5,,calma,12814,,calma,
Argentina,0,3,0,2.5,,fiestera,12814,,fiestera,
Argentina,0,3,0,2.5,,comercial,12814,,comercial,
Argentina,0,3,0,2.5,,sinceros,12814,,sinceros,
Argentina,0,3,0,2.5,,piqueteros,12814,,piqueteros,
Argentina,0,3,0,2.5,,lugareñas,12814,,lugareñas,
Argentina,0,3,0,2.5,,tranquilidad.,12814,,tranquilidad.,
Argentina,0,3,0,2.5,,fauna exotica,12814,,fauna exotica,
Argentina,0,3,0,2.5,,geogaficos,12814,,geogaficos,
Argentina,0,3,0,2.5,,identidad cultural,12814,,identidad cultural,
Argentina,0,3,0,2.5,,idioma,12814,,idioma,
Argentina,0,3,0,2.5,,riqueza natural y cultural,12814,,riqueza natural y cultural,
Argentina,0,3,0,2.5,,cordillera de los andes,12814,,cordillera de los andes,
Argentina,0,3,0,2.5,,armonia,12814,,armonia,
Argentina,0,3,0,2.5,,cafe,12814,,cafe,
Argentina,0,3,0,2.5,,economia,12814,,economia,
Argentina,0,3,0,2.5,,asado,12814,,asado,
Argentina,0,3,0,2.5,,Cada atributo es un rasgo medible ...como la longitud de los bigotes o a la forma de la cola que la IA usa para calcular probabilidades y decidir si la imagen corresponda a un gato u otro animal¨.,12814,,Cada atributo es un rasgo medible ...como la longitud de los bigotes o a la forma de la cola que la IA usa para calcular probabilidades y decidir si la imagen corresponda a un gato u otro animal¨.,
Argentina,0,3,0,2.5,,Argentina,12814,,Argentina,
Argentina,0,3,0,2.5,,tecnologia,12814,,tecnologia,
Argentina,0,3,0,2.5,,playas,12814,,playas,
Argentina,0,3,0,2.5,,Nacionalismoa,12814,,Nacionalismoa,
Argentina,0,3,0,2.5,,division geográfica,12814,,division geográfica,
Argentina,0,3,0,2.5,,animal autoctono,12814,,animal autoctono,
Argentina,0,3,0,2.5,,orden,12814,,orden,
Argentina,0,3,0,2.5,,comidas ,12814,,comidas ,
Argentina,0,3,0,2.5,,historia,12814,,historia,
Argentina,0,3,0,2.5,,futbol,12814,,futbol,
Argentina,0,3,0,2.5,,tolerancia,12814,,tolerancia,
Argentina,0,3,0,2.5,,educacion,12814,,educacion,
Argentina,0,3,0,2.5,,situacion economica,12814,,situacion economica,
Argentina,0,3,0,2.5,,musica,12814,,musica,
Argentina,0,3,0,2.5,,bailes,12814,,bailes,
Argentina,0,3,0,2.5,,pobreza,12814,,pobreza,
Argentina,0,3,0,2.5,,violencia,12814,,violencia,
Argentina,0,3,0,2.5,,dinero,12814,,dinero,
Argentina,0,3,0,2.5,,comodo,12814,,comodo,
Argentina,0,3,0,2.5,,viajero,12814,,viajero,
Argentina,0,3,0,2.5,,economia,12814,,economia,
Argentina,0,3,0,2.5,,buenas personas,12814,,buenas personas,
Argentina,0,3,0,2.5,,amables,12814,,amables,
Argentina,0,3,0,2.5,,politicos,12814,,politicos,
Argentina,0,3,0,2.5,,divertidos,12814,,divertidos,
Argentina,0,3,0,2.5,,feliz,12814,,feliz,
Argentina,0,3,0,2.5,,estructura,12814,,estructura,
Argentina,0,3,0,2.5,, frialdad,12814,, frialdad,
Argentina,0,3,0,2.5,,,12814,,,
Argentina,0,3,0,2.5,,calidos,12814,,calidos,
Argentina,0,3,0,2.5,, amistosos,12814,, amistosos,
Argentina,0,3,0,2.5,, soberbios,12814,, soberbios,
Argentina,0,3,0,2.5,,les gustA la diversion,12814,,les gustA la diversion,
Argentina,0,3,0,2.5,,desarrollado,12814,,desarrollado,
Argentina,0,3,0,2.5,,diversion,12814,,diversion,
Argentina,0,3,0,2.5,, placer,12814,, placer,
Argentina,0,3,0,2.5,,playas,12814,,playas,
Argentina,0,3,0,2.5,, huracan,12814,, huracan,
Argentina,0,3,0,2.5,, ,12814,, ,
Argentina,0,3,0,2.5,,frio,12814,,frio,
Argentina,0,3,0,2.5,,guerra,12814,,guerra,
Argentina,0,3,0,2.5,,petroleo,12814,,petroleo,
Argentina,0,3,0,2.5,,pobreza,12814,,pobreza,
Argentina,0,3,0,2.5,,diplomacia,12814,,diplomacia,
Argentina,0,3,0,2.5,,avanzado,12814,,avanzado,
Argentina,0,3,0,2.5,,gobierno,12814,,gobierno,
Argentina,0,3,0,2.5,,divertido,12814,,divertido,
Argentina,0,3,0,2.5,,trabajadora,12814,,trabajadora,
Argentina,0,3,0,2.5,,trabajadores,12814,,trabajadores,
Argentina,0,3,0,2.5,,organizado,12814,,organizado,
Argentina,0,3,0,2.5,,nativos,12814,,nativos,
Argentina,0,3,0,2.5,,religioso,12814,,religioso,
Argentina,0,3,0,2.5,,conservacionista,12814,,conservacionista,
Argentina,0,3,0,2.5,,orden,12814,,orden,
Argentina,0,3,0,2.5,,Puntualidad,12814,,Puntualidad,
Argentina,0,3,0,2.5,,lluvioso,12814,,lluvioso,
Argentina,0,3,0,2.5,, ventoso,12814,, ventoso,
Argentina,0,3,0,2.5,,Frio,12814,,Frio,
Argentina,0,3,0,2.5,,amables,12814,,amables,
Argentina,0,3,0,2.5,,Libertario,12814,,Libertario,
Argentina,0,3,0,2.5,,Amistad,12814,,Amistad,
Argentina,0,3,0,2.5,, festejos,12814,, festejos,
Argentina,0,3,0,2.5,,Amigables,12814,,Amigables,
Argentina,0,3,0,2.5,,diversidad,12814,,diversidad,
Argentina,0,3,0,2.5,,Idiomas,12814,,Idiomas,
Argentina,0,3,0,2.5,,Turistico,12814,,Turistico,
Argentina,0,3,0,2.5,,familiares,12814,,familiares,
Argentina,0,3,0,2.5,,orden,12814,,orden,
Argentina,0,3,0,2.5,,futbol y comida,12814,,futbol y comida,
Argentina,0,3,0,2.5,,imposición,12814,,imposición,
Argentina,0,3,0,2.5,,danza,12814,,danza,
Argentina,0,3,0,2.5,,turismo,12814,,turismo,
Argentina,0,3,0,2.5,,extrovertidos,12814,,extrovertidos,
Argentina,0,3,0,2.5,,negociadores,12814,,negociadores,
Argentina,0,3,0,2.5,,entretenimiento,12814,,entretenimiento,
Argentina,0,3,0,2.5,,militar,12814,,militar,
Argentina,0,3,0,2.5,,chanta,12814,,chanta,
Argentina,0,3,0,2.5,,diversidad natural,12814,,diversidad natural,
Argentina,0,3,0,2.5,,flora  y fauna,12814,,flora  y fauna,
Argentina,0,3,0,2.5,,regionales,12814,,regionales,
Argentina,0,3,0,2.5,,politica,12814,,politica,
Argentina,0,3,0,2.5,,educacion,12814,,educacion,
Argentina,0,3,0,2.5,,cerveza,12814,,cerveza,
Argentina,0,3,0,2.5,,Trabajo,12814,,Trabajo,
Argentina,0,3,0,2.5,,orden,12814,,orden,
Argentina,0,3,0,2.5,,Amistad,12814,,Amistad,
Argentina,0,3,0,2.5,,diversion,12814,,diversion,
Argentina,0,3,0,2.5,,desarrollado,12814,,desarrollado,
Argentina,0,3,0,2.5,,respeto,12814,,respeto,
Argentina,0,3,0,2.5,,seguridad,12814,,seguridad,
Argentina,0,3,0,2.5,,amistoso,12814,,amistoso,
Argentina,0,3,0,2.5,,amistad,12814,,amistad,
Argentina,0,3,0,2.5,,tecnologia,12814,,tecnologia,
Argentina,0,3,0,2.5,,Vestimenta Colorida,12814,,Vestimenta Colorida,
Argentina,0,3,0,2.5,,lealdad ,12814,,lealdad ,
Argentina,0,3,0,2.5,,cultura,12814,,cultura,
Argentina,0,3,0,2.5,,Es correcta,12814,,Es correcta,
Argentina,0,3,0,2.5,,historia,12814,,historia,
Argentina,0,3,0,2.5,,honestidad,12814,,honestidad,
Argentina,0,3,0,2.5,,Correcto,12814,,Correcto,
Argentina,0,3,0,2.5,,religión,12814,,religión,
Argentina,0,3,0,2.5,,poblacion,12814,,poblacion,
Argentina,0,3,0,2.5,,Japon,12814,,Japon,
Argentina,0,3,0,2.5,,Cultura,12814,,Cultura,
Argentina,0,3,0,2.5,,formada por multiples individuos,12814,,formada por multiples individuos,
Argentina,0,3,0,2.5,,amistad,12814,,amistad,
Argentina,0,3,0,2.5,,eleccion de autoridades,12814,,eleccion de autoridades,
Argentina,0,3,0,2.5,,lealdad,12814,,lealdad,
Argentina,0,3,0,2.5,,soldados,12814,,soldados,
Argentina,0,3,0,2.5,,poderio economico,12814,,poderio economico,
Argentina,0,3,0,2.5,,corrupcion,12814,,corrupcion,
Argentina,0,3,0,2.5,,amigo,12814,,amigo,
Argentina,0,3,0,2.5,,ambientes diversos,12814,,ambientes diversos,
Argentina,0,3,0,2.5,,religión ,12814,,religión ,
Argentina,0,3,0,2.5,,paisajes,12814,,paisajes,
Argentina,0,3,0,2.5,,mate arrroz pizza frutas,12814,,mate arrroz pizza frutas,
Argentina,0,3,0,2.5,,seriedad,12814,,seriedad,
Argentina,0,3,0,2.5,,Responsabilidad,12814,,Responsabilidad,
Argentina,0,3,0,2.5,,Cultura,12814,,Cultura,
Argentina,0,3,0,2.5,,Japon,12814,,Japon,
Argentina,0,3,0,2.5,,divertido,12814,,divertido,
Argentina,0,3,0,2.5,,Cultura,12814,,Cultura,
Argentina,0,3,0,2.5,,Cultura,12814,,Cultura,
Argentina,0,3,0,2.5,,chistoso,12814,,chistoso,
Argentina,0,3,0,2.5,,tranquilo,12814,,tranquilo,
Argentina,0,3,0,2.5,,Amigo,12814,,Amigo,
Argentina,0,3,0,2.5,,Sociables,12814,,Sociables,
Argentina,0,3,0,2.5,,HISTORIA,12814,,HISTORIA,
Argentina,0,3,0,2.5,,ordenados,12814,,ordenados,
Argentina,0,3,0,2.5,,familieros,12814,,familieros,
Argentina,0,3,0,2.5,,amabilidad,12814,,amabilidad,
Argentina,0,3,0,2.5,,humildad,12814,,humildad,
Argentina,0,3,0,2.5,,sencillez,12814,,sencillez,
Argentina,0,3,0,2.5,,Felices,12814,,Felices,
Argentina,0,3,0,2.5,,ecológico,12814,,ecológico,
Argentina,0,3,0,2.5,,Alegres,12814,,Alegres,
Argentina,0,3,0,2.5,,puntualidad,12814,,puntualidad,
Argentina,0,3,0,2.5,,futbol,12814,,futbol,
Argentina,0,3,0,2.5,,nieve,12814,,nieve,
Argentina,0,3,0,2.5,, culipatin,12814,, culipatin,
Argentina,0,3,0,2.5,,educación,12814,,educación,
Argentina,0,3,0,2.5,,dictadura,12814,,dictadura,
Argentina,0,3,0,2.5,,mate,12814,,mate,
Argentina,0,3,0,2.5,,rubios,12814,,rubios,
Argentina,0,3,0,2.5,,fanatico,12814,,fanatico,
Argentina,0,3,0,2.5,,amabilidad,12814,,amabilidad,
Argentina,0,3,0,2.5,,Rectitud,12814,,Rectitud,
Argentina,0,3,0,2.5,,pirámides,12814,,pirámides,
Argentina,0,3,0,2.5,,fútbol,12814,,fútbol,
Argentina,0,3,0,2.5,,tango,12814,,tango,
Argentina,0,3,0,2.5,,comida picante,12814,,comida picante,
Argentina,0,3,0,2.5,,domingos en familia,12814,,domingos en familia,
Argentina,0,3,0,2.5,,gran sueño americano,12814,,gran sueño americano,
Argentina,0,3,0,2.5,,pasión,12814,,pasión,
Argentina,0,3,0,2.5,,inestabilidad económica,12814,,inestabilidad económica,
Argentina,0,3,0,2.5,,café,12814,,café,
Argentina,0,3,0,2.5,,mate,12814,,mate,
Argentina,0,3,0,2.5,,música alegre,12814,,música alegre,
Argentina,0,3,0,2.5,,fauna peligrosa,12814,,fauna peligrosa,
Argentina,0,3,0,2.5,,comida gourmet,12814,,comida gourmet,
Argentina,0,3,0,2.5,,grandes filósofos antiguos,12814,,grandes filósofos antiguos,
Argentina,0,3,0,2.5,,ORDEN,12814,,ORDEN,
Argentina,0,3,0,2.5,,NIEVE,12814,,NIEVE,
Argentina,0,3,0,2.5,,FRUTOS,12814,,FRUTOS,
Argentina,0,3,0,2.5,,TELAS,12814,,TELAS,
Argentina,0,3,0,2.5,,LIMPIA,12814,,LIMPIA,
Argentina,0,3,0,2.5,,ORDEN,12814,,ORDEN,
Argentina,0,3,0,2.5,,POBREZ,12814,,POBREZ,
Argentina,0,3,0,2.5,,ALEGRIA,12814,,ALEGRIA,
Argentina,0,3,0,2.5,,ORDEN,12814,,ORDEN,
Argentina,0,3,0,2.5,,DESEMPLEO,12814,,DESEMPLEO,
Argentina,0,3,0,2.5,,POBREZA,12814,,POBREZA,
Argentina,0,3,0,2.5,,BAILES,12814,,BAILES,
Argentina,0,3,0,2.5,,Inviernos muy frios ,12814,,Inviernos muy frios ,
Argentina,0,3,0,2.5,,Nieve,12814,,Nieve,
Argentina,0,3,0,2.5,,calor,12814,,calor,
Argentina,0,3,0,2.5,,Educación,12814,,Educación,
Argentina,0,3,0,2.5,,pastas,12814,,pastas,
Argentina,0,3,0,2.5,,besos y abrazos,12814,,besos y abrazos,
Argentina,0,3,0,2.5,,limpieza,12814,,limpieza,
Argentina,0,3,0,2.5,,orden,12814,,orden,
Argentina,0,3,0,2.5,,Recursos,12814,,Recursos,
Argentina,0,3,0,2.5,,calor ,12814,,calor ,
Argentina,0,3,0,2.5,,ciudadana,12814,,ciudadana,
Argentina,0,3,0,2.5,,libertad,12814,,libertad,
Argentina,0,3,0,2.5,,puntualidad  organización disciplina ,12814,,puntualidad  organización disciplina ,
Argentina,0,3,0,2.5,,Temperaturas muy bajas,12814,,Temperaturas muy bajas,
Argentina,0,3,0,2.5,,Pobreza ,12814,,Pobreza ,
Argentina,0,3,0,2.5,,Guerras,12814,,Guerras,
Argentina,0,3,0,2.5,,Veranos con altas temperaturas ,12814,,Veranos con altas temperaturas ,
Argentina,0,3,0,2.5,,Costumbres similares ,12814,,Costumbres similares ,
Argentina,0,3,0,2.5,,Falta de educación ,12814,,Falta de educación ,
Argentina,0,3,0,2.5,,Respeto al prójimo ,12814,,Respeto al prójimo ,
Argentina,0,3,0,2.5,,Mucha gente,12814,,Mucha gente,
Argentina,0,3,0,2.5,,Pasión por el futbol ,12814,,Pasión por el futbol ,
Argentina,0,3,0,2.5,,orden,12814,,orden,
Argentina,0,3,0,2.5,,Agua Ardiente,12814,,Agua Ardiente,
Argentina,0,3,0,2.5,,Familia,12814,,Familia,
Argentina,0,3,0,2.5,,Nieve,12814,,Nieve,
Argentina,0,3,0,2.5,,comida tipica,12814,,comida tipica,
Argentina,0,3,0,2.5,,nacionalidad,12814,,nacionalidad,
Argentina,0,3,0,2.5,,Respeto,12814,,Respeto,
Argentina,0,3,0,2.5,, diversidad,12814,, diversidad,
Argentina,0,3,0,2.5,,Respeto,12814,,Respeto,
Argentina,0,3,0,2.5,,orden,12814,,orden,
Argentina,0,3,0,2.5,,Amor,12814,,Amor,
Argentina,0,3,0,2.5,,terrorista,12814,,terrorista,
Argentina,0,3,0,2.5,,compadron,12814,,compadron,
Argentina,0,3,0,2.5,,envidia,12814,,envidia,
Argentina,0,3,0,2.5,,pobreza,12814,,pobreza,
Argentina,0,3,0,2.5,,alegria,12814,,alegria,
Argentina,0,3,0,2.5,,frios,12814,,frios,
Argentina,0,3,0,2.5,,pasión,12814,,pasión,
Argentina,0,3,0,2.5,,pirámides ,12814,,pirámides ,
Argentina,0,3,0,2.5,,cultura,12814,,cultura,
Argentina,0,3,0,2.5,,gente divertida,12814,,gente divertida,
Argentina,0,3,0,2.5,,alegres,12814,,alegres,
Argentina,0,3,0,2.5,,Traficantes ,12814,,Traficantes ,
Argentina,0,3,0,2.5,,Lagos,12814,,Lagos,
Argentina,0,3,0,2.5,, ,12814,, ,
Argentina,0,3,0,2.5,,alegria,12814,,alegria,
Argentina,0,3,0,2.5,, diversión,12814,, diversión,
Argentina,0,3,0,2.5,,tradición ,12814,,tradición ,
Argentina,0,3,0,2.5,,respeto,12814,,respeto,
Argentina,0,3,0,2.5,,puntualidad,12814,,puntualidad,
Argentina,0,3,0,2.5,,puntualidad,12814,,puntualidad,
Argentina,0,3,0,2.5,,puntualidad,12814,,puntualidad,
Argentina,0,3,0,2.5,,alegria,12814,,alegria,
Argentina,0,3,0,2.5,,educados,12814,,educados,
Argentina,0,3,0,2.5,,ordenados,12814,,ordenados,
Argentina,0,3,0,2.5,,buena posición económica,12814,,buena posición económica,
Argentina,0,3,0,2.5,,amable,12814,,amable,
Argentina,0,3,0,2.5,,agradable,12814,,agradable,
Argentina,0,3,0,2.5,,inteligencia,12814,,inteligencia,
Argentina,0,3,0,2.5,,decente,12814,,decente,
Argentina,0,3,0,2.5,,respetuoso,12814,,respetuoso,
Argentina,0,3,0,2.5,,tradicionales,12814,,tradicionales,
Argentina,0,3,0,2.5,,elegante,12814,,elegante,
Argentina,0,3,0,2.5,,patriotismo,12814,,patriotismo,
Argentina,0,3,0,2.5,,hospitalidad,12814,,hospitalidad,
Argentina,0,3,0,2.5,,orden,12814,,orden,
Argentina,0,3,0,2.5,,belleza,12814,,belleza,
Argentina,0,3,0,2.5,,paisajes,12814,,paisajes,
Argentina,0,3,0,2.5,,Sangre argentina vamos Argentina !!!! ,12814,,Sangre argentina vamos Argentina !!!! ,
Argentina,0,3,0,2.5,,Guerra,12814,,Guerra,
Argentina,0,3,0,2.5,,música,12814,,música,
Argentina,0,3,0,2.5,,trabajo,12814,,trabajo,
Argentina,0,3,0,2.5,,Calor,12814,,Calor,
Argentina,0,3,0,2.5,,árabe,12814,,árabe,
Argentina,0,3,0,2.5,,especias,12814,,especias,
Argentina,0,3,0,2.5,,lujos,12814,,lujos,
Argentina,0,3,0,2.5,,futbol,12814,,futbol,
Argentina,0,3,0,2.5,,Paraíso,12814,,Paraíso,
Argentina,0,3,0,2.5,,Comida,12814,,Comida,
Argentina,0,3,0,2.5,, cultura,12814,, cultura,
Argentina,0,3,0,2.5,, arqueología,12814,, arqueología,
Argentina,0,3,0,2.5,,Futbol,12814,,Futbol,
Argentina,0,3,0,2.5,,potencia,12814,,potencia,
Argentina,0,3,0,2.5,, organización,12814,, organización,
Argentina,0,3,0,2.5,,Biodiversidad,12814,,Biodiversidad,
Argentina,0,3,0,2.5,,Arquitectura,12814,,Arquitectura,
Argentina,0,3,0,2.5,,Arquitectura,12814,,Arquitectura,
Argentina,0,3,0,2.5,, Arqueología,12814,, Arqueología,
Argentina,0,3,0,2.5,, Historia,12814,, Historia,
Argentina,0,3,0,2.5,,PUNTUALIDAD,12814,,PUNTUALIDAD,
Argentina,0,3,0,2.5,,Desierto,12814,,Desierto,
Argentina,0,3,0,2.5,,Futbol,12814,,Futbol,
Argentina,0,3,0,2.5,,Capitalismo,12814,,Capitalismo,
Argentina,0,3,0,2.5,,Especias,12814,,Especias,
Argentina,0,3,0,2.5,,Innovación,12814,,Innovación,
Argentina,0,3,0,2.5,, cultura,12814,, cultura,
Argentina,0,3,0,2.5,,Colonialismo,12814,,Colonialismo,
Argentina,0,3,0,2.5,,Innovacióin,12814,,Innovacióin,
Argentina,0,3,0,2.5,, tecnología,12814,, tecnología,
Argentina,0,3,0,2.5,, orden,12814,, orden,
Argentina,0,3,0,2.5,, respeto.,12814,, respeto.,
Argentina,0,3,0,2.5,,Arquitectura,12814,,Arquitectura,
Argentina,0,3,0,2.5,, Pensadores,12814,, Pensadores,
Argentina,0,3,0,2.5,,orden ,12814,,orden ,
Argentina,0,3,0,2.5,,orden,12814,,orden,
Argentina,0,3,0,2.5,,familia,12814,,familia,
Argentina,0,3,0,2.5,,ninguno,12814,,ninguno,
Argentina,0,3,0,2.5,,plurilingue,12814,,plurilingue,
Argentina,0,3,0,2.5,,ninguno,12814,,ninguno,
Argentina,0,3,0,2.5,,ninguna,12814,,ninguna,
Argentina,0,3,0,2.5,,ninguno,12814,,ninguno,
Argentina,0,3,0,2.5,,Puntualidad,12814,,Puntualidad,
Argentina,0,3,0,2.5,,ninguno,12814,,ninguno,
Argentina,0,3,0,2.5,,ninguno,12814,,ninguno,
Argentina,0,3,0,2.5,,ninguno,12814,,ninguno,
Argentina,0,3,0,2.5,,arte,12814,,arte,
Argentina,0,3,0,2.5,,ninguna,12814,,ninguna,
Argentina,0,3,0,2.5,,ninguna,12814,,ninguna,
Argentina,0,3,0,2.5,,ninguna,12814,,ninguna,
Argentina,0,3,0,2.5,,ninguno,12814,,ninguno,
Argentina,0,3,0,2.5,,geografía,12814,,geografía,
Argentina,0,3,0,2.5,,Café,12814,,Café,
Argentina,0,3,0,2.5,,Suiza,12814,,Suiza,
Argentina,0,3,0,2.5,,Italia,12814,,Italia,
Argentina,0,3,0,2.5,,masividad,12814,,masividad,
Argentina,0,3,0,2.5,,Puntualidad,12814,,Puntualidad,
Argentina,0,3,0,2.5,,Trabajo,12814,,Trabajo,
Argentina,0,3,0,2.5,,organizacion,12814,,organizacion,
Argentina,0,3,0,2.5,,corrupcion,12814,,corrupcion,
Argentina,0,3,0,2.5,,adelanto científicos,12814,,adelanto científicos,
Argentina,0,3,0,2.5,,armamentos,12814,,armamentos,
Argentina,0,3,0,2.5,,preparación,12814,,preparación,
Argentina,0,3,0,2.5,,calidez,12814,,calidez,
Argentina,0,3,0,2.5,,atrazo,12814,,atrazo,
Argentina,0,3,0,2.5,,alegres,12814,,alegres,
Argentina,0,3,0,2.5,,fans,12814,,fans,
Argentina,0,3,0,2.5,,la ciencia,12814,,la ciencia,
Argentina,0,3,0,2.5,,pobreza,12814,,pobreza,
Argentina,0,3,0,2.5,,fanaticos,12814,,fanaticos,
Argentina,0,3,0,2.5,,SOLIDARIOS,12814,,SOLIDARIOS,
Argentina,0,3,0,2.5,,COMIDAS TIPICAS,12814,,COMIDAS TIPICAS,
Argentina,0,3,0,2.5,,charlatanes,12814,,charlatanes,
Argentina,0,3,0,2.5,,trabajadores,12814,,trabajadores,
Argentina,0,3,0,2.5,,seriedad,12814,,seriedad,
Argentina,0,3,0,2.5,,seriedad,12814,,seriedad,
Argentina,0,3,0,2.5,,FERNET,12814,,FERNET,
Argentina,0,3,0,2.5,,AHORRO ,12814,,AHORRO ,
Argentina,0,3,0,2.5,,ALEGRES ,12814,,ALEGRES ,
Argentina,0,3,0,2.5,,FESTIVOS ,12814,,FESTIVOS ,
Argentina,0,3,0,2.5,,Tecnología ,12814,,Tecnología ,
Argentina,0,3,0,2.5,,Libertad ,12814,,Libertad ,
Argentina,0,3,0,2.5,,Situación de calle ,12814,,Situación de calle ,
Argentina,0,3,0,2.5,,Paisajes,12814,,Paisajes,
Argentina,0,3,0,2.5,,Emoción ,12814,,Emoción ,
Argentina,0,3,0,2.5,,Musica ,12814,,Musica ,
Argentina,0,3,0,2.5,,Tecnología ,12814,,Tecnología ,
Argentina,0,3,0,2.5,,Aguacate ,12814,,Aguacate ,
Argentina,0,3,0,2.5,,Patria ,12814,,Patria ,
Argentina,0,3,0,2.5,,Alegres ,12814,,Alegres ,
Argentina,0,3,0,2.5,,mortalidad infantil,12814,,mortalidad infantil,
Argentina,0,3,0,2.5,,Puntualidad,12814,,Puntualidad,
Argentina,0,3,0,2.5,,ROMANCE ,12814,,ROMANCE ,
Argentina,0,3,0,2.5,,POBREZA ,12814,,POBREZA ,
Argentina,0,3,0,2.5,,HERENCIA ,12814,,HERENCIA ,
Argentina,0,3,0,2.5,,SOLITARIOS ,12814,,SOLITARIOS ,
Argentina,0,3,0,2.5,,gastronomia,12814,,gastronomia,
Argentina,0,3,0,2.5,,RIQUEZA LINGUISTICA ,12814,,RIQUEZA LINGUISTICA ,
Argentina,0,3,0,2.5,,NACIONALIDAD  ALEMANA----puntualidad disciplina organización ,12814,,NACIONALIDAD  ALEMANA----puntualidad disciplina organización ,
Argentina,0,3,0,2.5,," nacionalidad (Argentina)?

Tradición
Mate
Fútbol
Hospitalidad
Asado",12814,," nacionalidad (Argentina)?

Tradición
Mate
Fútbol
Hospitalidad
Asado",
Argentina,0,3,0,2.5,,Lealtad. eficiencia,12814,,Lealtad. eficiencia,
Argentina,0,3,0,2.5,, eficacia,12814,, eficacia,
Argentina,0,3,0,2.5,, pulcritud,12814,, pulcritud,
Argentina,0,3,0,2.5,, perfeccion,12814,, perfeccion,
Argentina,0,3,0,2.5,, ,12814,, ,
Argentina,0,3,0,2.5,,Avanzados,12814,,Avanzados,
Argentina,0,3,0,2.5,,Pasión,12814,,Pasión,
Argentina,0,3,0,2.5,,mestizaje,12814,,mestizaje,
Argentina,0,3,0,2.5,,arquitectura,12814,,arquitectura,
Argentina,0,3,0,2.5,,música alegre,12814,,música alegre,
Argentina,0,3,0,2.5,,pobreza,12814,,pobreza,
Argentina,0,3,0,2.5,,eficiencia,12814,,eficiencia,
Argentina,0,3,0,2.5,,turismo internacional,12814,,turismo internacional,
Argentina,0,3,0,2.5,,elegancia,12814,,elegancia,
Argentina,0,3,0,2.5,,amistad,12814,,amistad,
Argentina,0,3,0,2.5,,puntualidad,12814,,puntualidad,
Argentina,0,3,0,2.5,,trigo,12814,,trigo,
Argentina,0,3,0,2.5,,estructurado,12814,,estructurado,
Argentina,0,3,0,2.5,,futbolero,12814,,futbolero,
Argentina,0,3,0,2.5,,puntualidad,12814,,puntualidad,
Argentina,0,3,0,2.5,,Nacionalistas,12814,,Nacionalistas,
Argentina,0,3,0,2.5,,Anglosajones - Latinoamericanos,12814,,Anglosajones - Latinoamericanos,
Argentina,0,3,0,2.5,,Amigables - Descorteses,12814,,Amigables - Descorteses,
Argentina,0,3,0,2.5,,Acogedores - Frialdad y Distancia,12814,,Acogedores - Frialdad y Distancia,
Argentina,0,3,0,2.5,,Mayor población mundial,12814,,Mayor población mundial,
Argentina,0,3,0,2.5,,Pueblo opresor de los judíos,12814,,Pueblo opresor de los judíos,
Argentina,0,3,0,2.5,,País Sudamericano,12814,,País Sudamericano,
Argentina,0,3,0,2.5,,"Sistemas de Calidad: Creadores del sistema 5 ""S""",12814,,"Sistemas de Calidad: Creadores del sistema 5 ""S""",
Argentina,0,3,0,2.5,,País angosto y largo de Latinoamérica,12814,,País angosto y largo de Latinoamérica,
Argentina,0,3,0,2.5,, con salida al mar,12814,, con salida al mar,
Argentina,0,3,0,2.5,,Animales exóticos,12814,,Animales exóticos,
Argentina,0,3,0,2.5,,rectitud,12814,,rectitud,
Argentina,0,3,0,2.5,,Seriedad,12814,,Seriedad,
Argentina,0,3,0,2.5,,Respeto,12814,,Respeto,
Argentina,0,3,0,2.5,,baile,12814,,baile,
Argentina,0,3,0,2.5,, musica,12814,, musica,
Argentina,0,3,0,2.5,,expresividad,12814,,expresividad,
Argentina,0,3,0,2.5,,fríos,12814,,fríos,
Argentina,0,3,0,2.5,,Hospitalidad,12814,,Hospitalidad,
Argentina,0,3,0,2.5,,Identidad,12814,,Identidad,
Argentina,0,3,0,2.5,,País sudamericano,12814,,País sudamericano,
Argentina,0,3,0,2.5,,Esfuerzo,12814,,Esfuerzo,
Argentina,0,3,0,2.5,,Hospitalidad,12814,,Hospitalidad,
Argentina,0,3,0,2.5,,Alegria,12814,,Alegria,
Argentina,0,3,0,2.5,,orden,12814,,orden,
Argentina,0,3,0,2.5,,chistosos,12814,,chistosos,
Argentina,0,3,0,2.5,,amistad,12814,,amistad,
Argentina,0,3,0,2.5,,descriminacion,12814,,descriminacion,
Argentina,0,3,0,2.5,,explotacion,12814,,explotacion,
Argentina,0,3,0,2.5,,fiestas,12814,,fiestas,
Argentina,0,3,0,2.5,,vulneración,12814,,vulneración,
Argentina,0,3,0,2.5,,juicio,12814,,juicio,
Argentina,0,3,0,2.5,,alegria,12814,,alegria,
Argentina,0,3,0,2.5,,cordialidad,12814,,cordialidad,
Argentina,0,3,0,2.5,,acento o forma de hablar,12814,,acento o forma de hablar,
Argentina,0,3,0,2.5,,costumbres culturales,12814,,costumbres culturales,
Argentina,0,3,0,2.5,,fiesta,12814,,fiesta,
Argentina,0,3,0,2.5,,ellos discriminan - inmigracion,12814,,ellos discriminan - inmigracion,
Argentina,0,3,0,2.5,,siempre fuerte,12814,,siempre fuerte,
Argentina,0,3,0,2.5,,debido a playas,12814,,debido a playas,
Argentina,0,3,0,2.5,,muy compinches,12814,,muy compinches,
Argentina,0,3,0,2.5,,respeto,12814,,respeto,
Argentina,0,3,0,2.5,,falta de politicas ,12814,,falta de politicas ,
Argentina,0,3,0,2.5,,buen vivir,12814,,buen vivir,
Argentina,0,3,0,2.5,,latinoamericanos,12814,,latinoamericanos,
Argentina,0,3,0,2.5,,militares,12814,,militares,
Argentina,0,3,0,2.5,,cultura de sombrero ,12814,,cultura de sombrero ,
Argentina,0,3,0,2.5,,un poco de confianza,12814,,un poco de confianza,
Argentina,0,3,0,2.5,,Orden,12814,,Orden,
Argentina,0,3,0,2.5,,Mate,12814,,Mate,
Argentina,0,3,0,2.5,,Golpe de Estado,12814,,Golpe de Estado,
Argentina,0,3,0,2.5,,Playa,12814,,Playa,
Argentina,0,3,0,2.5,,Productos importados,12814,,Productos importados,
Argentina,0,3,0,2.5,,Inmigración,12814,,Inmigración,
Argentina,0,3,0,2.5,,Guerra,12814,,Guerra,
Argentina,0,3,0,2.5,,Cultura,12814,,Cultura,
Argentina,0,3,0,2.5,,Coyas,12814,,Coyas,
Argentina,0,3,0,2.5,,Aliados en la Unión Europea,12814,,Aliados en la Unión Europea,
Argentina,0,3,0,2.5,,ORDEN,12814,,ORDEN,
Argentina,0,3,0,2.5,,Gastronomía destacada,12814,,Gastronomía destacada,
Argentina,0,3,0,2.5,,Inteligentes,12814,,Inteligentes,
Argentina,0,3,0,2.5,,Futboleros,12814,,Futboleros,
Argentina,0,3,0,2.5,,agricultura,12814,,agricultura,
Argentina,0,3,0,2.5,,Nómades ,12814,,Nómades ,
Argentina,0,3,0,2.5,,amistad,12814,,amistad,
Argentina,0,3,0,2.5,,Naturaleza,12814,,Naturaleza,
Argentina,0,3,0,2.5,,Música alegre,12814,,Música alegre,
Argentina,0,3,0,2.5,,pobreza,12814,,pobreza,
Argentina,0,3,0,2.5,,Imperialismo ,12814,,Imperialismo ,
Argentina,0,3,0,2.5,,Multicultural ,12814,,Multicultural ,
Argentina,0,3,0,2.5,,Historia,12814,,Historia,
Argentina,0,3,0,2.5,,Alegres,12814,,Alegres,
Argentina,0,3,0,2.5,,Comida tradicional,12814,,Comida tradicional,
Argentina,0,3,0,2.5,,Recursos Naturales,12814,,Recursos Naturales,
Argentina,0,3,0,2.5,,creatividad,12814,,creatividad,
Argentina,0,3,0,2.5,, deporte (fútbol),12814,, deporte (fútbol),
Argentina,0,3,0,2.5,, cultura (mate),12814,, cultura (mate),
Argentina,0,3,0,2.5,, música,12814,, música,
Argentina,0,3,0,2.5,,Honor,12814,,Honor,
Argentina,0,3,0,2.5,,Tradición familiar ,12814,,Tradición familiar ,
Argentina,0,3,0,2.5,,Amabilidad ,12814,,Amabilidad ,
Argentina,0,3,0,2.5,,Limpieza ,12814,,Limpieza ,
Argentina,0,3,0,2.5,,Machismo,12814,,Machismo,
Argentina,0,3,0,2.5,,Honor,12814,,Honor,
Argentina,0,3,0,2.5,,Fútbol como religión ,12814,,Fútbol como religión ,
Argentina,0,3,0,2.5,,Gastronomía ,12814,,Gastronomía ,
Argentina,0,3,0,2.5,,fanáticos,12814,,fanáticos,
Argentina,0,3,0,2.5,,Expresivos,12814,,Expresivos,
Argentina,0,3,0,2.5,,Honorables,12814,,Honorables,
Argentina,0,3,0,2.5,,Alegres,12814,,Alegres,
Argentina,0,3,0,2.5,,Democráticos,12814,,Democráticos,
Argentina,0,3,0,2.5,,Diversidad ,12814,,Diversidad ,
Argentina,0,3,0,2.5,,paisajes,12814,,paisajes,
Argentina,0,3,0,2.5,,Democracia,12814,,Democracia,
Argentina,0,3,0,2.5,,Solidaridad ,12814,,Solidaridad ,
Argentina,0,3,0,2.5,,fraternidad,12814,,fraternidad,
Argentina,0,3,0,2.5,,Privacidad ,12814,,Privacidad ,
Argentina,0,3,0,2.5,,Agricultura,12814,,Agricultura,
Argentina,0,3,0,2.5,,Tecnológicos,12814,,Tecnológicos,
Argentina,0,3,0,2.5,,Danza,12814,,Danza,
Argentina,0,3,0,2.5,,idealistas,12814,,idealistas,
Argentina,0,3,0,2.5,,Fraternidad,12814,,Fraternidad,
Argentina,0,3,0,2.5,,Coordinación,12814,,Coordinación,
Argentina,0,3,0,2.5,,Latinos,12814,,Latinos,
Argentina,0,3,0,2.5,,Diversidad cultural,12814,,Diversidad cultural,
Argentina,0,3,0,2.5,,Puntualidad,12814,,Puntualidad,
Argentina,0,3,0,2.5,,Diversidad Cultural,12814,,Diversidad Cultural,
Argentina,0,3,0,2.5,,Diversidad cultural,12814,,Diversidad cultural,
Argentina,0,3,0,2.5,,Puntualidad,12814,,Puntualidad,
Argentina,0,3,0,2.5,,Diversidad cultural,12814,,Diversidad cultural,
Argentina,0,3,0,2.5,,Alegría,12814,,Alegría,
Argentina,0,3,0,2.5,,Afrodescendientes,12814,,Afrodescendientes,
Argentina,0,3,0,2.5,,Mate,12814,,Mate,
Argentina,0,3,0,2.5,,Libres,12814,,Libres,
Argentina,0,3,0,2.5,,Reggae,12814,,Reggae,
Argentina,0,3,0,2.5,,Pesca,12814,,Pesca,
Argentina,0,3,0,2.5,,Latinos,12814,,Latinos,
Argentina,0,3,0,2.5,,Coordiales,12814,,Coordiales,
Argentina,0,3,0,2.5,,amabilidad ,12814,,amabilidad ,
Argentina,0,3,0,2.5,,Pizza,12814,,Pizza,
Argentina,0,3,0,2.5,,Meticulosos,12814,,Meticulosos,
Argentina,0,3,0,2.5,,poder adquisitivo alto,12814,,poder adquisitivo alto,
Argentina,0,3,0,2.5,,Cuarteto,12814,,Cuarteto,
Argentina,0,3,0,2.5,,amistosos,12814,,amistosos,
Argentina,0,3,0,2.5,,Amigos,12814,,Amigos,
Argentina,0,3,0,2.5,,mate ,12814,,mate ,
Argentina,0,3,0,2.5,,Garoto,12814,,Garoto,
Argentina,0,3,0,2.5,,Fútbol,12814,,Fútbol,
Argentina,0,3,0,2.5,,cafe,12814,,cafe,
Argentina,0,3,0,2.5,,paz,12814,,paz,
Argentina,0,3,0,2.5,,animales ,12814,,animales ,
Argentina,0,3,0,2.5,,tranquilidad,12814,,tranquilidad,
Argentina,0,3,0,2.5,,ciudad,12814,,ciudad,
Argentina,0,3,0,2.5,,libertad,12814,,libertad,
Argentina,0,3,0,2.5,,guerra,12814,,guerra,
Argentina,0,3,0,2.5,,mares,12814,,mares,
Argentina,0,3,0,2.5,,cuarteto,12814,,cuarteto,
Argentina,0,3,0,2.5,,ORDEN,12814,,ORDEN,
Argentina,0,3,0,2.5,,musica baile,12814,,musica baile,
Argentina,0,3,0,2.5,,TANGO,12814,,TANGO,
Argentina,0,3,0,2.5,,descanso ,12814,,descanso ,
Argentina,0,3,0,2.5,,RECOLECTORES DE CAFE,12814,,RECOLECTORES DE CAFE,
Argentina,0,3,0,2.5,,tango,12814,,tango,
Argentina,0,3,0,2.5,,JUSTICIA SOCIAL,12814,,JUSTICIA SOCIAL,
Argentina,0,3,0,2.5,,tiendas de ropa,12814,,tiendas de ropa,
Argentina,0,3,0,2.5,,TURISMO DE AVENTURA,12814,,TURISMO DE AVENTURA,
Argentina,0,3,0,2.5,,justicia ,12814,,justicia ,
Argentina,0,3,0,2.5,,zafari,12814,,zafari,
Argentina,0,3,0,2.5,,EDUCADOS Y RESPETUOSOS,12814,,EDUCADOS Y RESPETUOSOS,
Argentina,0,3,0,2.5,,musica baile,12814,,musica baile,
Argentina,0,3,0,2.5,,CULTIVO DEL CAFE,12814,,CULTIVO DEL CAFE,
Argentina,0,3,0,2.5,,tecnologia,12814,,tecnologia,
Argentina,0,3,0,2.5,,cultura - economia estable,12814,,cultura - economia estable,
Argentina,0,3,0,2.5,,cortesia,12814,,cortesia,
Argentina,0,3,0,2.5,, educación,12814,, educación,
Argentina,0,3,0,2.5,,mayas,12814,,mayas,
Argentina,0,3,0,2.5,,bosques,12814,,bosques,
Argentina,0,3,0,2.5,,Baile,12814,,Baile,
Argentina,0,3,0,2.5,,Cultura,12814,,Cultura,
Argentina,0,3,0,2.5,,Reinado,12814,,Reinado,
Argentina,0,3,0,2.5,,Futbol,12814,,Futbol,
Argentina,0,3,0,2.5,,Playas,12814,,Playas,
Argentina,0,3,0,2.5,,Cultura,12814,,Cultura,
Argentina,0,3,0,2.5,,pobreza,12814,,pobreza,
Argentina,0,3,0,2.5,,poco amigables,12814,,poco amigables,
Argentina,0,3,0,2.5,,Trabajo,12814,,Trabajo,
Argentina,0,3,0,2.5,,Diversidad cultural,12814,,Diversidad cultural,
Argentina,0,3,0,2.5,,Trabajo,12814,,Trabajo,
Argentina,0,3,0,2.5,,Pluralidad cultural,12814,,Pluralidad cultural,
Argentina,0,3,0,2.5,, vida urbana,12814,, vida urbana,
Argentina,0,3,0,2.5,,Trabajo,12814,,Trabajo,
Argentina,0,3,0,2.5,,tiene algo que ver con las otras provincias,12814,,tiene algo que ver con las otras provincias,
Argentina,0,3,0,2.5,,hay diversion en este lugar,12814,,hay diversion en este lugar,
Argentina,0,3,0,2.5,,tienen salida al mar,12814,,tienen salida al mar,
Argentina,0,3,0,2.5,,es una provincia con buen nivel de vida,12814,,es una provincia con buen nivel de vida,
Argentina,0,3,0,2.5,,Elegancia,12814,,Elegancia,
Argentina,0,3,0,2.5,,"Puntualidad.
Organización
Disciplina",12814,,"Puntualidad.
Organización
Disciplina",
Argentina,0,3,0,2.5,,diciplina,12814,,diciplina,
Argentina,0,3,0,2.5,,amabilidad,12814,,amabilidad,
Argentina,0,3,0,2.5,,alegria,12814,,alegria,
Argentina,0,3,0,2.5,,Elegancia,12814,,Elegancia,
Argentina,0,3,0,2.5,,Amabilidad,12814,,Amabilidad,
Argentina,0,3,0,2.5,,Expresividad,12814,,Expresividad,
Argentina,0,3,0,2.5,,Sociabilidad,12814,,Sociabilidad,
Argentina,0,3,0,2.5,,Tradición,12814,,Tradición,
Argentina,0,3,0,2.5,,Organización,12814,,Organización,
Argentina,0,3,0,2.5,,arrogantes,12814,,arrogantes,
Argentina,0,3,0,2.5,,divertidos ,12814,,divertidos ,
Argentina,0,3,0,2.5,,alegres,12814,,alegres,
Argentina,0,3,0,2.5,,diversidad,12814,,diversidad,
Argentina,0,3,0,2.5,,toman mucho,12814,,toman mucho,
Argentina,0,3,0,2.5,,Costumbres populares,12814,,Costumbres populares,
Argentina,0,3,0,2.5,,solidarios,12814,,solidarios,
Argentina,0,3,0,2.5,,empatia,12814,,empatia,
Argentina,0,3,0,2.5,,Trabajo,12814,,Trabajo,
Argentina,0,3,0,2.5,,costumbre ,12814,,costumbre ,
Argentina,0,3,0,2.5,,alegria,12814,,alegria,
Argentina,0,3,0,2.5,,responsabilidad,12814,,responsabilidad,
Argentina,0,3,0,2.5,,organizado,12814,,organizado,
Argentina,0,3,0,2.5,,alegre,12814,,alegre,
Argentina,0,3,0,2.5,,platos tipicos,12814,,platos tipicos,
Argentina,0,3,0,2.5,,fiesta,12814,,fiesta,
Argentina,0,3,0,2.5,,baile,12814,,baile,
Argentina,0,3,0,2.5,,organizacion,12814,,organizacion,
Argentina,0,3,0,2.5,,desempleo,12814,,desempleo,
Argentina,0,3,0,2.5,,musica tipica,12814,,musica tipica,
Argentina,0,3,0,2.5,,canguros,12814,,canguros,
Argentina,0,3,0,2.5,,piramides,12814,,piramides,
Argentina,0,3,0,2.5,,alegres,12814,,alegres,
Argentina,0,3,0,2.5,,mate,12814,,mate,
Argentina,0,3,0,2.5,,Egoistas,12814,,Egoistas,
Argentina,0,3,0,2.5,,orden,12814,,orden,
Argentina,0,3,0,2.5,,pasión,12814,,pasión,
Argentina,0,3,0,2.5,,zamba,12814,,zamba,
Argentina,0,3,0,2.5,,Respeto,12814,,Respeto,
Argentina,0,3,0,2.5,,División,12814,,División,
Argentina,0,3,0,2.5,,Diferencia clases,12814,,Diferencia clases,
Argentina,0,3,0,2.5,,tekila,12814,,tekila,
Argentina,0,3,0,2.5,,PAISA,12814,,PAISA,
Argentina,0,3,0,2.5,,POBREZA,12814,,POBREZA,
Argentina,0,3,0,2.5,,CANGUROS,12814,,CANGUROS,
Argentina,0,3,0,2.5,,boscoso,12814,,boscoso,
Argentina,0,3,0,2.5,,agresividad,12814,,agresividad,
Argentina,0,3,0,2.5,,seco,12814,,seco,
Argentina,0,3,0,2.5,,comida rica,12814,,comida rica,
Argentina,0,3,0,2.5,,estafadores,12814,,estafadores,
Argentina,0,3,0,2.5,,extenso,12814,,extenso,
Argentina,0,3,0,2.5,,resentimiento,12814,,resentimiento,
Argentina,0,3,0,2.5,,clasico,12814,,clasico,
Argentina,0,3,0,2.5,,frio,12814,,frio,
Argentina,0,3,0,2.5,,colonial,12814,,colonial,
Argentina,0,3,0,2.5,,pobreza,12814,,pobreza,
Argentina,0,3,0,2.5,,violencia,12814,,violencia,
Argentina,0,3,0,2.5,,tradicion,12814,,tradicion,
Argentina,0,3,0,2.5,,colorido,12814,,colorido,
Argentina,0,3,0,2.5,,exceso de trabajo,12814,,exceso de trabajo,
Argentina,0,3,0,2.5,,litio,12814,,litio,
Argentina,0,3,0,2.5,,frio,12814,,frio,
Argentina,0,3,0,2.5,,pequeña población,12814,,pequeña población,
Argentina,0,3,0,2.5,,moda,12814,,moda,
Argentina,0,3,0,2.5,,turismo,12814,,turismo,
Argentina,0,3,0,2.5,,tecnologia,12814,,tecnologia,
Argentina,0,3,0,2.5,,caluroso,12814,,caluroso,
Argentina,0,3,0,2.5,,Frialdad,12814,,Frialdad,
Argentina,0,3,0,2.5,, orden.,12814,, orden.,
Argentina,0,3,0,2.5,,Gran biodiversidad,12814,,Gran biodiversidad,
Argentina,0,3,0,2.5,,Hospitalidad,12814,,Hospitalidad,
Argentina,0,3,0,2.5,,Caluroso,12814,,Caluroso,
Argentina,0,3,0,2.5,,Introvertidos,12814,,Introvertidos,
Argentina,0,3,0,2.5,,Musica,12814,,Musica,
Argentina,0,3,0,2.5,,Aprecio por lo cultural,12814,,Aprecio por lo cultural,
Argentina,0,3,0,2.5,,Genocidio,12814,,Genocidio,
Argentina,0,3,0,2.5,,Ruidosos,12814,,Ruidosos,
Argentina,0,3,0,2.5,,Turismo,12814,,Turismo,
Argentina,0,3,0,2.5,,Humor,12814,,Humor,
Argentina,0,3,0,2.5,,Ventajero,12814,,Ventajero,
Argentina,0,3,0,2.5,,Minería,12814,,Minería,
Argentina,0,3,0,2.5,,Fútbol,12814,,Fútbol,
Argentina,0,3,0,2.5,,Gastronomía,12814,,Gastronomía,
Argentina,0,3,0,2.5,,respetuoso,12814,,respetuoso,
Argentina,0,3,0,2.5,,Cerveza,12814,,Cerveza,
Argentina,0,3,0,2.5,,Pobreza,12814,,Pobreza,
Argentina,0,3,0,2.5,,Divertido,12814,,Divertido,
Argentina,0,3,0,2.5,,Nieve,12814,,Nieve,
Argentina,0,3,0,2.5,,respetuoso,12814,,respetuoso,
Argentina,0,3,0,2.5,,Alegre,12814,,Alegre,
Argentina,0,3,0,2.5,,Competitivo,12814,,Competitivo,
Argentina,0,3,0,2.5,,futboleros,12814,,futboleros,
Argentina,0,3,0,2.5,,Puuntualidad,12814,,Puuntualidad,
Argentina,0,3,0,2.5,,Alegres,12814,,Alegres,
Argentina,0,3,0,2.5,,respeto,12814,,respeto,
Argentina,0,3,0,2.5,,trabajador,12814,,trabajador,
Argentina,0,3,0,2.5,,orden,12814,,orden,
Argentina,0,3,0,2.5,,pasion,12814,,pasion,
Argentina,0,3,0,2.5,,futbolera,12814,,futbolera,
Argentina,0,3,0,2.5,,orden,12814,,orden,
Argentina,0,3,0,2.5,,cultura,12814,,cultura,
Argentina,0,3,0,2.5,,gastronomia,12814,,gastronomia,
Argentina,0,3,0,2.5,,ARTE,12814,,ARTE,
Argentina,0,3,0,2.5,,DISCIPLINA,12814,,DISCIPLINA,
Argentina,0,3,0,2.5,,DIVERSION ,12814,,DIVERSION ,
Argentina,0,3,0,2.5,,FUTBOL,12814,,FUTBOL,
Argentina,0,3,0,2.5,,REGIMEN,12814,,REGIMEN,
Argentina,0,3,0,2.5,,TECONOLOGIA,12814,,TECONOLOGIA,
Argentina,0,3,0,2.5,,BOMBAS,12814,,BOMBAS,
Argentina,0,3,0,2.5,,FAMILIA,12814,,FAMILIA,
Argentina,0,3,0,2.5,,VIOLENCIA,12814,,VIOLENCIA,
Argentina,0,3,0,2.5,,MONTAÑAS,12814,,MONTAÑAS,
Argentina,0,3,0,2.5,,bueno,12814,,bueno,
Argentina,0,3,0,2.5,,Estados unidos,12814,,Estados unidos,
Argentina,0,3,0,2.5,,Orden,12814,,Orden,
Argentina,0,3,0,2.5,, educación. ,12814,, educación. ,
Argentina,0,3,0,2.5,,Libertad,12814,,Libertad,
Argentina,0,3,0,2.5,, creación,12814,, creación,
Argentina,0,3,0,2.5,, espontaneidad.,12814,, espontaneidad.,
Argentina,0,3,0,2.5,,Futbol,12814,,Futbol,
Argentina,0,3,0,2.5,, recreación,12814,, recreación,
Argentina,0,3,0,2.5,, actores.,12814,, actores.,
Argentina,0,3,0,2.5,,canciones,12814,,canciones,
Argentina,0,3,0,2.5,, pasión,12814,, pasión,
Argentina,0,3,0,2.5,, competencias. ,12814,, competencias. ,
Argentina,0,3,0,2.5,,Respeto,12814,,Respeto,
Argentina,0,3,0,2.5,, arquitectura,12814,, arquitectura,
Argentina,0,3,0,2.5,,disciplina,12814,,disciplina,
Argentina,0,3,0,2.5,,alegría,12814,,alegría,
Argentina,0,3,0,2.5,,trabajadores,12814,,trabajadores,
Argentina,0,3,0,2.5,,amables,12814,,amables,
Argentina,0,3,0,2.5,,familiares,12814,,familiares,
Argentina,0,3,0,2.5,,agradecidos,12814,,agradecidos,
Argentina,0,3,0,2.5,,calor,12814,,calor,
Argentina,0,3,0,2.5,,belleza,12814,,belleza,
Argentina,0,3,0,2.5,,buena comida,12814,,buena comida,
Argentina,0,3,0,2.5,,SOLIDARIDAD,12814,,SOLIDARIDAD,
Argentina,0,3,0,2.5,,PUNTUALIDAD - HUMOR,12814,,PUNTUALIDAD - HUMOR,
Argentina,0,3,0,2.5,,PUNTUALIDAD Y HUMOR,12814,,PUNTUALIDAD Y HUMOR,
Argentina,0,3,0,2.5,,Buena onda - correcto,12814,,Buena onda - correcto,
Argentina,0,3,0,2.5,,resilecncia- seriedad,12814,,resilecncia- seriedad,
Argentina,0,3,0,2.5,,Orden,12814,,Orden,
Argentina,0,3,0,2.5,,frio,12814,,frio,
Argentina,0,3,0,2.5,,sociables,12814,,sociables,
Argentina,0,3,0,2.5,,responsable s- trabajadores,12814,,responsable s- trabajadores,
Argentina,0,3,0,2.5,,Buena comida,12814,,Buena comida,
Argentina,0,3,0,2.5,,paso ,12814,,paso ,
Argentina,0,3,0,2.5,,pobreza,12814,,pobreza,
Argentina,0,3,0,2.5,,alegres-puntuales,12814,,alegres-puntuales,
Argentina,0,3,0,2.5,,tropical,12814,,tropical,
Argentina,0,3,0,2.5,,Vestimenta,12814,,Vestimenta,
Argentina,0,3,0,2.5,, despliegue,12814,, despliegue,
Argentina,0,3,0,2.5,,orden,12814,,orden,
Argentina,0,3,0,2.5,,optimismo,12814,,optimismo,
Argentina,0,3,0,2.5,, agradable,12814,, agradable,
Argentina,0,3,0,2.5,,humilde,12814,,humilde,
Argentina,0,3,0,2.5,, carente,12814,, carente,
Argentina,0,3,0,2.5,,desesperanza,12814,,desesperanza,
Argentina,0,3,0,2.5,,folclore,12814,,folclore,
Argentina,0,3,0,2.5,,folclore,12814,,folclore,
Argentina,0,3,0,2.5,,amables,12814,,amables,
Argentina,0,3,0,2.5,,amabilidad,12814,,amabilidad,
Argentina,0,3,0,2.5,,desconsuelo,12814,,desconsuelo,
Argentina,0,3,0,2.5,,abandono,12814,,abandono,
Argentina,0,3,0,2.5,,abandono,12814,,abandono,
Argentina,0,3,0,2.5,,vender cosas muy baratas,12814,,vender cosas muy baratas,
Argentina,0,3,0,2.5,,relajados,12814,,relajados,
Argentina,0,3,0,2.5,,ignorancia,12814,,ignorancia,
Argentina,0,3,0,2.5,,calidez,12814,,calidez,
Argentina,0,3,0,2.5,,festiva,12814,,festiva,
Argentina,0,3,0,2.5,,responsabilidad,12814,,responsabilidad,
Argentina,0,3,0,2.5,,hermandad,12814,,hermandad,
Argentina,0,3,0,2.5,,desahumanidad,12814,,desahumanidad,
Argentina,0,3,0,2.5,,hermosa,12814,,hermosa,
Argentina,0,3,0,2.5,,Disciplina ,12814,,Disciplina ,
Argentina,0,3,0,2.5,,Turismo ,12814,,Turismo ,
Argentina,0,3,0,2.5,,Asado,12814,,Asado,
Argentina,0,3,0,2.5,,Diversidad ,12814,,Diversidad ,
Argentina,0,3,0,2.5,,Messi ,12814,,Messi ,
Argentina,0,3,0,2.5,,Alegría ,12814,,Alegría ,
Argentina,0,3,0,2.5,,Solidaridad ,12814,,Solidaridad ,
Argentina,0,3,0,2.5,,Pirámides ,12814,,Pirámides ,
Argentina,0,3,0,2.5,,Picante ,12814,,Picante ,
Argentina,0,3,0,2.5,,Tecnologia ,12814,,Tecnologia ,
Argentina,0,3,0,2.5,,Cultura ,12814,,Cultura ,
Argentina,0,3,0,2.5,,Disciplina ,12814,,Disciplina ,
Argentina,0,3,0,2.5,,Tradición ,12814,,Tradición ,
Argentina,0,3,0,2.5,,Solidaridad ,12814,,Solidaridad ,
Argentina,0,3,0,2.5,,ESTRICTOS,12814,,ESTRICTOS,
Argentina,0,3,0,2.5,, FRIOS.,12814,, FRIOS.,
Argentina,0,3,0,2.5,,ESPONTANEIDAD,12814,,ESPONTANEIDAD,
Argentina,0,3,0,2.5,, ATENTOS,12814,, ATENTOS,
Argentina,0,3,0,2.5,,GASTRONOMIA,12814,,GASTRONOMIA,
Argentina,0,3,0,2.5,, BESTIMENTA,12814,, BESTIMENTA,
Argentina,0,3,0,2.5,, COSMETICOS,12814,, COSMETICOS,
Argentina,0,3,0,2.5,,ENERGICOS,12814,,ENERGICOS,
Argentina,0,3,0,2.5,, DISCRIMINACION,12814,, DISCRIMINACION,
Argentina,0,3,0,2.5,,SOCIABLES,12814,,SOCIABLES,
Argentina,0,3,0,2.5,, SIMPATICOS,12814,, SIMPATICOS,
Argentina,0,3,0,2.5,, TRADICIONES,12814,, TRADICIONES,
Argentina,0,3,0,2.5,,TRABAJORES,12814,,TRABAJORES,
Argentina,0,3,0,2.5,, VIGOROSOS,12814,, VIGOROSOS,
Argentina,0,3,0,2.5,, ,12814,, ,
Argentina,0,3,0,2.5,,GRACIOSOS,12814,,GRACIOSOS,
Argentina,0,3,0,2.5,, DIVERTIDOS,12814,, DIVERTIDOS,
Argentina,0,3,0,2.5,,DIVERSIDAD,12814,,DIVERSIDAD,
Argentina,0,3,0,2.5,, VARIEDAD DE RAZA,12814,, VARIEDAD DE RAZA,
Argentina,0,3,0,2.5,,RESPETO,12814,,RESPETO,
Argentina,0,3,0,2.5,, CALIDEZ,12814,, CALIDEZ,
Argentina,0,3,0,2.5,, ,12814,, ,
Argentina,0,3,0,2.5,,DIVERSIDAD,12814,,DIVERSIDAD,
Argentina,0,3,0,2.5,, COMIDAS,12814,, COMIDAS,
Argentina,0,3,0,2.5,,DISCRIMINACION,12814,,DISCRIMINACION,
Argentina,0,3,0,2.5,, ENERGECOS,12814,, ENERGECOS,
Argentina,0,3,0,2.5,, FAMILIEROS,12814,, FAMILIEROS,
Argentina,0,3,0,2.5,,PASION,12814,,PASION,
Argentina,0,3,0,2.5,, AMOR,12814,, AMOR,
Argentina,0,3,0,2.5,, FANATISMO,12814,, FANATISMO,
Argentina,0,3,0,2.5,,RECTOS,12814,,RECTOS,
Argentina,0,3,0,2.5,, JUSTOS,12814,, JUSTOS,
Argentina,0,3,0,2.5,,endereza,12814,,endereza,
Argentina,0,3,0,2.5,,colores,12814,,colores,
Argentina,0,3,0,2.5,,orden,12814,,orden,
Argentina,0,3,0,2.5,,Cálido,12814,,Cálido,
Argentina,0,3,0,2.5,,Dictadura,12814,,Dictadura,
Argentina,0,3,0,2.5,,suciedad,12814,,suciedad,
Argentina,0,3,0,2.5,,Diversión,12814,,Diversión,
Argentina,0,3,0,2.5,,trabajadores,12814,,trabajadores,
Argentina,0,3,0,2.5,,fanaticos,12814,,fanaticos,
Argentina,0,3,0,2.5,,adinerados,12814,,adinerados,
Argentina,0,3,0,2.5,,divertidos,12814,,divertidos,
Argentina,0,3,0,2.5,,fiesteros,12814,,fiesteros,
Argentina,0,3,0,2.5,,Toros,12814,,Toros,
Argentina,0,3,0,2.5,,lanas,12814,,lanas,
Argentina,0,3,0,2.5,,nacis,12814,,nacis,
Argentina,0,3,0,2.5,,Divertidos,12814,,Divertidos,
Argentina,0,3,0,2.5,,Mafia,12814,,Mafia,
Argentina,0,3,0,2.5,,Pobres,12814,,Pobres,
Argentina,0,3,0,2.5,,Musica ,12814,,Musica ,
Argentina,0,3,0,2.5,,Elegancia,12814,,Elegancia,
Argentina,0,3,0,2.5,,disciplina,12814,,disciplina,
Argentina,0,3,0,2.5,,pobreza,12814,,pobreza,
Argentina,0,3,0,2.5,,familia,12814,,familia,
Argentina,0,3,0,2.5,,pasion,12814,,pasion,
Argentina,0,3,0,2.5,,naturaleza,12814,,naturaleza,
Argentina,0,3,0,2.5,,amistad,12814,,amistad,
Argentina,0,3,0,2.5,,respeto a los mayores,12814,,respeto a los mayores,
Argentina,0,3,0,2.5,,violencia,12814,,violencia,
Argentina,0,3,0,2.5,,depresion,12814,,depresion,
Argentina,0,3,0,2.5,,vino,12814,,vino,
Argentina,0,3,0,2.5,,droga,12814,,droga,
Argentina,0,3,0,2.5,,poca educacion,12814,,poca educacion,
Argentina,0,3,0,2.5,,respeto,12814,,respeto,
Argentina,0,3,0,2.5,,gentil,12814,,gentil,
Argentina,0,3,0,2.5,,solidaridad,12814,,solidaridad,
Argentina,0,3,0,2.5,,Vacaciones ,12814,,Vacaciones ,
Argentina,0,3,0,2.5,,Limpieza y orden ,12814,,Limpieza y orden ,
Argentina,0,3,0,2.5,,Grieta y fanatismo ,12814,,Grieta y fanatismo ,
Argentina,0,3,0,2.5,,Emigración,12814,,Emigración,
Argentina,0,3,0,2.5,,limpieza,12814,,limpieza,
Argentina,0,3,0,2.5,,piramides,12814,,piramides,
Argentina,0,3,0,2.5,,Papa Francisco,12814,,Papa Francisco,
Argentina,0,3,0,2.5,, Messi,12814,, Messi,
Argentina,0,3,0,2.5,, futbol,12814,, futbol,
Argentina,0,3,0,2.5,, asado,12814,, asado,
Argentina,0,3,0,2.5,, mate,12814,, mate,
Argentina,0,3,0,2.5,,Orden,12814,,Orden,
Argentina,0,3,0,2.5,,Street,12814,,Street,
Argentina,0,3,0,2.5,,Tierra colorada ,12814,,Tierra colorada ,
Argentina,0,3,0,2.5,,Manifestaciones ,12814,,Manifestaciones ,
Argentina,0,3,0,2.5,,Guerrq,12814,,Guerrq,
Argentina,0,3,0,2.5,,Sierras,12814,,Sierras,
Argentina,0,3,0,2.5,,Mar playq,12814,,Mar playq,
Argentina,0,3,0,2.5,,Mar,12814,,Mar,
Argentina,0,3,0,2.5,,Frialdad,12814,,Frialdad,
Argentina,0,3,0,2.5,,amistosos,12814,,amistosos,
Argentina,0,3,0,2.5,,alegría ,12814,,alegría ,
Argentina,0,3,0,2.5,,campeones,12814,,campeones,
Argentina,0,3,0,2.5,, fútbol,12814,, fútbol,
Argentina,0,3,0,2.5,, descubrimientos,12814,, descubrimientos,
Argentina,0,3,0,2.5,, resiliencia,12814,, resiliencia,
Argentina,0,3,0,2.5,,dictadura,12814,,dictadura,
Argentina,0,3,0,2.5,, belleza femenina,12814,, belleza femenina,
Argentina,0,3,0,2.5,,pobreza,12814,,pobreza,
Argentina,0,3,0,2.5,,tango,12814,,tango,
Argentina,0,3,0,2.5,, folclore,12814,, folclore,
Argentina,0,3,0,2.5,,progreso,12814,,progreso,
Argentina,0,3,0,2.5,,glaciares,12814,,glaciares,
Argentina,0,3,0,2.5,, arrayanes,12814,, arrayanes,
Argentina,0,3,0,2.5,, alerces,12814,, alerces,
Argentina,0,3,0,2.5,, pampa húmeda,12814,, pampa húmeda,
Argentina,0,3,0,2.5,,frío,12814,,frío,
Argentina,0,3,0,2.5,, zonas inhóspitas,12814,, zonas inhóspitas,
Argentina,0,3,0,2.5,,puntualidad,12814,,puntualidad,
Argentina,0,3,0,2.5,, monarquía,12814,, monarquía,
Argentina,0,3,0,2.5,,narcomenudeo,12814,,narcomenudeo,
Argentina,0,3,0,2.5,,pasión futbolera,12814,,pasión futbolera,
Argentina,0,3,0,2.5,,respeto,12814,,respeto,
Argentina,0,3,0,2.5,,paciencia,12814,,paciencia,
Argentina,0,3,0,2.5,,alegria,12814,,alegria,
Argentina,0,3,0,2.5,,respeto,12814,,respeto,
Argentina,0,3,0,2.5,,lealtad,12814,,lealtad,
Argentina,0,3,0,2.5,,folclore,12814,,folclore,
Argentina,0,3,0,2.5,,petroleo,12814,,petroleo,
Argentina,0,3,0,2.5,,muerte,12814,,muerte,
Argentina,0,3,0,2.5,,orden,12814,,orden,
Argentina,0,3,0,2.5,,orden,12814,,orden,
Argentina,0,3,0,2.5,,tacos,12814,,tacos,
Argentina,0,3,0,2.5,,fiesta,12814,,fiesta,
Argentina,0,3,0,2.5,,pobreza,12814,,pobreza,
Argentina,0,3,0,2.5,,Arbustos,12814,,Arbustos,
Argentina,0,3,0,2.5,,musica andina,12814,,musica andina,
Argentina,0,3,0,2.5,,mundial,12814,,mundial,
Argentina,0,3,0,2.5,,fiesta,12814,,fiesta,
Argentina,0,3,0,2.5,,picante,12814,,picante,
Argentina,0,3,0,2.5,,brasil portugues,12814,,brasil portugues,
Argentina,0,3,0,2.5,,eficacia,12814,,eficacia,
Argentina,0,3,0,2.5,,historia,12814,,historia,
Argentina,0,3,0,2.5,,tradicion,12814,,tradicion,
Argentina,0,3,0,2.5,,Organización,12814,,Organización,
Argentina,0,3,0,2.5,,trabajador,12814,,trabajador,
Argentina,0,3,0,2.5,,empática,12814,,empática,
Argentina,0,3,0,2.5,,organizada,12814,,organizada,
Argentina,0,3,0,2.5,,golpeada,12814,,golpeada,
Argentina,0,3,0,2.5,,potencia,12814,,potencia,
Argentina,0,3,0,2.5,,arraigados,12814,,arraigados,
Argentina,0,3,0,2.5,,organi,12814,,organi,
Argentina,0,3,0,2.5,,sabores,12814,,sabores,
Argentina,0,3,0,2.5,,organización,12814,,organización,
Argentina,0,3,0,2.5,,ideología,12814,,ideología,
Argentina,0,3,0,2.5,,festividades,12814,,festividades,
Argentina,0,3,0,2.5,,estilo,12814,,estilo,
Argentina,0,3,0,2.5,,naturaleza,12814,,naturaleza,
Argentina,0,3,0,2.5,,actividad,12814,,actividad,
Argentina,0,3,0,2.5,,Altísima calidad de vida,12814,,Altísima calidad de vida,
Argentina,0,3,0,2.5,, seguridad y orden.,12814,, seguridad y orden.,
Argentina,0,3,0,2.5,,Economía robusta,12814,,Economía robusta,
Argentina,0,3,0,2.5,,Convivencia pacífica,12814,,Convivencia pacífica,
Argentina,0,3,0,2.5,,Preocupación por el medio ambiente.,12814,,Preocupación por el medio ambiente.,
Argentina,0,3,0,2.5,,Hospitalidad,12814,,Hospitalidad,
Argentina,0,3,0,2.5,, trato cálido.,12814,, trato cálido.,
Argentina,0,3,0,2.5,,Estructurado,12814,,Estructurado,
Argentina,0,3,0,2.5,,Apasionado,12814,,Apasionado,
Argentina,0,3,0,2.5,,Expresivos,12814,,Expresivos,
Argentina,0,3,0,2.5,,Caluroso,12814,,Caluroso,
Argentina,0,3,0,2.5,,Aguerridos,12814,,Aguerridos,
Argentina,0,3,0,2.5,,Artesanales,12814,,Artesanales,
Argentina,0,3,0,2.5,,Caribeño,12814,,Caribeño,
Argentina,0,3,0,2.5,,Incaico,12814,,Incaico,
Argentina,0,3,0,2.5,,Agrandado,12814,,Agrandado,
Argentina,0,3,0,2.5,,Imperialista,12814,,Imperialista,
Argentina,0,3,0,2.5,,Pulcritud,12814,,Pulcritud,
Argentina,0,3,0,2.5,,Histórico,12814,,Histórico,
Argentina,0,3,0,2.5,,Rebeldes,12814,,Rebeldes,
Argentina,0,3,0,2.5,,Pobreza,12814,,Pobreza,
Argentina,0,3,0,2.5,,Egocéntricos,12814,,Egocéntricos,
Argentina,0,3,0,2.5,,Paz,12814,,Paz,
Argentina,0,3,0,2.5,,Alegres,12814,,Alegres,
Argentina,0,3,0,2.5,,Conflictos,12814,,Conflictos,
Argentina,0,3,0,2.5,,Ordenado,12814,,Ordenado,
Argentina,0,3,0,2.5,,Familiero,12814,,Familiero,
Argentina,0,3,0,2.5,,Tradición,12814,,Tradición,
Argentina,0,3,0,2.5,,Seriedad,12814,,Seriedad,
Argentina,0,3,0,2.5,,Amistad,12814,,Amistad,
Argentina,0,3,0,2.5,,Machismo,12814,,Machismo,
Argentina,0,3,0,2.5,,Malhumorados,12814,,Malhumorados,
Argentina,0,3,0,2.5,,Familiares,12814,,Familiares,
Argentina,0,3,0,2.5,,Apasionados,12814,,Apasionados,
Argentina,0,3,0,2.5,,Seriedad,12814,,Seriedad,
Argentina,0,3,0,2.5,,Ladrones,12814,,Ladrones,
Argentina,0,3,0,2.5,,Vagos,12814,,Vagos,
Argentina,0,3,0,2.5,,Afectuosos,12814,,Afectuosos,
Argentina,0,3,0,2.5,,Machismo,12814,,Machismo,
Argentina,0,3,0,2.5,,buen nivel socioeconómico,12814,,buen nivel socioeconómico,
Argentina,0,3,0,2.5,,buen nivel socioeconómico,12814,,buen nivel socioeconómico,
Argentina,0,3,0,2.5,,Seriedad ,12814,,Seriedad ,
Argentina,0,3,0,2.5,,estereotipo,12814,,estereotipo,
Argentina,0,3,0,2.5,,Dialecto,12814,,Dialecto,
Argentina,0,3,0,2.5,,Playa,12814,,Playa,
Argentina,0,3,0,2.5,,Conflicto,12814,,Conflicto,
Argentina,0,3,0,2.5,,Animales,12814,,Animales,
Argentina,0,3,0,2.5,,Sobrepoblación,12814,,Sobrepoblación,
Argentina,0,3,0,2.5,,Mito,12814,,Mito,
Argentina,0,3,0,2.5,,Pasión,12814,,Pasión,
Argentina,0,3,0,2.5,,Limpieza,12814,,Limpieza,
Argentina,0,3,0,2.5,,Revolución,12814,,Revolución,
Argentina,0,3,0,2.5,,Cholita,12814,,Cholita,
Argentina,0,3,0,2.5,,Alegría,12814,,Alegría,
Argentina,0,3,0,2.5,,Futbol,12814,,Futbol,
Argentina,0,3,0,2.5,,Trabajador,12814,,Trabajador,
Argentina,0,3,0,2.5,,Calor,12814,,Calor,
Argentina,0,3,0,2.5,,amistosos,12814,,amistosos,
Argentina,0,3,0,2.5,, hospitalarios,12814,, hospitalarios,
Argentina,0,3,0,2.5,,serviciales,12814,,serviciales,
Argentina,0,3,0,2.5,,Alegres ,12814,,Alegres ,
Argentina,0,3,0,2.5,,Amables ,12814,,Amables ,
Argentina,0,3,0,2.5,,Inteligentes,12814,,Inteligentes,
Argentina,0,3,0,2.5,,Fuerza,12814,,Fuerza,
Argentina,0,3,0,2.5,,Resistencia,12814,,Resistencia,
Argentina,0,3,0,2.5,,Sociales,12814,,Sociales,
Argentina,0,3,0,2.5,,Falta de recursos ,12814,,Falta de recursos ,
Argentina,0,3,0,2.5,,Amistos,12814,,Amistos,
Argentina,0,3,0,2.5,,Diversión ,12814,,Diversión ,
Argentina,0,3,0,2.5,,Ideales,12814,,Ideales,
Argentina,0,3,0,2.5,,alegria,12814,,alegria,
Argentina,0,3,0,2.5,,futbol baile,12814,,futbol baile,
Argentina,0,3,0,2.5,,baile intensos,12814,,baile intensos,
Argentina,0,3,0,2.5,,playa baile futbol,12814,,playa baile futbol,
Argentina,0,3,0,2.5,,trabajadores,12814,,trabajadores,
Argentina,0,3,0,2.5,,trabajador alegre,12814,,trabajador alegre,
Argentina,0,3,0,2.5,,alegre trabajador,12814,,alegre trabajador,
Argentina,0,3,0,2.5,,generosos con el turismo,12814,,generosos con el turismo,
Argentina,0,3,0,2.5,,trabajadores y alegres,12814,,trabajadores y alegres,
Argentina,0,3,0,2.5,,comidas tipicas,12814,,comidas tipicas,
Argentina,0,3,0,2.5,,ritual religioso costumbre,12814,,ritual religioso costumbre,
Argentina,0,3,0,2.5,,asado playa ,12814,,asado playa ,
Argentina,0,3,0,2.5,,solidarios,12814,,solidarios,
Argentina,0,3,0,2.5,, pasion,12814,, pasion,
Argentina,0,3,0,2.5,,union,12814,,union,
Argentina,0,3,0,2.5,,Fiesta,12814,,Fiesta,
Argentina,0,3,0,2.5,,Disciplina,12814,,Disciplina,
Argentina,0,3,0,2.5,,sol,12814,,sol,
Argentina,0,3,0,2.5,,Fernet con coca,12814,,Fernet con coca,
Argentina,0,3,0,2.5,,Sociables,12814,,Sociables,
Argentina,0,3,0,2.5,,amabilidad,12814,,amabilidad,
Argentina,0,3,0,2.5,,organizados,12814,,organizados,
Argentina,0,3,0,2.5,,.,12814,,.,
Argentina,0,3,0,2.5,,.,12814,,.,
Argentina,0,3,0,2.5,,.,12814,,.,
Argentina,0,3,0,2.5,,pobreza,12814,,pobreza,
Argentina,0,3,0,2.5,,organizacion,12814,,organizacion,
Argentina,0,3,0,2.5,,mate,12814,,mate,
Argentina,0,3,0,2.5,,diversidad cultural,12814,,diversidad cultural,
Argentina,0,3,0,2.5,,Tecnologia,12814,,Tecnologia,
Argentina,0,3,0,2.5,,Mar,12814,,Mar,
Argentina,0,3,0,2.5,,montañas,12814,,montañas,
Argentina,0,3,0,2.5,,alegria,12814,,alegria,
Argentina,0,3,0,2.5,,pasión,12814,,pasión,
Argentina,0,3,0,2.5,,Innovación,12814,,Innovación,
Argentina,0,3,0,2.5,,Fulbol,12814,,Fulbol,
Argentina,0,3,0,2.5,,futbol,12814,,futbol,
Argentina,0,3,0,2.5,,Cultura,12814,,Cultura,
Argentina,0,3,0,2.5,,Andino,12814,,Andino,
Argentina,0,3,0,2.5,,Tierras raras,12814,,Tierras raras,
Argentina,0,3,0,2.5,,Carnes,12814,,Carnes,
Argentina,0,3,0,2.5,,tango,12814,,tango,
Argentina,0,3,0,2.5,,alegria,12814,,alegria,
Argentina,0,3,0,2.5,,Desarrollo,12814,,Desarrollo,
Argentina,0,3,0,2.5,,resilencia,12814,,resilencia,
Argentina,0,3,0,2.5,,Carnaval,12814,,Carnaval,
Argentina,0,3,0,2.5,,tecnologia,12814,,tecnologia,
Argentina,0,3,0,2.5,,PETROLEO,12814,,PETROLEO,
Argentina,0,3,0,2.5,,cultura,12814,,cultura,
Argentina,0,3,0,2.5,,INDIVIDUALISTAS,12814,,INDIVIDUALISTAS,
Argentina,0,3,0,2.5,,EMPATIA,12814,,EMPATIA,
Argentina,0,3,0,2.5,,.,12814,,.,
Argentina,0,3,0,2.5,,alegres,12814,,alegres,
Argentina,0,3,0,2.5,,FÚTBOL,12814,,FÚTBOL,
Argentina,0,3,0,2.5,,PASIÓN,12814,,PASIÓN,
Argentina,0,3,0,2.5,,valor por la amistad,12814,,valor por la amistad,
Argentina,0,3,0,2.5,,cultura,12814,,cultura,
Argentina,0,3,0,2.5,,Amistad,12814,,Amistad,
Argentina,0,3,0,2.5,,Amistad,12814,,Amistad,
Argentina,0,3,0,2.5,,Lealtad,12814,,Lealtad,
Argentina,0,3,0,2.5,,Extremistas,12814,,Extremistas,
Argentina,0,3,0,2.5,,Peruana,12814,,Peruana,
Argentina,0,3,0,2.5,,Hippie,12814,,Hippie,
Argentina,0,3,0,2.5,,Alegrìa,12814,,Alegrìa,
Argentina,0,3,0,2.5,,Educaciòn,12814,,Educaciòn,
Argentina,0,3,0,2.5,,Patagonia,12814,,Patagonia,
Argentina,0,3,0,2.5,,Paraísos fiscales,12814,,Paraísos fiscales,
Argentina,0,3,0,2.5,,Bailes,12814,,Bailes,
Argentina,0,3,0,2.5,,Futbol,12814,,Futbol,
Argentina,0,3,0,2.5,,Pobres,12814,,Pobres,
Argentina,0,3,0,2.5,,ALEGRES,12814,,ALEGRES,
Argentina,0,3,0,2.5,,MULTICULTURAL,12814,,MULTICULTURAL,
Argentina,0,3,0,2.5,,PASIONALES,12814,,PASIONALES,
Argentina,0,3,0,2.5,, ALEGRES,12814,, ALEGRES,
Argentina,0,3,0,2.5,, FIESTEROS,12814,, FIESTEROS,
Argentina,0,3,0,2.5,,DIVERSOS,12814,,DIVERSOS,
Argentina,0,3,0,2.5,, CALIDOS,12814,, CALIDOS,
Argentina,0,3,0,2.5,,GENTE CON ALTO PODER ADQUISITIVO,12814,,GENTE CON ALTO PODER ADQUISITIVO,
Argentina,0,3,0,2.5,,HISTORICO,12814,,HISTORICO,
Argentina,0,3,0,2.5,, CALUROSO,12814,, CALUROSO,
Argentina,0,3,0,2.5,, MACHISTAS,12814,, MACHISTAS,
Argentina,0,3,0,2.5,,GENTE DE CAMPO CON PLATA,12814,,GENTE DE CAMPO CON PLATA,
Argentina,0,3,0,2.5,,DIFICILES DE ENTENDER,12814,,DIFICILES DE ENTENDER,
Argentina,0,3,0,2.5,, CERRADOS,12814,, CERRADOS,
Argentina,0,3,0,2.5,, RESERVADOS,12814,, RESERVADOS,
Argentina,0,3,0,2.5,,COMIDAS DELICIOSAS,12814,,COMIDAS DELICIOSAS,
Argentina,0,3,0,2.5,, CULTURA,12814,, CULTURA,
Argentina,0,3,0,2.5,, COLOR,12814,, COLOR,
Argentina,0,3,0,2.5,, HISTORIA,12814,, HISTORIA,
Argentina,0,3,0,2.5,,POCA EDUCACIÓN,12814,,POCA EDUCACIÓN,
Argentina,0,3,0,2.5,, PLANES SOCIALES,12814,, PLANES SOCIALES,
Argentina,0,3,0,2.5,, VILLAS MISERIA,12814,, VILLAS MISERIA,
Argentina,0,3,0,2.5,,RESERVADOS,12814,,RESERVADOS,
Argentina,0,3,0,2.5,, ALTOS,12814,, ALTOS,
Argentina,0,3,0,2.5,, MUCHA PLATA,12814,, MUCHA PLATA,
Argentina,0,3,0,2.5,,alegres,12814,,alegres,
Argentina,0,3,0,2.5,,violentos,12814,,violentos,
Argentina,0,3,0,2.5,, patriotas,12814,, patriotas,
Argentina,0,3,0,2.5,,corruptos,12814,,corruptos,
Argentina,0,3,0,2.5,, vagos,12814,, vagos,
Argentina,0,3,0,2.5,, amistosos,12814,, amistosos,
Argentina,0,3,0,2.5,, resilientes,12814,, resilientes,
Argentina,0,3,0,2.5,,serios,12814,,serios,
Argentina,0,3,0,2.5,, correctos,12814,, correctos,
Argentina,0,3,0,2.5,, inteligentes,12814,, inteligentes,
Argentina,0,3,0,2.5,,futboleros,12814,,futboleros,
Argentina,0,3,0,2.5,,sociables,12814,,sociables,
Argentina,0,3,0,2.5,,serios,12814,,serios,
Argentina,0,3,0,2.5,, aburridos,12814,, aburridos,
Argentina,0,3,0,2.5,, puntuales,12814,, puntuales,
Argentina,0,3,0,2.5,,bronceado,12814,,bronceado,
Argentina,0,3,0,2.5,,pobreza,12814,,pobreza,
Argentina,0,3,0,2.5,,religioso,12814,,religioso,
Argentina,0,3,0,2.5,, patriarcal,12814,, patriarcal,
Argentina,0,3,0,2.5,, machista,12814,, machista,
Argentina,0,3,0,2.5,,medicina,12814,,medicina,
Argentina,0,3,0,2.5,, retraso,12814,, retraso,
Argentina,0,3,0,2.5,, pobreza,12814,, pobreza,
Argentina,0,3,0,2.5,, aislado,12814,, aislado,
Argentina,0,3,0,2.5,,pobreza,12814,,pobreza,
Argentina,0,3,0,2.5,, carencias,12814,, carencias,
Argentina,0,3,0,2.5,, peligroso,12814,, peligroso,
Argentina,0,3,0,2.5,,tranquilos,12814,,tranquilos,
Argentina,0,3,0,2.5,,tango,12814,,tango,
Argentina,0,3,0,2.5,, cuarteto,12814,, cuarteto,
Argentina,0,3,0,2.5,,Cinco,12814,,Cinco,
Argentina,0,3,0,2.5,,felicidad,12814,,felicidad,
Argentina,0,3,0,2.5,,autoritarismo,12814,,autoritarismo,
Argentina,0,3,0,2.5,,amabilidad,12814,,amabilidad,
Argentina,0,3,0,2.5,,Playas,12814,,Playas,
Argentina,0,3,0,2.5,,Diversidad cultural,12814,,Diversidad cultural,
Argentina,0,3,0,2.5,,alegres,12814,,alegres,
Argentina,0,3,0,2.5,,futboleros,12814,,futboleros,
Argentina,0,3,0,2.5,,divertidos,12814,,divertidos,
Argentina,0,3,0,2.5,,puntuales,12814,,puntuales,
Argentina,0,3,0,2.5,,historia,12814,,historia,
Argentina,0,3,0,2.5,,Futbol,12814,,Futbol,
Argentina,0,3,0,2.5,,fiesteros,12814,,fiesteros,
Argentina,0,3,0,2.5,,AMABLES ,12814,,AMABLES ,
Argentina,0,3,0,2.5,,futboleros,12814,,futboleros,
Argentina,0,3,0,2.5,,puntuales,12814,,puntuales,
Argentina,0,3,0,2.5,,futboleros,12814,,futboleros,
Argentina,0,3,0,2.5,,resistencia,12814,,resistencia,
Argentina,0,3,0,2.5,,relax,12814,,relax,
Argentina,0,3,0,2.5,,narcotráfico,12814,,narcotráfico,
Argentina,0,3,0,2.5,,desigualdad social,12814,,desigualdad social,
Argentina,0,3,0,2.5,,antiargentinos,12814,,antiargentinos,
Argentina,0,3,0,2.5,,comunismo,12814,,comunismo,
Argentina,0,3,0,2.5,,buena calidad de productos,12814,,buena calidad de productos,
Argentina,0,3,0,2.5,,Playas de aguas templadas,12814,,Playas de aguas templadas,
Argentina,0,3,0,2.5,,Zona turística,12814,,Zona turística,
Argentina,0,3,0,2.5,,Cataratas del Iguazu,12814,,Cataratas del Iguazu,
Argentina,0,3,0,2.5,,De contextura chica,12814,,De contextura chica,
Argentina,0,3,0,2.5,,Alegría,12814,,Alegría,
Argentina,0,3,0,2.5,, familia,12814,, familia,
Argentina,0,3,0,2.5,,naturaleza,12814,,naturaleza,
Argentina,0,3,0,2.5,, grandeza,12814,, grandeza,
Argentina,0,3,0,2.5,, emocion,12814,, emocion,
Argentina,0,3,0,2.5,,alegría,12814,,alegría,
Argentina,0,3,0,2.5,, calor,12814,, calor,
Argentina,0,3,0,2.5,, coco loco,12814,, coco loco,
Argentina,0,3,0,2.5,,cordiales buena onda serios intelectuales borrachos ,12814,,cordiales buena onda serios intelectuales borrachos ,
Argentina,0,3,0,2.5,,bajitos,12814,,bajitos,
Argentina,0,3,0,2.5,,morenos,12814,,morenos,
Argentina,0,3,0,2.5,,timidos,12814,,timidos,
Argentina,0,3,0,2.5,,introvertidos,12814,,introvertidos,
Argentina,0,3,0,2.5,,irrespetuosos ignorantes pandilleros,12814,,irrespetuosos ignorantes pandilleros,
Argentina,0,3,0,2.5,,guerreros tercos cerrados,12814,,guerreros tercos cerrados,
Argentina,0,3,0,2.5,,elegantes robustos inelectuales ,12814,,elegantes robustos inelectuales ,
Argentina,0,3,0,2.5,,religiosos cordiales alegres fiesteros ,12814,,religiosos cordiales alegres fiesteros ,
Argentina,0,3,0,2.5,,chantas,12814,,chantas,
Argentina,0,3,0,2.5,,alegria,12814,,alegria,
Argentina,0,3,0,2.5,,dignidad,12814,,dignidad,
Argentina,0,3,0,2.5,,callados,12814,,callados,
Argentina,0,3,0,2.5,,originarios,12814,,originarios,
Argentina,0,3,0,2.5,,tango,12814,,tango,
Argentina,0,3,0,2.5,,primer mundo,12814,,primer mundo,
Argentina,0,3,0,2.5,,libertad,12814,,libertad,
Argentina,0,3,0,2.5,,agrandados,12814,,agrandados,
Argentina,0,3,0,2.5,,capoeira,12814,,capoeira,
Argentina,0,3,0,2.5,, carnaval,12814,, carnaval,
Argentina,0,3,0,2.5,,tradiciones,12814,,tradiciones,
Argentina,0,3,0,2.5,,fiesta,12814,,fiesta,
Argentina,0,3,0,2.5,, noche,12814,, noche,
Argentina,0,3,0,2.5,, baile,12814,, baile,
Argentina,0,3,0,2.5,,asado,12814,,asado,
Argentina,0,3,0,2.5,,correctos,12814,,correctos,
Argentina,0,3,0,2.5,, respetuosos,12814,, respetuosos,
Argentina,0,3,0,2.5,,pasionales,12814,,pasionales,
Argentina,0,3,0,2.5,,pobreza,12814,,pobreza,
Argentina,0,3,0,2.5,, desigualdad,12814,, desigualdad,
Argentina,0,3,0,2.5,,bajitos,12814,,bajitos,
Argentina,0,3,0,2.5,, trabajadores,12814,, trabajadores,
Argentina,0,3,0,2.5,,baile,12814,,baile,
Argentina,0,3,0,2.5,,patriotas,12814,,patriotas,
Argentina,0,3,0,2.5,, racistas,12814,, racistas,
Argentina,0,3,0,2.5,,resilentes,12814,,resilentes,
Argentina,0,3,0,2.5,,multicultura,12814,,multicultura,
Argentina,0,3,0,2.5,,pobres,12814,,pobres,
Argentina,0,3,0,2.5,, negros,12814,, negros,
Argentina,0,3,0,2.5,, violentos,12814,, violentos,
Argentina,0,3,0,2.5,,serios,12814,,serios,
Argentina,0,3,0,2.5,, limpios,12814,, limpios,
Argentina,0,3,0,2.5,,fauna peligrosa,12814,,fauna peligrosa,
Argentina,0,3,0,2.5,, limpia,12814,, limpia,
Argentina,0,3,0,2.5,,Amor,12814,,Amor,
Argentina,0,3,0,2.5,,Solidaridad,12814,,Solidaridad,
Argentina,0,3,0,2.5,,Buenos,12814,,Buenos,
Argentina,0,3,0,2.5,,Humildes,12814,,Humildes,
Argentina,0,3,0,2.5,,Paisajes,12814,,Paisajes,
Argentina,0,3,0,2.5,,Mate,12814,,Mate,
Argentina,0,3,0,2.5,, asado,12814,, asado,
Argentina,0,3,0,2.5,,Sinceridad ,12814,,Sinceridad ,
Argentina,0,3,0,2.5,,Desubicados,12814,,Desubicados,
Argentina,0,3,0,2.5,,Rico,12814,,Rico,
Argentina,0,3,0,2.5,,Llanuras,12814,,Llanuras,
Argentina,0,3,0,2.5,,Animales,12814,,Animales,
Argentina,0,3,0,2.5,,Carnavales,12814,,Carnavales,
Argentina,0,3,0,2.5,,TURISMO,12814,,TURISMO,
Argentina,0,3,0,2.5,,TURISMO,12814,,TURISMO,
Argentina,0,3,0,2.5,,Playas ,12814,,Playas ,
Argentina,0,3,0,2.5,,Piramides,12814,,Piramides,
Argentina,0,3,0,2.5,,Diversidad,12814,,Diversidad,
Argentina,0,3,0,2.5,,Vistozo ,12814,,Vistozo ,
Argentina,0,3,0,2.5,,Humildes,12814,,Humildes,
Argentina,0,3,0,2.5,,Fiesteros,12814,,Fiesteros,
Argentina,0,3,0,2.5,,Futbolistica,12814,,Futbolistica,
Argentina,0,3,0,2.5,,Asado,12814,,Asado,
Argentina,0,3,0,2.5,,Belleza,12814,,Belleza,
Argentina,0,3,0,2.5,,Serios,12814,,Serios,
Argentina,0,3,0,2.5,,Atractivo,12814,,Atractivo,
Argentina,0,3,0,2.5,,alegres,12814,,alegres,
Argentina,0,3,0,2.5,,pasion,12814,,pasion,
Argentina,0,3,0,2.5,,sociables,12814,,sociables,
Argentina,0,3,0,2.5,,competitivos,12814,,competitivos,
Argentina,0,3,0,2.5,,lindo,12814,,lindo,
Argentina,0,3,0,2.5,,serios,12814,,serios,
Argentina,0,3,0,2.5,,barato,12814,,barato,
Argentina,0,3,0,2.5,,futbolistico,12814,,futbolistico,
Argentina,0,3,0,2.5,,desprotegidos,12814,,desprotegidos,
Argentina,0,3,0,2.5,,atractivo,12814,,atractivo,
Argentina,0,3,0,2.5,,extensiones,12814,,extensiones,
Argentina,0,3,0,2.5,,costanera,12814,,costanera,
Argentina,0,3,0,2.5,,alegres ,12814,,alegres ,
Argentina,0,3,0,2.5,,materos ,12814,,materos ,
Argentina,0,3,0,2.5,,solidarios ,12814,,solidarios ,
Argentina,0,3,0,2.5,,Organizados ,12814,,Organizados ,
Argentina,0,3,0,2.5,,futboleros,12814,,futboleros,
Argentina,0,3,0,2.5,,orgullosos,12814,,orgullosos,
Argentina,0,3,0,2.5,,simpaticos,12814,,simpaticos,
Argentina,0,3,0,2.5,,orgullosos,12814,,orgullosos,
Argentina,0,3,0,2.5,,trabajadores ,12814,,trabajadores ,
Argentina,0,3,0,2.5,,amables,12814,,amables,
Argentina,0,3,0,2.5,, amistosos,12814,, amistosos,
Argentina,0,3,0,2.5,,amenos,12814,,amenos,
Argentina,0,3,0,2.5,,amables,12814,,amables,
Argentina,0,3,0,2.5,,machistas,12814,,machistas,
Argentina,0,3,0,2.5,,Alegres,12814,,Alegres,
Argentina,0,3,0,2.5,, enérgicos,12814,, enérgicos,
Argentina,0,3,0,2.5,, solidarios,12814,, solidarios,
Argentina,0,3,0,2.5,,Buena gente,12814,,Buena gente,
Argentina,0,3,0,2.5,, creativos,12814,, creativos,
Argentina,0,3,0,2.5,, van para adelante.,12814,, van para adelante.,
Argentina,0,3,0,2.5,,alegria,12814,,alegria,
Argentina,0,3,0,2.5,,frios,12814,,frios,
Argentina,0,3,0,2.5,,solidarios,12814,,solidarios,
Argentina,0,3,0,2.5,,belicosos,12814,,belicosos,
Argentina,0,3,0,2.5,,español,12814,,español,
Argentina,0,3,0,2.5,,piramides,12814,,piramides,
Argentina,0,3,0,2.5,,surf,12814,,surf,
Argentina,0,3,0,2.5,,multiculltural,12814,,multiculltural,
Argentina,0,3,0,2.5,,alegres,12814,,alegres,
Argentina,0,3,0,2.5,,guerra,12814,,guerra,
Argentina,0,3,0,2.5,,AMABILIDAD,12814,,AMABILIDAD,
Argentina,0,3,0,2.5,,Alegre,12814,,Alegre,
Argentina,0,3,0,2.5,,elegante,12814,,elegante,
Argentina,0,3,0,2.5,,LIMPIEZA,12814,,LIMPIEZA,
Argentina,0,3,0,2.5,,AMISTAD,12814,,AMISTAD,
Argentina,0,3,0,2.5,,SOCIABILIDAD,12814,,SOCIABILIDAD,
Argentina,0,3,0,2.5,,ARMONÍA,12814,,ARMONÍA,
Argentina,0,3,0,2.5,,FESTIVOS,12814,,FESTIVOS,
Argentina,0,3,0,2.5,,PAISAJES,12814,,PAISAJES,
Argentina,0,3,0,2.5,,RÍGIDOS,12814,,RÍGIDOS,
Argentina,0,3,0,2.5,,GASTRONOMÍA,12814,,GASTRONOMÍA,
Argentina,0,3,0,2.5,,alegria,12814,,alegria,
Argentina,0,3,0,2.5,, danza,12814,, danza,
Argentina,0,3,0,2.5,, futbol ,12814,, futbol ,
Argentina,0,3,0,2.5,,cultura,12814,,cultura,
Argentina,0,3,0,2.5,, arte,12814,, arte,
Argentina,0,3,0,2.5,, vestimentas,12814,, vestimentas,
Argentina,0,3,0,2.5,,HÚMEDO,12814,,HÚMEDO,
Argentina,0,3,0,2.5,,pasion,12814,,pasion,
Argentina,0,3,0,2.5,,amigos,12814,,amigos,
Argentina,0,3,0,2.5,,comida,12814,,comida,
Argentina,0,3,0,2.5,,festejo,12814,,festejo,
Argentina,0,3,0,2.5,,incodicional,12814,,incodicional,
Argentina,0,3,0,2.5,,animales,12814,,animales,
Argentina,0,3,0,2.5,, mar,12814,, mar,
Argentina,0,3,0,2.5,,comida,12814,,comida,
Argentina,0,3,0,2.5,,familia,12814,,familia,
Argentina,0,3,0,2.5,,paisajes,12814,,paisajes,
Argentina,0,3,0,2.5,,bebidas alcoholicas,12814,,bebidas alcoholicas,
Argentina,0,3,0,2.5,,abrigos,12814,,abrigos,
Argentina,0,3,0,2.5,,osos,12814,,osos,
Argentina,0,3,0,2.5,,gente alegre,12814,,gente alegre,
Argentina,0,3,0,2.5,,con convicciones,12814,,con convicciones,
Argentina,0,3,0,2.5,,frios,12814,,frios,
Argentina,0,3,0,2.5,,amigables,12814,,amigables,
Argentina,0,3,0,2.5,,turistas,12814,,turistas,
Argentina,0,3,0,2.5,,alejados,12814,,alejados,
Argentina,0,3,0,2.5,,solidarios,12814,,solidarios,
Argentina,0,3,0,2.5,,SERIOS,12814,,SERIOS,
Argentina,0,3,0,2.5,, FRÍOS,12814,, FRÍOS,
Argentina,0,3,0,2.5,, TRABAJADORES,12814,, TRABAJADORES,
Argentina,0,3,0,2.5,, FUERTES,12814,, FUERTES,
Argentina,0,3,0,2.5,,ALEGRES,12814,,ALEGRES,
Argentina,0,3,0,2.5,, ESTUDIOSOS,12814,, ESTUDIOSOS,
Argentina,0,3,0,2.5,,APASIONADOS,12814,,APASIONADOS,
Argentina,0,3,0,2.5,,EMPRENDEDORES,12814,,EMPRENDEDORES,
Argentina,0,3,0,2.5,,FUTBOLEROS,12814,,FUTBOLEROS,
Argentina,0,3,0,2.5,,FUTBOLEROS,12814,,FUTBOLEROS,
Argentina,0,3,0,2.5,,ALEGRES,12814,,ALEGRES,
Argentina,0,3,0,2.5,,SERIEDAD,12814,,SERIEDAD,
Argentina,0,3,0,2.5,,CALOR,12814,,CALOR,
Argentina,0,3,0,2.5,, SENCILLEZ,12814,, SENCILLEZ,
Argentina,0,3,0,2.5,,TECNOLOGÍA,12814,,TECNOLOGÍA,
Argentina,0,3,0,2.5,,DESARROLLO,12814,,DESARROLLO,
Argentina,0,3,0,2.5,,Familia,12814,,Familia,
Argentina,0,3,0,2.5,,trabajo,12814,,trabajo,
Argentina,0,3,0,2.5,,Alegría,12814,,Alegría,
Argentina,0,3,0,2.5,,fútbol,12814,,fútbol,
Argentina,0,3,0,2.5,,Fútbol,12814,,Fútbol,
Argentina,0,3,0,2.5,, amistad,12814,, amistad,
Argentina,0,3,0,2.5,,Perseguidos,12814,,Perseguidos,
Argentina,0,3,0,2.5,,sufridos,12814,,sufridos,
Argentina,0,3,0,2.5,,Potencia,12814,,Potencia,
Argentina,0,3,0,2.5,,belicosos,12814,,belicosos,
Argentina,0,3,0,2.5,,Selva,12814,,Selva,
Argentina,0,3,0,2.5,,crisis,12814,,crisis,
Argentina,0,3,0,2.5,,Fríos,12814,,Fríos,
Argentina,0,3,0,2.5,,calculadores,12814,,calculadores,
Argentina,0,3,0,2.5,,Amistad,12814,,Amistad,
Argentina,0,3,0,2.5,,fútbol,12814,,fútbol,
Argentina,0,3,0,2.5,,gastronomía,12814,,gastronomía,
Argentina,0,3,0,2.5,,Alegría,12814,,Alegría,
Argentina,0,3,0,2.5,, música,12814,, música,
Argentina,0,3,0,2.5,, Playa,12814,, Playa,
Argentina,0,3,0,2.5,, conflictos,12814,, conflictos,
Argentina,0,3,0,2.5,,Problemas,12814,,Problemas,
Argentina,0,3,0,2.5,,crisis,12814,,crisis,
Argentina,0,3,0,2.5,,conflictos,12814,,conflictos,
Argentina,0,3,0,2.5,,Tecnología,12814,,Tecnología,
Argentina,0,3,0,2.5,,progreso,12814,,progreso,
Argentina,0,3,0,2.5,,educación,12814,,educación,
Argentina,0,3,0,2.5,,tenacidad,12814,,tenacidad,
Argentina,0,3,0,2.5,,investigación,12814,,investigación,
Argentina,0,3,0,2.5,,desarrollo,12814,,desarrollo,
Argentina,0,3,0,2.5,,Crisis,12814,,Crisis,
Argentina,0,3,0,2.5,,dictaduras,12814,,dictaduras,
Argentina,0,3,0,2.5,,pobrza,12814,,pobrza,
Argentina,0,3,0,2.5,,Esfurzo,12814,,Esfurzo,
Argentina,0,3,0,2.5,,sacrificio,12814,,sacrificio,
Argentina,0,3,0,2.5,,alegría,12814,,alegría,
Argentina,0,3,0,2.5,,Africa,12814,,Africa,
Argentina,0,3,0,2.5,,Rigor,12814,,Rigor,
Argentina,0,3,0,2.5,,Amistoso,12814,,Amistoso,
Argentina,0,3,0,2.5,,FUTBOL,12814,,FUTBOL,
Argentina,0,3,0,2.5,, PASIONALES,12814,, PASIONALES,
Argentina,0,3,0,2.5,, VARIEDAD DE PAISAJES,12814,, VARIEDAD DE PAISAJES,
Argentina,0,3,0,2.5,, CAMPO,12814,, CAMPO,
Argentina,0,3,0,2.5,,SAMBA,12814,,SAMBA,
Argentina,0,3,0,2.5,, CARNAVAL,12814,, CARNAVAL,
Argentina,0,3,0,2.5,, FUTBOL,12814,, FUTBOL,
Argentina,0,3,0,2.5,, ALEGRIA ,12814,, ALEGRIA ,
Argentina,0,3,0,2.5,,El mate.,12814,,El mate.,
Argentina,0,3,0,2.5,,ALEGRIA,12814,,ALEGRIA,
Argentina,0,3,0,2.5,,DOLOR,12814,,DOLOR,
Argentina,0,3,0,2.5,,HUMILDES,12814,,HUMILDES,
Argentina,0,3,0,2.5,,LIBERALISMO,12814,,LIBERALISMO,
Argentina,0,3,0,2.5,,asado,12814,,asado,
Argentina,0,3,0,2.5,,SOLIDARIDAD,12814,,SOLIDARIDAD,
Argentina,0,3,0,2.5,,amigueros,12814,,amigueros,
Argentina,0,3,0,2.5,,educados,12814,,educados,
Argentina,0,3,0,2.5,,sinceridad,12814,,sinceridad,
Argentina,0,3,0,2.5,,animaleros,12814,,animaleros,
Argentina,0,3,0,2.5,,borrachos,12814,,borrachos,
Argentina,0,3,0,2.5,,decadencia,12814,,decadencia,
Argentina,0,3,0,2.5,,luchadores,12814,,luchadores,
Argentina,0,3,0,2.5,,alegria,12814,,alegria,
Argentina,0,3,0,2.5,,productividad,12814,,productividad,
Argentina,0,3,0,2.5,,picante,12814,,picante,
Argentina,0,3,0,2.5,,comida,12814,,comida,
Argentina,0,3,0,2.5,,solitarios,12814,,solitarios,
Argentina,0,3,0,2.5,,ALEGRES,12814,,ALEGRES,
Argentina,0,3,0,2.5,,densidad poblacional,12814,,densidad poblacional,
Argentina,0,3,0,2.5,,patriotas,12814,,patriotas,
Argentina,0,3,0,2.5,,orden,12814,,orden,
Argentina,0,3,0,2.5,,Pasion por el futbol,12814,,Pasion por el futbol,
Argentina,0,3,0,2.5,,Gusto por las pastas,12814,,Gusto por las pastas,
Argentina,0,3,0,2.5,,Compañeros,12814,,Compañeros,
Argentina,0,3,0,2.5,,orden,12814,,orden,
Argentina,0,3,0,2.5,,aman la gastronomía,12814,,aman la gastronomía,
Argentina,0,3,0,2.5,,empáticos,12814,,empáticos,
Argentina,0,3,0,2.5,,colegas,12814,,colegas,
Argentina,0,3,0,2.5,,luchadores,12814,,luchadores,
Argentina,0,3,0,2.5,,cordiales,12814,,cordiales,
Argentina,0,3,0,2.5,,compañerismo,12814,,compañerismo,
Argentina,0,3,0,2.5,,diversidad,12814,,diversidad,
Argentina,0,3,0,2.5,,helado artesanal,12814,,helado artesanal,
Argentina,0,3,0,2.5,,variedad de sabores,12814,,variedad de sabores,
Argentina,0,3,0,2.5,,hospitalarios,12814,,hospitalarios,
Argentina,0,3,0,2.5,,felicidad,12814,,felicidad,
Argentina,0,3,0,2.5,,nacionalidad,12814,,nacionalidad,
Argentina,0,3,0,2.5,,inmigrantes,12814,,inmigrantes,
Argentina,0,3,0,2.5,,consumo de alcohol,12814,,consumo de alcohol,
Argentina,0,3,0,2.5,,Tradición,12814,,Tradición,
Argentina,0,3,0,2.5,,arte culinario,12814,,arte culinario,
Argentina,0,3,0,2.5,,nacionalidad,12814,,nacionalidad,
Argentina,0,3,0,2.5,,sentimiento de superioridad,12814,,sentimiento de superioridad,
Argentina,0,3,0,2.5,,frialdad,12814,,frialdad,
Argentina,0,3,0,2.5,,Trabajadores,12814,,Trabajadores,
Argentina,0,3,0,2.5,,comidas picantes,12814,,comidas picantes,
Argentina,0,3,0,2.5,,nacionalidad,12814,,nacionalidad,
Argentina,0,3,0,2.5,,porbreza,12814,,porbreza,
Argentina,0,3,0,2.5,,Humildad,12814,,Humildad,
Argentina,0,3,0,2.5,,Costas,12814,,Costas,
Argentina,0,3,0,2.5,,Café,12814,,Café,
Argentina,0,3,0,2.5,,Civilización,12814,,Civilización,
Argentina,0,3,0,2.5,,Primer mundo,12814,,Primer mundo,
Argentina,0,3,0,2.5,,Respeto ,12814,,Respeto ,
Argentina,0,3,0,2.5,,Gastronomia,12814,,Gastronomia,
Argentina,0,3,0,2.5,,Cultura,12814,,Cultura,
Argentina,0,3,0,2.5,,Organización económica ,12814,,Organización económica ,
Argentina,0,3,0,2.5,,Pobreza,12814,,Pobreza,
Argentina,0,3,0,2.5,,Dictadura,12814,,Dictadura,
Argentina,0,3,0,2.5,,Tradicional ,12814,,Tradicional ,
Argentina,0,3,0,2.5,,Valor de la vejez,12814,,Valor de la vejez,
Argentina,0,3,0,2.5,,orden,12814,,orden,
Argentina,0,3,0,2.5,,Baile,12814,,Baile,
Argentina,0,3,0,2.5,,Cuarteto,12814,,Cuarteto,
Argentina,0,3,0,2.5,,Maleducados,12814,,Maleducados,
Argentina,0,3,0,2.5,,Orden,12814,,Orden,
Argentina,0,3,0,2.5,,Pobreza,12814,,Pobreza,
Argentina,0,3,0,2.5,,Economia,12814,,Economia,
Argentina,0,3,0,2.5,,Pizza,12814,,Pizza,
Argentina,0,3,0,2.5,,Justicia,12814,,Justicia,
Argentina,0,3,0,2.5,,?,12814,,?,
Argentina,0,3,0,2.5,,india,12814,,india,
Argentina,0,3,0,2.5,,Calor,12814,,Calor,
Argentina,0,3,0,2.5,,Gastronomia,12814,,Gastronomia,
Argentina,0,3,0,2.5,,Orden,12814,,Orden,
Argentina,0,3,0,2.5,,calor,12814,,calor,
Argentina,0,3,0,2.5,,Futbol,12814,,Futbol,
Argentina,0,3,0,2.5,,Neoliberalismo,12814,,Neoliberalismo,
Argentina,0,3,0,2.5,,Comida,12814,,Comida,
Argentina,0,3,0,2.5,,Riqueza,12814,,Riqueza,
Argentina,0,3,0,2.5,,alegre,12814,,alegre,
Argentina,0,3,0,2.5,, conversadores,12814,, conversadores,
Argentina,0,3,0,2.5,,inteligentes,12814,,inteligentes,
Argentina,0,3,0,2.5,, serios,12814,, serios,
Argentina,0,3,0,2.5,,tranquilos,12814,,tranquilos,
Argentina,0,3,0,2.5,,ninguno,12814,,ninguno,
Argentina,0,3,0,2.5,,ninguno,12814,,ninguno,
Argentina,0,3,0,2.5,,futboleros,12814,,futboleros,
Argentina,0,3,0,2.5,, apasionados,12814,, apasionados,
Argentina,0,3,0,2.5,,empaticos,12814,,empaticos,
Argentina,0,3,0,2.5,,vacaciones ,12814,,vacaciones ,
Argentina,0,3,0,2.5,,tristes,12814,,tristes,
Argentina,0,3,0,2.5,, sufridos,12814,, sufridos,
Argentina,0,3,0,2.5,,fiestero,12814,,fiestero,
Argentina,0,3,0,2.5,,exclavitud,12814,,exclavitud,
Argentina,0,3,0,2.5,,futbolero,12814,,futbolero,
Argentina,0,3,0,2.5,,fiesteros,12814,,fiesteros,
Argentina,0,3,0,2.5,,sometidos,12814,,sometidos,
Argentina,0,3,0,2.5,,calaldos,12814,,calaldos,
Argentina,0,3,0,2.5,,apasionaos,12814,,apasionaos,
Argentina,0,3,0,2.5,,empaticos,12814,,empaticos,
Argentina,0,3,0,2.5,,malvados,12814,,malvados,
Argentina,0,3,0,2.5,,fiesteros,12814,,fiesteros,
Argentina,0,3,0,2.5,,alegría,12814,,alegría,
Argentina,0,3,0,2.5,, humor,12814,, humor,
Argentina,0,3,0,2.5,, cuarteto,12814,, cuarteto,
Argentina,0,3,0,2.5,,Amables,12814,,Amables,
Argentina,0,3,0,2.5,,Creativos ,12814,,Creativos ,
Argentina,0,3,0,2.5,,Diversión ,12814,,Diversión ,
Argentina,0,3,0,2.5,,Violencia ,12814,,Violencia ,
Argentina,0,3,0,2.5,,Compasión ,12814,,Compasión ,
Argentina,0,3,0,2.5,,Amigo ,12814,,Amigo ,
Argentina,0,3,0,2.5,,Fiesta,12814,,Fiesta,
Argentina,0,3,0,2.5,,Cultura ,12814,,Cultura ,
Argentina,0,3,0,2.5,,Alegre ,12814,,Alegre ,
Argentina,0,3,0,2.5,,Verdad,12814,,Verdad,
Argentina,0,3,0,2.5,,Violencia ,12814,,Violencia ,
Argentina,0,3,0,2.5,,Necesidad,12814,,Necesidad,
Argentina,0,3,0,2.5,,Empatía ,12814,,Empatía ,
Argentina,0,3,0,2.5,,Paisajes ,12814,,Paisajes ,
Argentina,0,3,0,2.5,,Heterogeneidad ,12814,,Heterogeneidad ,
Argentina,0,3,0,2.5,,Lucha,12814,,Lucha,
Argentina,0,3,0,2.5,,Paisajes,12814,,Paisajes,
Argentina,0,3,0,2.5,,simpáticos,12814,,simpáticos,
Argentina,0,3,0,2.5,,sufridos,12814,,sufridos,
Argentina,0,3,0,2.5,,profesionalismo,12814,,profesionalismo,
Argentina,0,3,0,2.5,,productores,12814,,productores,
Argentina,0,3,0,2.5,,vegetacion,12814,,vegetacion,
Argentina,0,3,0,2.5,,progreso,12814,,progreso,
Argentina,0,3,0,2.5,,Diversión ,12814,,Diversión ,
Argentina,0,3,0,2.5,,alegres,12814,,alegres,
Argentina,0,3,0,2.5,,Calidez,12814,,Calidez,
Argentina,0,3,0,2.5,, amistosos,12814,, amistosos,
Argentina,0,3,0,2.5,, inteligentes,12814,, inteligentes,
Argentina,0,3,0,2.5,,Diversión,12814,,Diversión,
Argentina,0,3,0,2.5,, felicidad,12814,, felicidad,
Argentina,0,3,0,2.5,,trabajadores,12814,,trabajadores,
Argentina,0,3,0,2.5,, amables,12814,, amables,
Argentina,0,3,0,2.5,, respetuosos,12814,, respetuosos,
Argentina,0,3,0,2.5,,riqueza,12814,,riqueza,
Argentina,0,3,0,2.5,, lujo,12814,, lujo,
Argentina,0,3,0,2.5,, comida chatarra,12814,, comida chatarra,
Argentina,0,3,0,2.5,,inteligentes,12814,,inteligentes,
Argentina,0,3,0,2.5,, ordenados,12814,, ordenados,
Argentina,0,3,0,2.5,, progresistas,12814,, progresistas,
Argentina,0,3,0,2.5,,Misterio,12814,,Misterio,
Argentina,0,3,0,2.5,, cultura,12814,, cultura,
Argentina,0,3,0,2.5,,calidez,12814,,calidez,
Argentina,0,3,0,2.5,, históricos,12814,, históricos,
Argentina,0,3,0,2.5,, familieros,12814,, familieros,
Argentina,0,3,0,2.5,,pulcros,12814,,pulcros,
Argentina,0,3,0,2.5,,Cálidos,12814,,Cálidos,
Argentina,0,3,0,2.5,, alegres,12814,, alegres,
Argentina,0,3,0,2.5,, buenos anfitriones,12814,, buenos anfitriones,
Argentina,0,3,0,2.5,,Solidaridad,12814,,Solidaridad,
Argentina,0,3,0,2.5,,progresistas,12814,,progresistas,
Argentina,0,3,0,2.5,, estudiosos,12814,, estudiosos,
Argentina,0,3,0,2.5,, lugar turístico,12814,, lugar turístico,
Argentina,0,3,0,2.5,,sumisión,12814,,sumisión,
Argentina,0,3,0,2.5,, resignación,12814,, resignación,
Argentina,0,3,0,2.5,,trabajadores,12814,,trabajadores,
Argentina,0,3,0,2.5,,tradicionalistas,12814,,tradicionalistas,
Argentina,0,3,0,2.5,,progresistas,12814,,progresistas,
Argentina,0,3,0,2.5,,profesionalismo,12814,,profesionalismo,
Argentina,0,3,0,2.5,,Ordenados,12814,,Ordenados,
Argentina,0,3,0,2.5,,Calidez,12814,,Calidez,
Argentina,0,3,0,2.5,,creatividad,12814,,creatividad,
Argentina,0,3,0,2.5,, originalidad,12814,, originalidad,
Argentina,0,3,0,2.5,, cultura milenaria,12814,, cultura milenaria,
Argentina,0,3,0,2.5,,inteligentes,12814,,inteligentes,
Argentina,0,3,0,2.5,,misterio,12814,,misterio,
Argentina,0,3,0,2.5,, danza,12814,, danza,
Argentina,0,3,0,2.5,,amistosos,12814,,amistosos,
Argentina,0,3,0,2.5,, amables,12814,, amables,
Argentina,0,3,0,2.5,, cordiales,12814,, cordiales,
Argentina,0,3,0,2.5,,IDIOSINCRASIA,12814,,IDIOSINCRASIA,
Argentina,0,3,0,2.5,,alegría,12814,,alegría,
Argentina,0,3,0,2.5,,machismo,12814,,machismo,
Argentina,0,3,0,2.5,,solidarios,12814,,solidarios,
Argentina,0,3,0,2.5,,latinos,12814,,latinos,
Argentina,0,3,0,2.5,,pasion,12814,,pasion,
Argentina,0,3,0,2.5,,frio,12814,,frio,
Argentina,0,3,0,2.5,,feo,12814,,feo,
Argentina,0,3,0,2.5,,artistas,12814,,artistas,
Argentina,0,3,0,2.5,,festejo,12814,,festejo,
Argentina,0,3,0,2.5,,tradicion,12814,,tradicion,
Argentina,0,3,0,2.5,,calor,12814,,calor,
Argentina,0,3,0,2.5,,cryuedad,12814,,cryuedad,
Argentina,0,3,0,2.5,,festejo,12814,,festejo,
Argentina,0,3,0,2.5,,su lengua es lamisma que brasil,12814,,su lengua es lamisma que brasil,
Argentina,0,3,0,2.5,,chusmas y prejuiciosos,12814,,chusmas y prejuiciosos,
Argentina,0,3,0,2.5,,alegre,12814,,alegre,
Argentina,0,3,0,2.5,, cuarteto,12814,, cuarteto,
Argentina,0,3,0,2.5,, divertido,12814,, divertido,
Argentina,0,3,0,2.5,,colores,12814,,colores,
Argentina,0,3,0,2.5,, alegria,12814,, alegria,
Argentina,0,3,0,2.5,,patriotico,12814,,patriotico,
Argentina,0,3,0,2.5,, tradiciones,12814,, tradiciones,
Argentina,0,3,0,2.5,,sombrero,12814,,sombrero,
Argentina,0,3,0,2.5,, guitarra,12814,, guitarra,
Argentina,0,3,0,2.5,,propio de la comunidad,12814,,propio de la comunidad,
Argentina,0,3,0,2.5,,propio de la comunidad,12814,,propio de la comunidad,
Argentina,0,3,0,2.5,,Trabajadores,12814,,Trabajadores,
Argentina,0,3,0,2.5,,Linda,12814,,Linda,
Argentina,0,3,0,2.5,,Alegres,12814,,Alegres,
Argentina,0,3,0,2.5,,Talentosos,12814,,Talentosos,
Argentina,0,3,0,2.5,,coloridos,12814,,coloridos,
Argentina,0,3,0,2.5,,pescadores,12814,,pescadores,
Argentina,0,3,0,2.5,,revolucionarios,12814,,revolucionarios,
Argentina,0,3,0,2.5,,buenas comidas,12814,,buenas comidas,
Argentina,0,3,0,2.5,,alegres,12814,,alegres,
Argentina,0,3,0,2.5,,hermandad,12814,,hermandad,
Argentina,0,3,0,2.5,,respetuoso,12814,,respetuoso,
Argentina,0,3,0,2.5,,alegría,12814,,alegría,
Argentina,0,3,0,2.5,,competitivos,12814,,competitivos,
Argentina,0,3,0,2.5,,disciplina,12814,,disciplina,
Argentina,0,3,0,2.5,,elitistas,12814,,elitistas,
Argentina,0,3,0,2.5,,resiliencia ,12814,,resiliencia ,
Argentina,0,3,0,2.5,,pujanza,12814,,pujanza,
Argentina,0,3,0,2.5,,hermetismo ,12814,,hermetismo ,
Argentina,0,3,0,2.5,,anfitriones,12814,,anfitriones,
Argentina,0,3,0,2.5,,resilientes ,12814,,resilientes ,
Argentina,0,3,0,2.5,,fanatismo,12814,,fanatismo,
Argentina,0,3,0,2.5,,perseverancia ,12814,,perseverancia ,
Argentina,0,3,0,2.5,,belicoso,12814,,belicoso,
Argentina,0,3,0,2.5,,cultura,12814,,cultura,
Argentina,0,3,0,2.5,,HOSPITALIDAD,12814,,HOSPITALIDAD,
Argentina,0,3,0,2.5,, SOLIDARIOS,12814,, SOLIDARIOS,
Argentina,0,3,0,2.5,, PASION,12814,, PASION,
Argentina,0,3,0,2.5,, NACIONALIDAD,12814,, NACIONALIDAD,
Argentina,0,3,0,2.5,,ALEGRES ,12814,,ALEGRES ,
Argentina,0,3,0,2.5,,ALEGRES; FESTIVOS; BAILARINES,12814,,ALEGRES; FESTIVOS; BAILARINES,
Argentina,0,3,0,2.5,,ALEGRES; SOCIABLES; AMABLES,12814,,ALEGRES; SOCIABLES; AMABLES,
Argentina,0,3,0,2.5,,AMBISIOSOS; RACISTAS,12814,,AMBISIOSOS; RACISTAS,
Argentina,0,3,0,2.5,,EMPRENDEDORES,12814,,EMPRENDEDORES,
Argentina,0,3,0,2.5,,RELIGION,12814,,RELIGION,
Argentina,0,3,0,2.5,,ALEGRES,12814,,ALEGRES,
Argentina,0,3,0,2.5,,EMBLEMA,12814,,EMBLEMA,
Argentina,0,3,0,2.5,,VIOLENTOS,12814,,VIOLENTOS,
Argentina,0,3,0,2.5,,ESTRICTOS,12814,,ESTRICTOS,
Argentina,0,3,0,2.5,,VIOLENCIA,12814,,VIOLENCIA,
Argentina,0,3,0,2.5,,DERECHOS,12814,,DERECHOS,
Argentina,0,3,0,2.5,,ANFITRIONES,12814,,ANFITRIONES,
Argentina,0,3,0,2.5,,CAMPEONES DEL MUNDOI,12814,,CAMPEONES DEL MUNDOI,
Argentina,0,3,0,2.5,,alegres,12814,,alegres,
Argentina,0,3,0,2.5,,Solidarios,12814,,Solidarios,
Argentina,0,3,0,2.5,,fortaleza,12814,,fortaleza,
Argentina,0,3,0,2.5,,alegres,12814,,alegres,
Argentina,0,3,0,2.5,,simpaticos,12814,,simpaticos,
Argentina,0,3,0,2.5,,alegres,12814,,alegres,
Argentina,0,3,0,2.5,,poco comunicativos,12814,,poco comunicativos,
Argentina,0,3,0,2.5,,engreídos,12814,,engreídos,
Argentina,0,3,0,2.5,,habladores,12814,,habladores,
Argentina,0,3,0,2.5,,hospitalarios,12814,,hospitalarios,
Argentina,0,3,0,2.5,,personas cerradas,12814,,personas cerradas,
Argentina,0,3,0,2.5,,resiliente,12814,,resiliente,
Argentina,0,3,0,2.5,,atentos,12814,,atentos,
Argentina,0,3,0,2.5,,alegres,12814,,alegres,
Argentina,0,3,0,2.5,,alegres,12814,,alegres,
Argentina,0,3,0,2.5,,bailarines,12814,,bailarines,
Argentina,0,3,0,2.5,,personas cerradas,12814,,personas cerradas,
Argentina,0,3,0,2.5,,engreidos,12814,,engreidos,
Argentina,0,3,0,2.5,,amables,12814,,amables,
Argentina,0,3,0,2.5,,bailarines,12814,,bailarines,
Argentina,0,3,0,2.5,,correctos,12814,,correctos,
Argentina,0,3,0,2.5,,pesqueros,12814,,pesqueros,
Argentina,0,3,0,2.5,,religiosos,12814,,religiosos,
Argentina,0,3,0,2.5,,alegre,12814,,alegre,
Argentina,0,3,0,2.5,,alegres,12814,,alegres,
Argentina,0,3,0,2.5,,peligroso,12814,,peligroso,
Argentina,0,3,0,2.5,,sobrios,12814,,sobrios,
Argentina,0,3,0,2.5,, distantes,12814,, distantes,
Argentina,0,3,0,2.5,,alegria,12814,,alegria,
Argentina,0,3,0,2.5,,alegría,12814,,alegría,
Argentina,0,3,0,2.5,,intolerantes,12814,,intolerantes,
Argentina,0,3,0,2.5,,tradicionalistas,12814,,tradicionalistas,
Argentina,0,3,0,2.5,,Divertidos,12814,,Divertidos,
Argentina,0,3,0,2.5,,diversión,12814,,diversión,
Argentina,0,3,0,2.5,,Discriminación a latinos,12814,,Discriminación a latinos,
Argentina,0,3,0,2.5,,Buenos cocineros,12814,,Buenos cocineros,
Argentina,0,3,0,2.5,,poderío,12814,,poderío,
Argentina,0,3,0,2.5,,Amorosos,12814,,Amorosos,
Argentina,0,3,0,2.5,,solidaridad,12814,,solidaridad,
Argentina,0,3,0,2.5,,Frialdad,12814,,Frialdad,
Argentina,0,3,0,2.5,,Discriminación,12814,,Discriminación,
Argentina,0,3,0,2.5,,respetuosos,12814,,respetuosos,
Argentina,0,3,0,2.5,,progreso,12814,,progreso,
Argentina,0,3,0,2.5,,sensatez,12814,,sensatez,
Argentina,0,3,0,2.5,,solidaridad,12814,,solidaridad,
Argentina,0,3,0,2.5,,buen clima,12814,,buen clima,
Argentina,0,3,0,2.5,,fabuleros,12814,,fabuleros,
Argentina,0,3,0,2.5,,alegres,12814,,alegres,
Argentina,0,3,0,2.5,,alegria,12814,,alegria,
Argentina,0,3,0,2.5,,ALEGRIA,12814,,ALEGRIA,
Argentina,0,3,0,2.5,,BAILARINES,12814,,BAILARINES,
Argentina,0,3,0,2.5,,AMOR,12814,,AMOR,
Argentina,0,3,0,2.5,,ALEGRES,12814,,ALEGRES,
Argentina,0,3,0,2.5,,COMPRENSION,12814,,COMPRENSION,
Argentina,0,3,0,2.5,,BUENOS,12814,,BUENOS,
Argentina,0,3,0,2.5,,FRESCO,12814,,FRESCO,
Argentina,0,3,0,2.5,,CALOR,12814,,CALOR,
Argentina,0,3,0,2.5,,FRUTAL,12814,,FRUTAL,
Argentina,0,3,0,2.5,,FAMILIERO,12814,,FAMILIERO,
Argentina,0,3,0,2.5,,FIESTEROS,12814,,FIESTEROS,
Argentina,0,3,0,2.5,,CABEZADURAS,12814,,CABEZADURAS,
Argentina,0,3,0,2.5,,ALEGRIA,12814,,ALEGRIA,
Argentina,0,3,0,2.5,,DEMOCRACIA,12814,,DEMOCRACIA,
Argentina,0,3,0,2.5,,FUTBOL,12814,,FUTBOL,
Argentina,0,3,0,2.5,,RIO NILO,12814,,RIO NILO,
Argentina,0,3,0,2.5,,PAELLA,12814,,PAELLA,
Argentina,0,3,0,2.5,,TALIBANES,12814,,TALIBANES,
Argentina,0,3,0,2.5,,RUBIOS,12814,,RUBIOS,
Argentina,0,3,0,2.5,,PASTA,12814,,PASTA,
Argentina,0,3,0,2.5,,Hospitalidad y pasión asociadas a la población de Brasil.,12814,,Hospitalidad y pasión asociadas a la población de Brasil.,
Argentina,0,3,0,2.5,,HOSPITALIDAD Y PASIÓN,12814,,HOSPITALIDAD Y PASIÓN,
Argentina,0,3,0,2.5,,alegres,12814,,alegres,
Argentina,0,3,0,2.5,,felices,12814,,felices,
Argentina,0,3,0,2.5,,HOSPITAL Y PASIÓN ,12814,,HOSPITAL Y PASIÓN ,
Argentina,0,3,0,2.5,,Armas,12814,,Armas,
Argentina,0,3,0,2.5,,Agradecidos,12814,,Agradecidos,
Argentina,0,3,0,2.5,,divertidos,12814,,divertidos,
Argentina,0,3,0,2.5,, alegras,12814,, alegras,
Argentina,0,3,0,2.5,, felices,12814,, felices,
Argentina,0,3,0,2.5,,valores familiares,12814,,valores familiares,
Argentina,0,3,0,2.5,,tradicion arraigadas como los templos,12814,,tradicion arraigadas como los templos,
Argentina,0,3,0,2.5,,amistad,12814,,amistad,
Argentina,0,3,0,2.5,,amables,12814,,amables,
Argentina,0,3,0,2.5,,paisaje pintoresco,12814,,paisaje pintoresco,
Argentina,0,3,0,2.5,,costas marinas,12814,,costas marinas,
Argentina,0,3,0,2.5,,trabajadores,12814,,trabajadores,
Argentina,0,3,0,2.5,,bailarines,12814,,bailarines,
Argentina,0,3,0,2.5,,alto autoestima,12814,,alto autoestima,
Argentina,0,3,0,2.5,,AMOR,12814,,AMOR,
Argentina,0,3,0,2.5,,PASION,12814,,PASION,
Argentina,0,3,0,2.5,,Alergia,12814,,Alergia,
Argentina,0,3,0,2.5,,PASION,12814,,PASION,
Argentina,0,3,0,2.5,,CAMORREROS ,12814,,CAMORREROS ,
Argentina,0,3,0,2.5,,ALEGRES,12814,,ALEGRES,
Argentina,0,3,0,2.5,,PASION,12814,,PASION,
Argentina,0,3,0,2.5,,FRIOS ,12814,,FRIOS ,
Argentina,0,3,0,2.5,,MALOS,12814,,MALOS,
Argentina,0,3,0,2.5,,Cultura de Paz,12814,,Cultura de Paz,
Argentina,0,3,0,2.5,,CAMPEONES,12814,,CAMPEONES,
Argentina,0,3,0,2.5,,CAMPEONES,12814,,CAMPEONES,
Argentina,0,3,0,2.5,,Talento,12814,,Talento,
Argentina,0,3,0,2.5,,Compañerismo,12814,,Compañerismo,
Argentina,0,3,0,2.5,,Sentimiento,12814,,Sentimiento,
Argentina,0,3,0,2.5,,Trabajo en equipo,12814,,Trabajo en equipo,
Argentina,0,3,0,2.5,,Reserva,12814,,Reserva,
Argentina,0,3,0,2.5,,Al mal tiempo,12814,,Al mal tiempo,
Argentina,0,3,0,2.5,, un buen mate.,12814,, un buen mate.,
Argentina,0,3,0,2.5,,Nacionalismo,12814,,Nacionalismo,
Argentina,0,3,0,2.5,,Compañerismo,12814,,Compañerismo,
Argentina,0,3,0,2.5,,Diversidad,12814,,Diversidad,
Argentina,0,3,0,2.5,,Religiosidad,12814,,Religiosidad,
Argentina,0,3,0,2.5,,Perseverancia,12814,,Perseverancia,
Argentina,0,3,0,2.5,,"""La tiranía de la distancia""",12814,,"""La tiranía de la distancia""",
Argentina,0,3,0,2.5,,Misticismo,12814,,Misticismo,
Argentina,0,3,0,2.5,,cultura,12814,,cultura,
Argentina,0,3,0,2.5,,hospitalidad,12814,,hospitalidad,
Argentina,0,3,0,2.5,,cultura,12814,,cultura,
Argentina,0,3,0,2.5,,poder,12814,,poder,
Argentina,0,3,0,2.5,,organizados,12814,,organizados,
Argentina,0,3,0,2.5,,hospitalidad,12814,,hospitalidad,
Argentina,0,3,0,2.5,,tradicion mate ,12814,,tradicion mate ,
Argentina,0,3,0,2.5,,tecnologoa,12814,,tecnologoa,
Argentina,0,3,0,2.5,,ALEGRIA,12814,,ALEGRIA,
Argentina,0,3,0,2.5,,Danza,12814,,Danza,
Argentina,0,3,0,2.5,,Alegres,12814,,Alegres,
Argentina,0,3,0,2.5,,Familia,12814,,Familia,
Argentina,0,3,0,2.5,,distinguidos,12814,,distinguidos,
Argentina,0,3,0,2.5,,charlas ,12814,,charlas ,
Argentina,0,3,0,2.5,,tomar bebidas,12814,,tomar bebidas,
Argentina,0,3,0,2.5,,festivo,12814,,festivo,
Argentina,0,3,0,2.5,,Hay teatros,12814,,Hay teatros,
Argentina,0,3,0,2.5,,Narcotraficantes,12814,,Narcotraficantes,
Argentina,0,3,0,2.5,,Recios,12814,,Recios,
Argentina,0,3,0,2.5,,refinados,12814,,refinados,
Argentina,0,3,0,2.5,,Brutos,12814,,Brutos,
Argentina,0,3,0,2.5,,gritones,12814,,gritones,
Argentina,0,3,0,2.5,,riesgo,12814,,riesgo,
Argentina,0,3,0,2.5,,San Pablo ,12814,,San Pablo ,
Argentina,0,3,0,2.5,,Turismo ,12814,,Turismo ,
Argentina,0,3,0,2.5,,Zamba,12814,,Zamba,
Argentina,0,3,0,2.5,,cuarteto,12814,,cuarteto,
Argentina,0,3,0,2.5,,Pasión deportiva,12814,,Pasión deportiva,
Argentina,0,3,0,2.5,,mate,12814,,mate,
Argentina,0,3,0,2.5,,Cabrones,12814,,Cabrones,
Argentina,0,3,0,2.5,,Alegria,12814,,Alegria,
Argentina,0,3,0,2.5,,danza,12814,,danza,
Argentina,0,3,0,2.5,,Danza,12814,,Danza,
Argentina,0,3,0,2.5,,Alegria,12814,,Alegria,
Argentina,0,3,0,2.5,,totalitarismo,12814,,totalitarismo,
Argentina,0,3,0,2.5,,TRAJES Y BAILES,12814,,TRAJES Y BAILES,
Argentina,0,3,0,2.5,,Alegre,12814,,Alegre,
Argentina,0,3,0,2.5,,mucha cultura,12814,,mucha cultura,
Argentina,0,3,0,2.5,,Deporte,12814,,Deporte,
Argentina,0,3,0,2.5,,Responsabilidad,12814,,Responsabilidad,
Argentina,0,3,0,2.5,,deporte ,12814,,deporte ,
Argentina,0,3,0,2.5,,Deporte,12814,,Deporte,
Argentina,0,3,0,2.5,,Danza ,12814,,Danza ,
Argentina,0,3,0,2.5,,Bilingüismo ,12814,,Bilingüismo ,
Argentina,0,3,0,2.5,,Deportes  ,12814,,Deportes  ,
Argentina,0,3,0,2.5,,deporte ,12814,,deporte ,
Argentina,0,3,0,2.5,,Vestimenta,12814,,Vestimenta,
Argentina,0,3,0,2.5,,expresión artística ,12814,,expresión artística ,
Argentina,0,3,0,2.5,,Música ,12814,,Música ,
Argentina,0,3,0,2.5,,Orgullo,12814,,Orgullo,
Argentina,0,3,0,2.5,,Gastronomía ,12814,,Gastronomía ,
Argentina,0,3,0,2.5,,Bailes ,12814,,Bailes ,
Argentina,0,3,0,2.5,,Deporte ,12814,,Deporte ,
Argentina,0,3,0,2.5,,Hospitalidad ,12814,,Hospitalidad ,
Argentina,0,3,0,2.5,,Béisbol ,12814,,Béisbol ,
Argentina,0,3,0,2.5,,Disfrute de la vida ,12814,,Disfrute de la vida ,
Argentina,0,3,0,2.5,,Baile,12814,,Baile,
Argentina,0,3,0,2.5,,Deporte,12814,,Deporte,
Argentina,0,3,0,2.5,,Vestimenta ,12814,,Vestimenta ,
Argentina,0,3,0,2.5,,picante,12814,,picante,
Argentina,0,3,0,2.5,,moda,12814,,moda,
Argentina,0,3,0,2.5,,indigente,12814,,indigente,
Argentina,0,3,0,2.5,,identidad,12814,,identidad,
Argentina,0,3,0,2.5,,esfuerzo,12814,,esfuerzo,
Argentina,0,3,0,2.5,,alegrìa,12814,,alegrìa,
Argentina,0,3,0,2.5,,sabores,12814,,sabores,
Argentina,0,3,0,2.5,,serios,12814,,serios,
Argentina,0,3,0,2.5,,ansiedad,12814,,ansiedad,
Argentina,0,3,0,2.5,,lectura  y escritura,12814,,lectura  y escritura,
Argentina,0,3,0,2.5,,los porteños son sobervios,12814,,los porteños son sobervios,
Argentina,0,3,0,2.5,,alegre,12814,,alegre,
Argentina,0,3,0,2.5,,Alegre,12814,,Alegre,
Argentina,0,3,0,2.5,,Alegre,12814,,Alegre,
Argentina,0,3,0,2.5,,Variedad,12814,,Variedad,
Argentina,0,3,0,2.5,,Normas,12814,,Normas,
Argentina,0,3,0,2.5,,Conquista,12814,,Conquista,
Argentina,0,3,0,2.5,,Estilo,12814,,Estilo,
Argentina,0,3,0,2.5,,enemigo,12814,,enemigo,
Argentina,0,3,0,2.5,,hambre,12814,,hambre,
Argentina,0,3,0,2.5,,Patria,12814,,Patria,
Argentina,0,3,0,2.5,,Leyes,12814,,Leyes,
Argentina,0,3,0,2.5,,frio,12814,,frio,
Argentina,0,3,0,2.5,,Dios,12814,,Dios,
Argentina,0,3,0,2.5,,Mal,12814,,Mal,
Argentina,0,3,0,2.5,,Ventas,12814,,Ventas,
Argentina,0,3,0,2.5,,Minoria,12814,,Minoria,
Argentina,0,3,0,2.5,,comida picante ,12814,,comida picante ,
Argentina,0,3,0,2.5,,responsables ,12814,,responsables ,
Argentina,0,3,0,2.5,,divertidos,12814,,divertidos,
Argentina,0,3,0,2.5,,comida ,12814,,comida ,
Argentina,0,3,0,2.5,,diversion ,12814,,diversion ,
Argentina,0,3,0,2.5,,trabajadora,12814,,trabajadora,
Argentina,0,3,0,2.5,,orden ,12814,,orden ,
Argentina,0,3,0,2.5,,generoso,12814,,generoso,
Argentina,0,3,0,2.5,,amables ,12814,,amables ,
Argentina,0,3,0,2.5,,Esfuerzo,12814,,Esfuerzo,
Argentina,0,3,0,2.5,,Orgullosos,12814,,Orgullosos,
Argentina,0,3,0,2.5,,Honesto ,12814,,Honesto ,
Argentina,0,3,0,2.5,,feria,12814,,feria,
Argentina,0,3,0,2.5,,Trabajadores,12814,,Trabajadores,
Argentina,0,3,0,2.5,,Historico,12814,,Historico,
Argentina,0,3,0,2.5,,Alegres,12814,,Alegres,
Argentina,0,3,0,2.5,,fiesteros,12814,,fiesteros,
Argentina,0,3,0,2.5,,Poder,12814,,Poder,
Argentina,0,3,0,2.5,,simpatía ,12814,,simpatía ,
Argentina,0,3,0,2.5,,eufóricos ,12814,,eufóricos ,
Argentina,0,3,0,2.5,,ALEGRIA,12814,,ALEGRIA,
Argentina,0,3,0,2.5,,SIMPATÍA,12814,,SIMPATÍA,
Argentina,0,3,0,2.5,,RESPETUOSOS,12814,,RESPETUOSOS,
Argentina,0,3,0,2.5,,machismo,12814,,machismo,
Argentina,0,3,0,2.5,,TIPICO,12814,,TIPICO,
Argentina,0,3,0,2.5,,POBREZA,12814,,POBREZA,
Argentina,0,3,0,2.5,,TRABAJO,12814,,TRABAJO,
Argentina,0,3,0,2.5,,HISTORIA,12814,,HISTORIA,
Argentina,0,3,0,2.5,,muros,12814,,muros,
Argentina,0,3,0,2.5,,playa,12814,,playa,
Argentina,0,3,0,2.5,,artistas,12814,,artistas,
Argentina,0,3,0,2.5,,tango,12814,,tango,
Argentina,0,3,0,2.5,,mate,12814,,mate,
Argentina,0,3,0,2.5,,multicultural,12814,,multicultural,
Argentina,0,3,0,2.5,,afectuosos,12814,,afectuosos,
Argentina,0,3,0,2.5,,fuerza,12814,,fuerza,
Argentina,0,3,0,2.5,,tradicionales,12814,,tradicionales,
Argentina,0,3,0,2.5,,Deporte,12814,,Deporte,
Argentina,0,3,0,2.5,,multiculturales,12814,,multiculturales,
Argentina,0,3,0,2.5,,alegres,12814,,alegres,
Argentina,0,3,0,2.5,,impulsivos,12814,,impulsivos,
Argentina,0,3,0,2.5,,Deportes,12814,,Deportes,
Argentina,0,3,0,2.5,,colonialistas,12814,,colonialistas,
Argentina,0,3,0,2.5,,deporte,12814,,deporte,
Argentina,0,3,0,2.5,,Deportes ,12814,,Deportes ,
Argentina,0,3,0,2.5,,Cálido ,12814,,Cálido ,
Argentina,0,3,0,2.5,,Playa,12814,,Playa,
Argentina,0,3,0,2.5,,Buenos artistas,12814,,Buenos artistas,
Argentina,0,3,0,2.5,,MUSICA,12814,,MUSICA,
Argentina,0,3,0,2.5,,IDIOMA,12814,,IDIOMA,
Argentina,0,3,0,2.5,,COMIDA,12814,,COMIDA,
Argentina,0,3,0,2.5,,FESTIVALES,12814,,FESTIVALES,
Argentina,0,3,0,2.5,,LES GUSTA LA COMIDA,12814,,LES GUSTA LA COMIDA,
Argentina,0,3,0,2.5,,FUTBOL,12814,,FUTBOL,
Argentina,0,3,0,2.5,,ORDENADOS,12814,,ORDENADOS,
Argentina,0,3,0,2.5,,FALTA DE HIGIENE,12814,,FALTA DE HIGIENE,
Argentina,0,3,0,2.5,,RELIGION,12814,,RELIGION,
Argentina,0,3,0,2.5,,MATE,12814,,MATE,
Argentina,0,3,0,2.5,,ASADO FERNET,12814,,ASADO FERNET,
Argentina,0,3,0,2.5,,CARAVANAS,12814,,CARAVANAS,
Argentina,0,3,0,2.5,,CLIMA FRIO,12814,,CLIMA FRIO,
Argentina,0,3,0,2.5,,TÉ,12814,,TÉ,
Argentina,0,3,0,2.5,,nieve,12814,,nieve,
Argentina,0,3,0,2.5,,cerveza,12814,,cerveza,
Argentina,0,3,0,2.5,,tortilla española,12814,,tortilla española,
Argentina,0,3,0,2.5,,español,12814,,español,
Argentina,0,3,0,2.5,,las islas malvinas son aregentinas,12814,,las islas malvinas son aregentinas,
Argentina,0,3,0,2.5,,gracioso,12814,,gracioso,
Argentina,0,3,0,2.5,,bebidas,12814,,bebidas,
Argentina,0,3,0,2.5,,cordial,12814,,cordial,
Argentina,0,3,0,2.5,,alegres,12814,,alegres,
Argentina,0,3,0,2.5,,apasionados,12814,,apasionados,
Argentina,0,3,0,2.5,,fiesteros,12814,,fiesteros,
Argentina,0,3,0,2.5,,futbooleros,12814,,futbooleros,
Argentina,0,3,0,2.5,,educados,12814,,educados,
Argentina,0,3,0,2.5,,alegres,12814,,alegres,
Argentina,0,3,0,2.5,,elegantes,12814,,elegantes,
Argentina,0,3,0,2.5,,Fútbol,12814,,Fútbol,
Argentina,0,3,0,2.5,,Locro,12814,,Locro,
Argentina,0,3,0,2.5,,La música ,12814,,La música ,
Argentina,0,3,0,2.5,,Fútbol ,12814,,Fútbol ,
Argentina,0,3,0,2.5,,Prolijidad ,12814,,Prolijidad ,
Argentina,0,3,0,2.5,,Buen gusto,12814,,Buen gusto,
Argentina,0,3,0,2.5,,Hospitalario ,12814,,Hospitalario ,
Argentina,0,3,0,2.5,,Amables,12814,,Amables,
Argentina,0,3,0,2.5,,Prolijidad ,12814,,Prolijidad ,
Argentina,0,3,0,2.5,,comida,12814,,comida,
Argentina,0,3,0,2.5,,corrida de toros,12814,,corrida de toros,
Argentina,0,3,0,2.5,,terremoto,12814,,terremoto,
Argentina,0,3,0,2.5,,frío y polca,12814,,frío y polca,
Argentina,0,3,0,2.5,,playa y Castro-Che Guevara,12814,,playa y Castro-Che Guevara,
Argentina,0,3,0,2.5,,pastas y pizas,12814,,pastas y pizas,
Argentina,0,3,0,2.5,,pasionales,12814,,pasionales,
Argentina,0,3,0,2.5,,amantes de la naturaleza,12814,,amantes de la naturaleza,
Argentina,0,3,0,2.5,, exploradores,12814,, exploradores,
Argentina,0,3,0,2.5,,día de los muertos,12814,,día de los muertos,
Argentina,0,3,0,2.5,,premios Nobel,12814,,premios Nobel,
Argentina,0,3,0,2.5,,picante,12814,,picante,
Argentina,0,3,0,2.5,,belleza,12814,,belleza,
Argentina,0,3,0,2.5,,tango,12814,,tango,
Argentina,0,3,0,2.5,,envidiosos,12814,,envidiosos,
Argentina,0,3,0,2.5,,sentido de humor,12814,,sentido de humor,
Argentina,0,3,0,2.5,,espalda ancha,12814,,espalda ancha,
Argentina,0,3,0,2.5,,resentidos,12814,,resentidos,
Argentina,0,3,0,2.5,,alegres,12814,,alegres,
Argentina,0,3,0,2.5,,trabajadores,12814,,trabajadores,
Argentina,0,3,0,2.5,,mentirosos,12814,,mentirosos,
Argentina,0,3,0,2.5,,planeros,12814,,planeros,
Argentina,0,3,0,2.5,,refugiados,12814,,refugiados,
Argentina,0,3,0,2.5,,vagos,12814,,vagos,
Argentina,0,3,0,2.5,,conflictos,12814,,conflictos,
Argentina,0,3,0,2.5,,bromista,12814,,bromista,
Argentina,0,3,0,2.5,,potencial,12814,,potencial,
Argentina,0,3,0,2.5,,dotes artisticos,12814,,dotes artisticos,
Argentina,0,3,0,2.5,,servicial,12814,,servicial,
Argentina,0,3,0,2.5,,salsa,12814,,salsa,
Argentina,0,3,0,2.5,,correctos,12814,,correctos,
Argentina,0,3,0,2.5,,folklore,12814,,folklore,
Argentina,0,3,0,2.5,,saqueos,12814,,saqueos,
Argentina,0,3,0,2.5,,espiritual,12814,,espiritual,
Argentina,0,3,0,2.5,,Asado,12814,,Asado,
Argentina,0,3,0,2.5,,Tradiciones,12814,,Tradiciones,
Argentina,0,3,0,2.5,,Alegres,12814,,Alegres,
Argentina,0,3,0,2.5,,Grande,12814,,Grande,
Argentina,0,3,0,2.5,,Responsables,12814,,Responsables,
Argentina,0,3,0,2.5,,Les gusta bailar,12814,,Les gusta bailar,
Argentina,0,3,0,2.5,,sociables,12814,,sociables,
Argentina,0,3,0,2.5,,familieros,12814,,familieros,
Argentina,0,3,0,2.5,,cordiales,12814,,cordiales,
Argentina,0,3,0,2.5,,hospitalidad,12814,,hospitalidad,
Argentina,0,3,0,2.5,,divertidos,12814,,divertidos,
Argentina,0,3,0,2.5,,disciplina,12814,,disciplina,
Argentina,0,3,0,2.5,,amables,12814,,amables,
Argentina,0,3,0,2.5,,Delincuencia,12814,,Delincuencia,
Argentina,0,3,0,2.5,, sicariato,12814,, sicariato,
Argentina,0,3,0,2.5,,Frialdad,12814,,Frialdad,
Argentina,0,3,0,2.5,, seriedad,12814,, seriedad,
Argentina,0,3,0,2.5,, orden,12814,, orden,
Argentina,0,3,0,2.5,,seriedad,12814,,seriedad,
Argentina,0,3,0,2.5,,desorden,12814,,desorden,
Argentina,0,3,0,2.5,, confianza,12814,, confianza,
Argentina,0,3,0,2.5,, compañerismo,12814,, compañerismo,
Argentina,0,3,0,2.5,, soberbia,12814,, soberbia,
Argentina,0,3,0,2.5,, trampa,12814,, trampa,
Argentina,0,3,0,2.5,,Desorden,12814,,Desorden,
Argentina,0,3,0,2.5,, informalidad,12814,, informalidad,
Argentina,0,3,0,2.5,,Orden,12814,,Orden,
Argentina,0,3,0,2.5,, honestidad,12814,, honestidad,
Argentina,0,3,0,2.5,, eficiencia,12814,, eficiencia,
Argentina,0,3,0,2.5,, puntualidad,12814,, puntualidad,
Argentina,0,3,0,2.5,,comunistas,12814,,comunistas,
Argentina,0,3,0,2.5,, pobres,12814,, pobres,
Argentina,0,3,0,2.5,, sometidos,12814,, sometidos,
Argentina,0,3,0,2.5,,solidarios,12814,,solidarios,
Argentina,0,3,0,2.5,, tranquilos,12814,, tranquilos,
Argentina,0,3,0,2.5,,gastronomía tradición ,12814,,gastronomía tradición ,
Argentina,0,3,0,2.5,,comida,12814,,comida,
Argentina,0,3,0,2.5,,confianza,12814,,confianza,
Argentina,0,3,0,2.5,,ejercicios,12814,,ejercicios,
Argentina,0,3,0,2.5,,historia,12814,,historia,
Argentina,0,3,0,2.5,,fiestas,12814,,fiestas,
Argentina,0,3,0,2.5,,inestabilidad,12814,,inestabilidad,
Argentina,0,3,0,2.5,,orden,12814,,orden,
Argentina,0,3,0,2.5,,bailes,12814,,bailes,
Argentina,0,3,0,2.5,,ambruna,12814,,ambruna,
Argentina,0,3,0,2.5,,fiestas,12814,,fiestas,
Argentina,0,3,0,2.5,,lenguaje español,12814,,lenguaje español,
Argentina,0,3,0,2.5,,diversidad,12814,,diversidad,
Argentina,0,3,0,2.5,,reunión familiar,12814,,reunión familiar,
Argentina,0,3,0,2.5,,resistencia,12814,,resistencia,
Argentina,0,3,0,2.5,,rituales,12814,,rituales,
Argentina,0,3,0,2.5,,riqueza cultural,12814,,riqueza cultural,
Argentina,0,3,0,2.5,,riqueza natural,12814,,riqueza natural,
Argentina,0,3,0,2.5,,riqueza en recursos naturales,12814,,riqueza en recursos naturales,
Argentina,0,3,0,2.5,,puntualidad,12814,,puntualidad,
Argentina,0,3,0,2.5,,cultura relajada,12814,,cultura relajada,
Argentina,0,3,0,2.5,,diversidad cultural,12814,,diversidad cultural,
Argentina,0,3,0,2.5,,musica vibrante,12814,,musica vibrante,
Argentina,0,3,0,2.5,,neutralidad politica,12814,,neutralidad politica,
Argentina,0,3,0,2.5,,herencia cultural,12814,,herencia cultural,
Argentina,0,3,0,2.5,,cultura  pop,12814,,cultura  pop,
Argentina,0,3,0,2.5,,Pasión ,12814,,Pasión ,
Argentina,0,3,0,2.5,,deporte,12814,,deporte,
Argentina,0,3,0,2.5,,calidad de vida,12814,,calidad de vida,
Argentina,0,3,0,2.5,,Hospitalidad. Patrimonio cultural,12814,,Hospitalidad. Patrimonio cultural,
Argentina,0,3,0,2.5,,Deportes,12814,,Deportes,
Argentina,0,3,0,2.5,,baile ,12814,,baile ,
Argentina,0,3,0,2.5,,musica,12814,,musica,
Argentina,0,3,0,2.5,,deporte,12814,,deporte,
Argentina,0,3,0,2.5,,musica,12814,,musica,
Argentina,0,3,0,2.5,,Seguridad. Arte. Estabilidad.,12814,,Seguridad. Arte. Estabilidad.,
Argentina,0,3,0,2.5,,deporte,12814,,deporte,
Argentina,0,3,0,2.5,,Diversion,12814,,Diversion,
Argentina,0,3,0,2.5,,Musica ,12814,,Musica ,
Argentina,0,3,0,2.5,,musica,12814,,musica,
Argentina,0,3,0,2.5,,Arte,12814,,Arte,
Argentina,0,3,0,2.5,, Amigable. Generosa. Solidaria. Extenso. Futbol. Diversidad Climática.,12814,, Amigable. Generosa. Solidaria. Extenso. Futbol. Diversidad Climática.,
Argentina,0,3,0,2.5,,Hospitalidad. Patrimonio cultural,12814,,Hospitalidad. Patrimonio cultural,
Argentina,0,3,0,2.5,,paraiso ,12814,,paraiso ,
Argentina,0,3,0,2.5,,Amistad. Generosidad. diversidad climática. ,12814,,Amistad. Generosidad. diversidad climática. ,
Argentina,0,3,0,2.5,,musica,12814,,musica,
Argentina,0,3,0,2.5,,diversion,12814,,diversion,
Argentina,0,3,0,2.5,,deporte,12814,,deporte,
Argentina,0,3,0,2.5,,Reservados. Cortes. Modesto,12814,,Reservados. Cortes. Modesto,
Argentina,0,3,0,2.5,,BAILES,12814,,BAILES,
Argentina,0,3,0,2.5,,CARNAVAL,12814,,CARNAVAL,
Argentina,0,3,0,2.5,,Cultura. Vestimenta. Comida. Altura.,12814,,Cultura. Vestimenta. Comida. Altura.,
Argentina,0,3,0,2.5,,FUTBOLERO,12814,,FUTBOLERO,
Argentina,0,3,0,2.5,,PUEBLOS ORIGINARIOS,12814,,PUEBLOS ORIGINARIOS,
Argentina,0,3,0,2.5,, CULTURA MAYA-AZTECA,12814,, CULTURA MAYA-AZTECA,
Argentina,0,3,0,2.5,,musica ,12814,,musica ,
Argentina,0,3,0,2.5,,AMIGUEROS,12814,,AMIGUEROS,
Argentina,0,3,0,2.5,,MINERIA-LAGO TITI CACA- INCAS,12814,,MINERIA-LAGO TITI CACA- INCAS,
Argentina,0,3,0,2.5,,Carnaval. Futbol. Alegría. Playas.,12814,,Carnaval. Futbol. Alegría. Playas.,
Argentina,0,3,0,2.5,,MATE-GAUCHOS-MARANODA-MESSI-FANGIO-COLAPINTO,12814,,MATE-GAUCHOS-MARANODA-MESSI-FANGIO-COLAPINTO,
Argentina,0,3,0,2.5,,CULINARIO,12814,,CULINARIO,
Argentina,0,3,0,2.5,,Cocodrilos. Canguros. playas. calidad de vida. Calor.,12814,,Cocodrilos. Canguros. playas. calidad de vida. Calor.,
Argentina,0,3,0,2.5,,JUNTARSE,12814,,JUNTARSE,
Argentina,0,3,0,2.5,, AMIGOS. CELEBRAR,12814,, AMIGOS. CELEBRAR,
Argentina,0,3,0,2.5,,PICARO,12814,,PICARO,
Argentina,0,3,0,2.5,, CHAMULLERO,12814,, CHAMULLERO,
Argentina,0,3,0,2.5,,VILLAS- CAPITAL FEDERAL,12814,,VILLAS- CAPITAL FEDERAL,
Argentina,0,3,0,2.5,,Toros. Conquistas. Reyes.,12814,,Toros. Conquistas. Reyes.,
Argentina,0,3,0,2.5,,INMIGRACION,12814,,INMIGRACION,
Argentina,0,3,0,2.5,,DEPORTE,12814,,DEPORTE,
Argentina,0,3,0,2.5,,Soberbio,12814,,Soberbio,
Argentina,0,3,0,2.5,,Mayor nivel económico,12814,,Mayor nivel económico,
Argentina,0,3,0,2.5,,Parques de diversiones,12814,,Parques de diversiones,
Argentina,0,3,0,2.5,,Bailes,12814,,Bailes,
Argentina,0,3,0,2.5,, folclore.,12814,, folclore.,
Argentina,0,3,0,2.5,,Deportes,12814,,Deportes,
Argentina,0,3,0,2.5,,programacion,12814,,programacion,
Argentina,0,3,0,2.5,,deporte,12814,,deporte,
Argentina,0,3,0,2.5,,alto nivel de vida,12814,,alto nivel de vida,
Argentina,0,3,0,2.5,,pobreza,12814,,pobreza,
Argentina,0,3,0,2.5,,danza,12814,,danza,
Argentina,0,3,0,2.5,,Turismo,12814,,Turismo,
Argentina,0,3,0,2.5,,pobreza,12814,,pobreza,
Argentina,0,3,0,2.5,,alto nivel economico,12814,,alto nivel economico,
Argentina,0,3,0,2.5,,Futbol,12814,,Futbol,
Argentina,0,3,0,2.5,,turismo,12814,,turismo,
Argentina,0,3,0,2.5,,turismo,12814,,turismo,
Argentina,0,3,0,2.5,,nivel economico bajo,12814,,nivel economico bajo,
Argentina,0,3,0,2.5,,alto nivel economico,12814,,alto nivel economico,
Argentina,0,3,0,2.5,,alto nivel de vida,12814,,alto nivel de vida,
Argentina,0,3,0,2.5,,recursos economicos altos,12814,,recursos economicos altos,
Argentina,0,3,0,2.5,,baile ,12814,,baile ,
Argentina,0,3,0,2.5,,paises desarrollados,12814,,paises desarrollados,
Argentina,0,3,0,2.5,,deportes,12814,,deportes,
Argentina,0,3,0,2.5,,recursos economicos elevados,12814,,recursos economicos elevados,
Argentina,0,3,0,2.5,,pais de gran desarrollo economico,12814,,pais de gran desarrollo economico,
Argentina,0,3,0,2.5,,pobreza,12814,,pobreza,
Argentina,0,3,0,2.5,,Deporte,12814,,Deporte,
Argentina,0,3,0,2.5,,buenos recursos económicos ,12814,,buenos recursos económicos ,
Argentina,0,3,0,2.5,,pobreza,12814,,pobreza,
Argentina,0,3,0,2.5,,lujo,12814,,lujo,
Argentina,0,3,0,2.5,,pololos,12814,,pololos,
Argentina,0,3,0,2.5,,insipidos,12814,,insipidos,
Argentina,0,3,0,2.5,,comida picante,12814,,comida picante,
Argentina,0,3,0,2.5,,caribe,12814,,caribe,
Argentina,0,3,0,2.5,,Narcotráfico,12814,,Narcotráfico,
Argentina,0,3,0,2.5,,pobreza,12814,,pobreza,
Argentina,0,3,0,2.5,,Futboleros,12814,,Futboleros,
Argentina,0,3,0,2.5,,Chamuyeros,12814,,Chamuyeros,
Argentina,0,3,0,2.5,,Fríos,12814,,Fríos,
Argentina,0,3,0,2.5,,guerra,12814,,guerra,
Argentina,0,3,0,2.5,,petróleo,12814,,petróleo,
Argentina,0,3,0,2.5,,comida,12814,,comida,
Argentina,0,3,0,2.5,,conflicto,12814,,conflicto,
Argentina,0,3,0,2.5,, petróleo,12814,, petróleo,
Argentina,0,3,0,2.5,, guerra,12814,, guerra,
Argentina,0,3,0,2.5,,vacaciones,12814,,vacaciones,
Argentina,0,3,0,2.5,,tango,12814,,tango,
Argentina,0,3,0,2.5,,maradona,12814,,maradona,
Argentina,0,3,0,2.5,,Trump,12814,,Trump,
Argentina,0,3,0,2.5,,cordillera,12814,,cordillera,
Argentina,0,3,0,2.5,,agrandados,12814,,agrandados,
Argentina,0,3,0,2.5,,guerra,12814,,guerra,
Argentina,0,3,0,2.5,,asado,12814,,asado,
Argentina,0,3,0,2.5,,murga,12814,,murga,
Argentina,0,3,0,2.5,, carnaval,12814,, carnaval,
Argentina,0,3,0,2.5,,carnaval,12814,,carnaval,
Argentina,0,3,0,2.5,, samba,12814,, samba,
Argentina,0,3,0,2.5,, playas,12814,, playas,
Argentina,0,3,0,2.5,,nazismo,12814,,nazismo,
Argentina,0,3,0,2.5,,música,12814,,música,
Argentina,0,3,0,2.5,, carnaval,12814,, carnaval,
Argentina,0,3,0,2.5,, playas,12814,, playas,
Argentina,0,3,0,2.5,,tango,12814,,tango,
Argentina,0,3,0,2.5,, folclore,12814,, folclore,
Argentina,0,3,0,2.5,, gardel,12814,, gardel,
Argentina,0,3,0,2.5,,tekila,12814,,tekila,
Argentina,0,3,0,2.5,,verseros,12814,,verseros,
Argentina,0,3,0,2.5,,alegres,12814,,alegres,
Argentina,0,3,0,2.5,,Morochas,12814,,Morochas,
Argentina,0,3,0,2.5,,Desértico,12814,,Desértico,
Argentina,0,3,0,2.5,,Orgullo,12814,,Orgullo,
Argentina,0,3,0,2.5,,mate,12814,,mate,
Argentina,0,3,0,2.5,,activos,12814,,activos,
Argentina,0,3,0,2.5,,Drogas,12814,,Drogas,
Argentina,0,3,0,2.5,,Libertad ,12814,,Libertad ,
Argentina,0,3,0,2.5,,hermanos argentinos,12814,,hermanos argentinos,
Argentina,0,3,0,2.5,,inglés,12814,,inglés,
Argentina,0,3,0,2.5,,euforia,12814,,euforia,
Argentina,0,3,0,2.5,, fútbol,12814,, fútbol,
Argentina,0,3,0,2.5,,Futbolero ,12814,,Futbolero ,
Argentina,0,3,0,2.5,,Amistad,12814,,Amistad,
Argentina,0,3,0,2.5,,felicidad,12814,,felicidad,
Argentina,0,3,0,2.5,,mala alimentacion,12814,,mala alimentacion,
Argentina,0,3,0,2.5,,islamismo,12814,,islamismo,
Argentina,0,3,0,2.5,,pasion,12814,,pasion,
Argentina,0,3,0,2.5,,serios,12814,,serios,
Argentina,0,3,0,2.5,,baile,12814,,baile,
Argentina,0,3,0,2.5,,futbol,12814,,futbol,
Argentina,0,3,0,2.5,,san patricio,12814,,san patricio,
Argentina,0,3,0,2.5,,calidos,12814,,calidos,
Argentina,0,3,0,2.5,,frio,12814,,frio,
Argentina,0,3,0,2.5,,guerra,12814,,guerra,
Argentina,0,3,0,2.5,,mar,12814,,mar,
Argentina,0,3,0,2.5,,amables,12814,,amables,
Argentina,0,3,0,2.5,,Argentina,12814,,Argentina,
Argentina,0,3,0,2.5,,cuarteto,12814,,cuarteto,
Argentina,0,3,0,2.5,,Orgullo,12814,,Orgullo,
Argentina,0,3,0,2.5,, resiliencia,12814,, resiliencia,
Argentina,0,3,0,2.5,,Creatividad. Solidadridad,12814,,Creatividad. Solidadridad,
Argentina,0,3,0,2.5,,Diversidad. Herencia. Naturaleza,12814,,Diversidad. Herencia. Naturaleza,
Argentina,0,3,0,2.5,,"Gastronomía

Música

Cultura

Hospitalidad",12814,,"Gastronomía

Música

Cultura

Hospitalidad",
Argentina,0,3,0,2.5,,Arraigo. Cultura. Historia,12814,,Arraigo. Cultura. Historia,
Argentina,0,3,0,2.5,,"Fútbol

Messi

Asado

Mate

Tango",12814,,"Fútbol

Messi

Asado

Mate

Tango",
Argentina,0,3,0,2.5,,Tequila,12814,,Tequila,
Argentina,0,3,0,2.5,,Lenguaje ,12814,,Lenguaje ,
Argentina,0,3,0,2.5,,Cultura ,12814,,Cultura ,
Argentina,0,3,0,2.5,,La música ,12814,,La música ,
Argentina,0,3,0,2.5,,Córdoba,12814,,Córdoba,
Argentina,0,3,0,2.5,,Cultura Rica,12814,,Cultura Rica,
Argentina,0,3,0,2.5,,Dulce de Leche ,12814,,Dulce de Leche ,
Argentina,0,3,0,2.5,,Trabajadores,12814,,Trabajadores,
Argentina,0,3,0,2.5,,Uruguay,12814,,Uruguay,
Argentina,0,3,0,2.5,,lugares hermosos,12814,,lugares hermosos,
Argentina,0,3,0,2.5,, vacaciones ,12814,, vacaciones ,
Argentina,0,3,0,2.5,,ingles,12814,,ingles,
Argentina,0,3,0,2.5,,compatriotas,12814,,compatriotas,
Argentina,0,3,0,2.5,, trabajo ,12814,, trabajo ,
Argentina,0,3,0,2.5,,Cultura,12814,,Cultura,
Argentina,0,3,0,2.5,, patrimonio ,12814,, patrimonio ,
Argentina,0,3,0,2.5,,Cultura ,12814,,Cultura ,
Argentina,0,3,0,2.5,,Cultura,12814,,Cultura,
Argentina,0,3,0,2.5,, patrimonio. vacaciones ,12814,, patrimonio. vacaciones ,
Argentina,0,3,0,2.5,,Hospitalidad. ,12814,,Hospitalidad. ,
Argentina,0,3,0,2.5,,Buena gente,12814,,Buena gente,
Argentina,0,3,0,2.5,, cobijo ,12814,, cobijo ,
Argentina,0,3,0,2.5,,Poco conocido,12814,,Poco conocido,
Argentina,0,3,0,2.5,,uruguay,12814,,uruguay,
Argentina,0,3,0,2.5,,responsabilidad,12814,,responsabilidad,
Argentina,0,3,0,2.5,,vestimenta,12814,,vestimenta,
Argentina,0,3,0,2.5,,día de la muerte,12814,,día de la muerte,
Argentina,0,3,0,2.5,, comida picante,12814,, comida picante,
Argentina,0,3,0,2.5,,divertido - alegre - fiesta,12814,,divertido - alegre - fiesta,
Argentina,0,3,0,2.5,,cultura- futbol - pasión - hermosos paisajes,12814,,cultura- futbol - pasión - hermosos paisajes,
Argentina,0,3,0,2.5,,lindos paisajes - turismo,12814,,lindos paisajes - turismo,
Argentina,0,3,0,2.5,,rica gastronomía - cultura - pasión ,12814,,rica gastronomía - cultura - pasión ,
Argentina,0,3,0,2.5,,baile,12814,,baile,
Argentina,0,3,0,2.5,,estudioso,12814,,estudioso,
Argentina,0,3,0,2.5,,consumismo,12814,,consumismo,
Argentina,0,3,0,2.5,,futbolero,12814,,futbolero,
Argentina,0,3,0,2.5,,variedad,12814,,variedad,
Argentina,0,3,0,2.5,,colorido,12814,,colorido,
Argentina,0,3,0,2.5,,amable,12814,,amable,
Argentina,0,3,0,2.5,,playas,12814,,playas,
Argentina,0,3,0,2.5,,precisión,12814,,precisión,
Argentina,0,3,0,2.5,,cultura extremista,12814,,cultura extremista,
Argentina,0,3,0,2.5,,mate,12814,,mate,
Argentina,0,3,0,2.5,,Carnaval,12814,,Carnaval,
Argentina,0,3,0,2.5,,Arte e historia,12814,,Arte e historia,
Argentina,0,3,0,2.5,,chaparrito,12814,,chaparrito,
Argentina,0,3,0,2.5,,pasta,12814,,pasta,
Argentina,0,3,0,2.5,,exuberancia vegetal,12814,,exuberancia vegetal,
Argentina,0,3,0,2.5,,choripan,12814,,choripan,
Argentina,0,3,0,2.5,,Arquitectura colonial,12814,,Arquitectura colonial,
Argentina,0,3,0,2.5,,meditación,12814,,meditación,
Argentina,0,3,0,2.5,,amigables,12814,,amigables,
Argentina,0,3,0,2.5,,guitarra y bombo,12814,,guitarra y bombo,
Argentina,0,3,0,2.5,,pobreza creciente,12814,,pobreza creciente,
Argentina,0,3,0,2.5,, delincuencia creciente,12814,, delincuencia creciente,
Argentina,0,3,0,2.5,,dolor,12814,,dolor,
Argentina,0,3,0,2.5,,diversion,12814,,diversion,
Argentina,0,3,0,2.5,,pasta- tarantela,12814,,pasta- tarantela,
Argentina,0,3,0,2.5,,inovación,12814,,inovación,
Argentina,0,3,0,2.5,,surf,12814,,surf,
Argentina,0,3,0,2.5,,pirámides,12814,,pirámides,
Argentina,0,3,0,2.5,,playas,12814,,playas,
Argentina,0,3,0,2.5,, palmeras,12814,, palmeras,
Argentina,0,3,0,2.5,, felicidad,12814,, felicidad,
Argentina,0,3,0,2.5,, descanso,12814,, descanso,
Argentina,0,3,0,2.5,,guerra,12814,,guerra,
Argentina,0,3,0,2.5,,espiritualidad,12814,,espiritualidad,
Argentina,0,3,0,2.5,,impuestos bajos,12814,,impuestos bajos,
Argentina,0,3,0,2.5,,lujo,12814,,lujo,
Argentina,0,3,0,2.5,, riqueza,12814,, riqueza,
Argentina,0,3,0,2.5,,desierto,12814,,desierto,
Argentina,0,3,0,2.5,,GUERRA,12814,,GUERRA,
Argentina,0,3,0,2.5,,narcotràfico,12814,,narcotràfico,
Argentina,0,3,0,2.5,,prosperidad,12814,,prosperidad,
Argentina,0,3,0,2.5,,deportistas,12814,,deportistas,
Argentina,0,3,0,2.5,,frialdad,12814,,frialdad,
Argentina,0,3,0,2.5,,belicosidad,12814,,belicosidad,
Argentina,0,3,0,2.5,,miseria,12814,,miseria,
Argentina,0,3,0,2.5,,frialdad,12814,,frialdad,
Argentina,0,3,0,2.5,,sumisos,12814,,sumisos,
Argentina,0,3,0,2.5,,calidez,12814,,calidez,
Argentina,0,3,0,2.5,,simpleza,12814,,simpleza,
Argentina,0,3,0,2.5,,perseverancia,12814,,perseverancia,
Argentina,0,3,0,2.5,,Ninguno. Es geográfico. ,12814,,Ninguno. Es geográfico. ,
Argentina,0,3,0,2.5,,A Francia o a Argentina? A Francia,12814,,A Francia o a Argentina? A Francia,
Argentina,0,3,0,2.5,, historia y a Argentina,12814,, historia y a Argentina,
Argentina,0,3,0,2.5,, vias de desarrollo,12814,, vias de desarrollo,
Argentina,0,3,0,2.5,,Salud,12814,,Salud,
Argentina,0,3,0,2.5,,Profesionales,12814,,Profesionales,
Argentina,0,3,0,2.5,,Desierto,12814,,Desierto,
Argentina,0,3,0,2.5,,Narcotrafico,12814,,Narcotrafico,
Argentina,0,3,0,2.5,,Guerras,12814,,Guerras,
Argentina,0,3,0,2.5,,Sustentabilidad,12814,,Sustentabilidad,
Argentina,0,3,0,2.5,,Amistad,12814,,Amistad,
Argentina,0,3,0,2.5,,Paz,12814,,Paz,
Argentina,0,3,0,2.5,,Bosques,12814,,Bosques,
Argentina,0,3,0,2.5,,hambre,12814,,hambre,
Argentina,0,3,0,2.5,,sombreros grandes ,12814,,sombreros grandes ,
Argentina,0,3,0,2.5,,especies ,12814,,especies ,
Argentina,0,3,0,2.5,,Chamame ,12814,,Chamame ,
Argentina,0,3,0,2.5,,Alegria,12814,,Alegria,
Argentina,0,3,0,2.5,,historico,12814,,historico,
Argentina,0,3,0,2.5,,sobrepoblacion,12814,,sobrepoblacion,
Argentina,0,3,0,2.5,,Fútbol,12814,,Fútbol,
Argentina,0,3,0,2.5,,Fiesteros,12814,,Fiesteros,
Argentina,0,3,0,2.5,,Ciudad,12814,,Ciudad,
Argentina,0,3,0,2.5,,Habitantes,12814,,Habitantes,
Argentina,0,3,0,2.5,,Guerra,12814,,Guerra,
Argentina,0,3,0,2.5,,Vecinos,12814,,Vecinos,
Argentina,0,3,0,2.5,,Verano,12814,,Verano,
Argentina,0,3,0,2.5,,Cultura,12814,,Cultura,
Argentina,0,3,0,2.5,,Ciudadano,12814,,Ciudadano,
Argentina,0,3,0,2.5,,Cuarteto,12814,,Cuarteto,
Argentina,0,3,0,2.5,,sierras ,12814,,sierras ,
Argentina,0,3,0,2.5,,carnaval ,12814,,carnaval ,
Argentina,0,3,0,2.5,,peliculas ,12814,,peliculas ,
Argentina,0,3,0,2.5,,ropas tipicas ,12814,,ropas tipicas ,
Argentina,0,3,0,2.5,,alegria,12814,,alegria,
Argentina,0,3,0,2.5,,playas ,12814,,playas ,
Argentina,0,3,0,2.5,,limpieza,12814,,limpieza,
Argentina,0,3,0,2.5,,poblacion ,12814,,poblacion ,
Argentina,0,3,0,2.5,,solidarios,12814,,solidarios,
Argentina,0,3,0,2.5,,alegria,12814,,alegria,
Argentina,0,3,0,2.5,,capitalismo,12814,,capitalismo,
Argentina,0,3,0,2.5,,inteligentes,12814,,inteligentes,
Argentina,0,3,0,2.5,,humor,12814,,humor,
Argentina,0,3,0,2.5,,musicos,12814,,musicos,
Argentina,0,3,0,2.5,,baile,12814,,baile,
Argentina,0,3,0,2.5,,serios,12814,,serios,
Argentina,0,3,0,2.5,,baile,12814,,baile,
Argentina,0,3,0,2.5,,Fútbol,12814,,Fútbol,
Argentina,0,3,0,2.5,,violencia delincuencia,12814,,violencia delincuencia,
Argentina,0,3,0,2.5,,Medicina,12814,,Medicina,
Argentina,0,3,0,2.5,,Solidaridad,12814,,Solidaridad,
Argentina,0,3,0,2.5,,Baile,12814,,Baile,
Argentina,0,3,0,2.5,,Imperio,12814,,Imperio,
Argentina,0,3,0,2.5,,mate asado buena carne de vaca bailes paisajes,12814,,mate asado buena carne de vaca bailes paisajes,
Argentina,0,3,0,2.5,,Turismo,12814,,Turismo,
Argentina,0,3,0,2.5,,tecnología ,12814,,tecnología ,
Argentina,0,3,0,2.5,,Amistosos,12814,,Amistosos,
Argentina,0,3,0,2.5,,Futbolero,12814,,Futbolero,
Argentina,0,3,0,2.5,,creativos,12814,,creativos,
Argentina,0,3,0,2.5,,Tango,12814,,Tango,
Argentina,0,3,0,2.5,,subdesarrollo,12814,,subdesarrollo,
Argentina,0,3,0,2.5,,Rock nacional,12814,,Rock nacional,
Argentina,0,3,0,2.5,,Tonada,12814,,Tonada,
Argentina,0,3,0,2.5,,guerra,12814,,guerra,
Argentina,0,3,0,2.5,,MAR,12814,,MAR,
Argentina,0,3,0,2.5,,pobreza escaso rendimiento en el futbol,12814,,pobreza escaso rendimiento en el futbol,
Argentina,0,3,0,2.5,,Potencia económica ,12814,,Potencia económica ,
Argentina,0,3,0,2.5,,Elegancia,12814,,Elegancia,
Argentina,0,3,0,2.5,,arquitectura,12814,,arquitectura,
Argentina,0,3,0,2.5,,feria ofertas,12814,,feria ofertas,
Argentina,0,3,0,2.5,,frontera mapuche baja estatura piel oscura,12814,,frontera mapuche baja estatura piel oscura,
Argentina,0,3,0,2.5,,opresesores de la mujer desierto,12814,,opresesores de la mujer desierto,
Argentina,0,3,0,2.5,,talentos subdesarrollo bajo rendimiento academico,12814,,talentos subdesarrollo bajo rendimiento academico,
Argentina,0,3,0,2.5,,bailarines de tarantela pizza,12814,,bailarines de tarantela pizza,
Argentina,0,3,0,2.5,,chimentos ,12814,,chimentos ,
Argentina,0,3,0,2.5,,educacion gratuita,12814,,educacion gratuita,
Argentina,0,3,0,2.5,,pasion deportiva fanaticos,12814,,pasion deportiva fanaticos,
Argentina,0,3,0,2.5,,conflicto guerra muertes,12814,,conflicto guerra muertes,
Argentina,0,3,0,2.5,,Fiesta,12814,,Fiesta,
Argentina,0,3,0,2.5,,Puntualidad,12814,,Puntualidad,
Argentina,0,3,0,2.5,,Gastronomía,12814,,Gastronomía,
Argentina,0,3,0,2.5,,Cultura,12814,,Cultura,
Argentina,0,3,0,2.5,,Produccion de cafe,12814,,Produccion de cafe,
Argentina,0,3,0,2.5,,Minera,12814,,Minera,
Argentina,0,3,0,2.5,,Hermoso,12814,,Hermoso,
Argentina,0,3,0,2.5,,Paisajes,12814,,Paisajes,
Argentina,0,3,0,2.5,, Arquitectura,12814,, Arquitectura,
Argentina,0,3,0,2.5,,Gastronomia,12814,,Gastronomia,
Argentina,0,3,0,2.5,,Gastronomía,12814,,Gastronomía,
Argentina,0,3,0,2.5,,  Arquitectura,12814,,  Arquitectura,
Argentina,0,3,0,2.5,,Hermosos paisajes,12814,,Hermosos paisajes,
Argentina,0,3,0,2.5,, Cultura y tradiciones,12814,, Cultura y tradiciones,
Argentina,0,3,0,2.5,, Edificios,12814,, Edificios,
Argentina,0,3,0,2.5,, Comidas típicas,12814,, Comidas típicas,
Argentina,0,3,0,2.5,,Emprendedora,12814,,Emprendedora,
Argentina,0,3,0,2.5,,,12814,,,
Argentina,0,3,0,2.5,,Locro,12814,,Locro,
Argentina,0,3,0,2.5,,  Asado Empanadas,12814,,  Asado Empanadas,
Argentina,0,3,0,2.5,,Gastronomia Tango,12814,,Gastronomia Tango,
Argentina,0,3,0,2.5,,Comidas tipica como la pasta,12814,,Comidas tipica como la pasta,
Argentina,0,3,0,2.5,,Religión,12814,,Religión,
Argentina,0,3,0,2.5,,Nieve,12814,,Nieve,
Argentina,0,3,0,2.5,, cultura,12814,, cultura,
Argentina,0,3,0,2.5,,Ropa típicas,12814,,Ropa típicas,
Argentina,0,3,0,2.5,,Comidas muy picantes,12814,,Comidas muy picantes,
Argentina,0,3,0,2.5,,Solidarios,12814,,Solidarios,
Argentina,0,3,0,2.5,,Fiesteros,12814,,Fiesteros,
Argentina,0,3,0,2.5,,Sociables,12814,,Sociables,
Argentina,0,3,0,2.5,,Multitud,12814,,Multitud,
Argentina,0,3,0,2.5,,Tradición,12814,,Tradición,
Argentina,0,3,0,2.5,,Serios,12814,,Serios,
Argentina,0,3,0,2.5,,Poder,12814,,Poder,
Argentina,0,3,0,2.5,,Alegres,12814,,Alegres,
Argentina,0,3,0,2.5,,Riquezas geológicas,12814,,Riquezas geológicas,
Argentina,0,3,0,2.5,,Mate,12814,,Mate,
Argentina,0,3,0,2.5,,Torre Eiffel,12814,,Torre Eiffel,
Argentina,0,3,0,2.5,,Hospitalidad,12814,,Hospitalidad,
Argentina,0,3,0,2.5,,Futbol,12814,,Futbol,
Argentina,0,3,0,2.5,,Apasionados,12814,,Apasionados,
Argentina,0,3,0,2.5,,Tradición,12814,,Tradición,
Argentina,0,3,0,2.5,,Turismo,12814,,Turismo,
Argentina,0,3,0,2.5,,Futbol,12814,,Futbol,
Argentina,0,3,0,2.5,,Entretenimiento,12814,,Entretenimiento,
Argentina,0,3,0,2.5,,Obesidad,12814,,Obesidad,
Argentina,0,3,0,2.5,,Universidades,12814,,Universidades,
Argentina,0,3,0,2.5,,Fiesta,12814,,Fiesta,
Argentina,0,3,0,2.5,,Riqueza,12814,,Riqueza,
Argentina,0,3,0,2.5,,Riqueza,12814,,Riqueza,
Argentina,0,3,0,2.5,,Fernet con coca,12814,,Fernet con coca,
Argentina,0,3,0,2.5,,Juntadas,12814,,Juntadas,
Argentina,0,3,0,2.5,,Vida social nocturna,12814,,Vida social nocturna,
Argentina,0,3,0,2.5,,Vida social,12814,,Vida social,
Argentina,0,3,0,2.5,,vitalidad,12814,,vitalidad,
Argentina,0,3,0,2.5,,Asados,12814,,Asados,
Argentina,0,3,0,2.5,,Musica Alegre,12814,,Musica Alegre,
Argentina,0,3,0,2.5,,hospitalidad,12814,,hospitalidad,
Argentina,0,3,0,2.5,,Celebración,12814,,Celebración,
Argentina,0,3,0,2.5,,Baile,12814,,Baile,
Argentina,0,3,0,2.5,,apasionado,12814,,apasionado,
Argentina,0,3,0,2.5,,diversidad,12814,,diversidad,
Argentina,0,3,0,2.5,,Familiares,12814,,Familiares,
Argentina,0,3,0,2.5,,Amabilidad ,12814,,Amabilidad ,
Argentina,0,3,0,2.5,,Trabajadores,12814,,Trabajadores,
Argentina,0,3,0,2.5,,Bosques ,12814,,Bosques ,
Argentina,0,3,0,2.5,,Alegría ,12814,,Alegría ,
Argentina,0,3,0,2.5,,Insoportables egocéntricos ,12814,,Insoportables egocéntricos ,
Argentina,0,3,0,2.5,,Puntuales estructurados,12814,,Puntuales estructurados,
Argentina,0,3,0,2.5,,Romanticismo libertad ,12814,,Romanticismo libertad ,
Argentina,0,3,0,2.5,,Lambada alegría calor amiguismo,12814,,Lambada alegría calor amiguismo,
Argentina,0,3,0,2.5,,Competitividad,12814,,Competitividad,
Argentina,0,3,0,2.5,,Playa turismo verano relax ,12814,,Playa turismo verano relax ,
Argentina,0,3,0,2.5,,España,12814,,España,
Argentina,0,3,0,2.5,,Calidad,12814,,Calidad,
Argentina,0,3,0,2.5,,La Eficiencia,12814,,La Eficiencia,
Argentina,0,3,0,2.5,,Autosuficiencia,12814,,Autosuficiencia,
Argentina,0,3,0,2.5,,Compromiso,12814,,Compromiso,
Argentina,0,3,0,2.5,,Resiliencia,12814,,Resiliencia,
Argentina,0,3,0,2.5,,Hospitalidad,12814,,Hospitalidad,
Argentina,0,3,0,2.5,,Templanza,12814,,Templanza,
Argentina,0,3,0,2.5,,Pasión,12814,,Pasión,
Argentina,0,3,0,2.5,,Nobleza,12814,,Nobleza,
Argentina,0,3,0,2.5,,altaneros,12814,,altaneros,
Argentina,0,3,0,2.5,,malos,12814,,malos,
Argentina,0,3,0,2.5,,futboleros,12814,,futboleros,
Argentina,0,3,0,2.5,,divertidos,12814,,divertidos,
Argentina,0,3,0,2.5,,educados,12814,,educados,
Argentina,0,3,0,2.5,,apasionados,12814,,apasionados,
Argentina,0,3,0,2.5,,paella,12814,,paella,
Argentina,0,3,0,2.5,,consumismo,12814,,consumismo,
Argentina,0,3,0,2.5,,cumbia,12814,,cumbia,
Argentina,0,3,0,2.5,,sociables,12814,,sociables,
Argentina,0,3,0,2.5,, alegres,12814,, alegres,
Argentina,0,3,0,2.5,, festivos,12814,, festivos,
Argentina,0,3,0,2.5,, relajados,12814,, relajados,
Argentina,0,3,0,2.5,,serios,12814,,serios,
Argentina,0,3,0,2.5,, rectos,12814,, rectos,
Argentina,0,3,0,2.5,, altaneros,12814,, altaneros,
Argentina,0,3,0,2.5,,no se bañan,12814,,no se bañan,
Argentina,0,3,0,2.5,,chacareras y gatos,12814,,chacareras y gatos,
Argentina,0,3,0,2.5,,migrantes,12814,,migrantes,
Argentina,0,3,0,2.5,,asado y fernet,12814,,asado y fernet,
Argentina,0,3,0,2.5,,educados,12814,,educados,
Argentina,0,3,0,2.5,,perfumados,12814,,perfumados,
Argentina,0,3,0,2.5,,playas exoticas,12814,,playas exoticas,
Argentina,0,3,0,2.5,,barato,12814,,barato,
Argentina,0,3,0,2.5,,k pop,12814,,k pop,
Argentina,0,3,0,2.5,,altos,12814,,altos,
Argentina,0,3,0,2.5,,pasional,12814,,pasional,
Argentina,0,3,0,2.5,,empanadas,12814,,empanadas,
Argentina,0,3,0,2.5,,educados,12814,,educados,
Argentina,0,3,0,2.5,,Respeto,12814,,Respeto,
Argentina,0,3,0,2.5,,Tenacidad,12814,,Tenacidad,
Argentina,0,3,0,2.5,,Comida con picante,12814,,Comida con picante,
Argentina,0,3,0,2.5,,Asombro,12814,,Asombro,
Argentina,0,3,0,2.5,,Pobreza,12814,,Pobreza,
Argentina,0,3,0,2.5,,Deidades,12814,,Deidades,
Argentina,0,3,0,2.5,,Felices,12814,,Felices,
Argentina,0,3,0,2.5,,Mariscos,12814,,Mariscos,
Argentina,0,3,0,2.5,,Jolgorio,12814,,Jolgorio,
Argentina,0,3,0,2.5,,Lugar de vacaciones,12814,,Lugar de vacaciones,
Argentina,0,3,0,2.5,,Paisajes,12814,,Paisajes,
Argentina,0,3,0,2.5,,Símbolos,12814,,Símbolos,
Argentina,0,3,0,2.5,,Chocolate,12814,,Chocolate,
Argentina,0,3,0,2.5,,Baile,12814,,Baile,
Argentina,0,3,0,2.5,,Películas,12814,,Películas,
Argentina,0,3,0,2.5,,Amabilidad,12814,,Amabilidad,
Argentina,0,3,0,2.5,,Cuidado de la imagen,12814,,Cuidado de la imagen,
Argentina,0,3,0,2.5,,Sopa,12814,,Sopa,
Argentina,0,3,0,2.5,,Pastas,12814,,Pastas,
Argentina,0,3,0,2.5,,Tecnología,12814,,Tecnología,
Argentina,0,3,0,2.5,,Mucha población,12814,,Mucha población,
Argentina,0,3,0,2.5,,Cordillera,12814,,Cordillera,
Argentina,0,3,0,2.5,,Frío,12814,,Frío,
Argentina,0,3,0,2.5,,simpatico,12814,,simpatico,
Argentina,0,3,0,2.5,,trabajador,12814,,trabajador,
Argentina,0,3,0,2.5,,graciosos,12814,,graciosos,
Argentina,0,3,0,2.5,,tercos,12814,,tercos,
Argentina,0,3,0,2.5,,amistosos,12814,,amistosos,
Argentina,0,3,0,2.5,,bailarines,12814,,bailarines,
Argentina,0,3,0,2.5,,amables,12814,,amables,
Argentina,0,3,0,2.5,,amistosos,12814,,amistosos,
Argentina,0,3,0,2.5,,valientes,12814,,valientes,
Argentina,0,3,0,2.5,,Judaismo,12814,,Judaismo,
Argentina,0,3,0,2.5,,riqueza,12814,,riqueza,
Argentina,0,3,0,2.5,,Divertidos,12814,,Divertidos,
Argentina,0,3,0,2.5,,Chistosos,12814,,Chistosos,
Argentina,0,3,0,2.5,,Amistosos,12814,,Amistosos,
Argentina,0,3,0,2.5,,Altos,12814,,Altos,
Argentina,0,3,0,2.5,,Folcloristas,12814,,Folcloristas,
Argentina,0,3,0,2.5,,tranquilos,12814,,tranquilos,
Argentina,0,3,0,2.5,,Engreídos,12814,,Engreídos,
Argentina,0,3,0,2.5,,Nadadores,12814,,Nadadores,
Argentina,0,3,0,2.5,,Comerciantes,12814,,Comerciantes,
Argentina,0,3,0,2.5,,Violentos,12814,,Violentos,
Argentina,0,3,0,2.5,,Temerosos,12814,,Temerosos,
Colombia,0,3,0,2.5,,Disciplinados,66,,Disciplinados,
Argentina,0,3,0,2.5,,FALSO,12814,,FALSO,
Argentina,0,3,0,2.5,,CAMPERO,12814,,CAMPERO,
Argentina,0,3,0,2.5,,AMABILIDAD,12814,,AMABILIDAD,
Argentina,0,3,0,2.5,,MUNDIAL,12814,,MUNDIAL,
Argentina,0,3,0,2.5,,luchador,12814,,luchador,
Argentina,0,3,0,2.5,,Lindos,12814,,Lindos,
Argentina,0,3,0,2.5,,Seguridad,12814,,Seguridad,
Argentina,0,3,0,2.5,,Gentileza,12814,,Gentileza,
Argentina,0,3,0,2.5,,adinerado,12814,,adinerado,
Argentina,0,3,0,2.5,,Belleza,12814,,Belleza,
Argentina,0,3,0,2.5,,creido,12814,,creido,
Argentina,0,3,0,2.5,,sofoco,12814,,sofoco,
Argentina,0,3,0,2.5,,crueldad,12814,,crueldad,
Argentina,0,3,0,2.5,,sin conocimiento,12814,,sin conocimiento,
Argentina,0,3,0,2.5,,habladores,12814,,habladores,
Argentina,0,3,0,2.5,,habladores,12814,,habladores,
Argentina,0,3,0,2.5,,responsables,12814,,responsables,
Argentina,0,3,0,2.5,,orgullosos,12814,,orgullosos,
Argentina,0,3,0,2.5,,extremistas,12814,,extremistas,
Argentina,0,3,0,2.5,,camperos,12814,,camperos,
Argentina,0,3,0,2.5,,trabajadores,12814,,trabajadores,
Argentina,0,3,0,2.5,,simpaticos,12814,,simpaticos,
Argentina,0,3,0,2.5,,alegres,12814,,alegres,
Argentina,0,3,0,2.5,,diciplinados,12814,,diciplinados,
Argentina,0,3,0,2.5,,gritones,12814,,gritones,
Argentina,0,3,0,2.5,,cosmopilitas,12814,,cosmopilitas,
Argentina,0,3,0,2.5,,buena cocina,12814,,buena cocina,
Argentina,0,3,0,2.5,,buena pasteleria,12814,,buena pasteleria,
Argentina,0,3,0,2.5,,tranquilidad,12814,,tranquilidad,
Argentina,0,3,0,2.5,,frialdad,12814,,frialdad,
Argentina,0,3,0,2.5,,perseverantes,12814,,perseverantes,
Argentina,0,3,0,2.5,,sinceros,12814,,sinceros,
Argentina,0,3,0,2.5,,ordenados,12814,,ordenados,
Argentina,0,3,0,2.5,,organizados,12814,,organizados,
Argentina,0,3,0,2.5,,Orgullo,12814,,Orgullo,
Argentina,0,3,0,2.5,,rectos,12814,,rectos,
Argentina,0,3,0,2.5,,familieros,12814,,familieros,
Argentina,0,3,0,2.5,, amistosos,12814,, amistosos,
Argentina,0,3,0,2.5,,alegre,12814,,alegre,
Argentina,0,3,0,2.5,,educación,12814,,educación,
Argentina,0,3,0,2.5,, trabajo,12814,, trabajo,
Argentina,0,3,0,2.5,,comercial,12814,,comercial,
Argentina,0,3,0,2.5,,familieros,12814,,familieros,
Argentina,0,3,0,2.5,,belleza,12814,,belleza,
Argentina,0,3,0,2.5,, disfrute,12814,, disfrute,
Argentina,0,3,0,2.5,, alegría,12814,, alegría,
Argentina,0,3,0,2.5,,belleza,12814,,belleza,
Argentina,0,3,0,2.5,, amistad,12814,, amistad,
Argentina,0,3,0,2.5,,Futboleros ,12814,,Futboleros ,
Argentina,0,3,0,2.5,,Dormilones ,12814,,Dormilones ,
Argentina,0,3,0,2.5,,Aborígenes ,12814,,Aborígenes ,
Argentina,0,3,0,2.5,,Terroristas ,12814,,Terroristas ,
Argentina,0,3,0,2.5,,Pobres ,12814,,Pobres ,
Argentina,0,3,0,2.5,,Bajotos,12814,,Bajotos,
Argentina,0,3,0,2.5,,Antipáticos ,12814,,Antipáticos ,
Argentina,0,3,0,2.5,,Futboleros ,12814,,Futboleros ,
Argentina,0,3,0,2.5,,Antihigiénico,12814,,Antihigiénico,
Argentina,0,3,0,2.5,,Antropofagia ,12814,,Antropofagia ,
Argentina,0,3,0,2.5,,Discriminadores ,12814,,Discriminadores ,
Argentina,0,3,0,2.5,,Totalitarios ,12814,,Totalitarios ,
Argentina,0,3,0,2.5,,Ritualistas,12814,,Ritualistas,
Argentina,0,3,0,2.5,,Alegres. Divertidos.,12814,,Alegres. Divertidos.,
Argentina,0,3,0,2.5,,Apasionados,12814,,Apasionados,
Argentina,0,3,0,2.5,,Solidarios,12814,,Solidarios,
Argentina,0,3,0,2.5,,Faraones,12814,,Faraones,
Argentina,0,3,0,2.5,,Apasionados. Solidarios. ,12814,,Apasionados. Solidarios. ,
Argentina,0,3,0,2.5,,Cultura,12814,,Cultura,
Argentina,0,3,0,2.5,,Apasionados.,12814,,Apasionados.,
Argentina,0,3,0,2.5,,Mariachis. Picante.,12814,,Mariachis. Picante.,
Argentina,0,3,0,2.5,,soberbio,12814,,soberbio,
Argentina,0,3,0,2.5,,soberbios,12814,,soberbios,
Argentina,0,3,0,2.5,,fríos,12814,,fríos,
Argentina,0,3,0,2.5,,diversion,12814,,diversion,
Argentina,0,3,0,2.5,,Ingles,12814,,Ingles,
Argentina,0,3,0,2.5,,Relajados con el tiempo,12814,,Relajados con el tiempo,
Argentina,0,3,0,2.5,,Hospitalarios,12814,,Hospitalarios,
Argentina,0,3,0,2.5,,Folclor y Danza Tradicional,12814,,Folclor y Danza Tradicional,
Argentina,0,3,0,2.5,,Con el buen gusto,12814,,Con el buen gusto,
Argentina,0,3,0,2.5,,El cliche,12814,,El cliche,
Argentina,0,3,0,2.5,,La cultura del sacrificio,12814,,La cultura del sacrificio,
Argentina,0,3,0,2.5,,El coleccionismo obsesivo,12814,,El coleccionismo obsesivo,
Argentina,0,3,0,2.5,,la abundancia marina,12814,,la abundancia marina,
Argentina,0,3,0,2.5,,Identidad de clase,12814,,Identidad de clase,
Argentina,0,3,0,2.5,,El tango,12814,,El tango,
Argentina,0,3,0,2.5,,Hospitalidad Incondicional,12814,,Hospitalidad Incondicional,
Argentina,0,3,0,2.5,,Metódicos,12814,,Metódicos,
Argentina,0,3,0,2.5,,Amigables,12814,,Amigables,
Argentina,0,3,0,2.5,,Importancia de la familia,12814,,Importancia de la familia,
Argentina,0,3,0,2.5,,Pasionales,12814,,Pasionales,
Argentina,0,3,0,2.5,,Superficiales ,12814,,Superficiales ,
Argentina,0,3,0,2.5,,Distancia Social,12814,,Distancia Social,
Argentina,0,3,0,2.5,,Fiesteros,12814,,Fiesteros,
Argentina,0,3,0,2.5,,Trabajadores,12814,,Trabajadores,
Argentina,0,3,0,2.5,,Colorido,12814,,Colorido,
Argentina,0,3,0,2.5,,Consumistas,12814,,Consumistas,
Argentina,0,3,0,2.5,,Buenos anfitriones,12814,,Buenos anfitriones,
Argentina,0,3,0,2.5,,SIn derechos humanos,12814,,SIn derechos humanos,
Argentina,0,3,0,2.5,,soberbios,12814,,soberbios,
Argentina,0,3,0,2.5,,amistad,12814,,amistad,
Argentina,0,3,0,2.5,,antihigiénicos ,12814,,antihigiénicos ,
Argentina,0,3,0,2.5,,latinoamericanos ,12814,,latinoamericanos ,
Argentina,0,3,0,2.5,,terroristas,12814,,terroristas,
Argentina,0,3,0,2.5,,naturaleza,12814,,naturaleza,
Argentina,0,3,0,2.5,,cocos,12814,,cocos,
Argentina,0,3,0,2.5,,habanos,12814,,habanos,
Argentina,0,3,0,2.5,,picante,12814,,picante,
Argentina,0,3,0,2.5,,pocos amorosos,12814,,pocos amorosos,
Argentina,0,3,0,2.5,,dinero,12814,,dinero,
Argentina,0,3,0,2.5,,solidaridad,12814,,solidaridad,
Argentina,0,3,0,2.5,,pasión ,12814,,pasión ,
Argentina,0,3,0,2.5,,agrandado,12814,,agrandado,
Argentina,0,3,0,2.5,,pelado,12814,,pelado,
Argentina,0,3,0,2.5,,musicales,12814,,musicales,
Argentina,0,3,0,2.5,,trabajadores,12814,,trabajadores,
Argentina,0,3,0,2.5,,alegres,12814,,alegres,
Argentina,0,3,0,2.5,,egoísa,12814,,egoísa,
Argentina,0,3,0,2.5,,empanadas,12814,,empanadas,
Argentina,0,3,0,2.5,,trabajo,12814,,trabajo,
Argentina,0,3,0,2.5,,perfume,12814,,perfume,
Argentina,0,3,0,2.5,,alegría,12814,,alegría,
Argentina,0,3,0,2.5,,luchadora,12814,,luchadora,
Argentina,0,3,0,2.5,,españa,12814,,españa,
Argentina,0,3,0,2.5,,inseguridad,12814,,inseguridad,
Argentina,0,3,0,2.5,,estructurados,12814,,estructurados,
Argentina,0,3,0,2.5,,LATINOS,12814,,LATINOS,
Argentina,0,3,0,2.5,,Francia,12814,,Francia,
Argentina,0,3,0,2.5,,Colombia,12814,,Colombia,
Argentina,0,3,0,2.5,,Mexico,12814,,Mexico,
Argentina,0,3,0,2.5,,Brasil,12814,,Brasil,
Argentina,0,3,0,2.5,,Estados Unidos,12814,,Estados Unidos,
Argentina,0,3,0,2.5,,Uruguay,12814,,Uruguay,
Argentina,0,3,0,2.5,,Brasil,12814,,Brasil,
Argentina,0,3,0,2.5,,España,12814,,España,
Argentina,0,3,0,2.5,,mentirosos,12814,,mentirosos,
Argentina,0,3,0,2.5,,sumisos,12814,,sumisos,
Argentina,0,3,0,2.5,,divertidos,12814,,divertidos,
Argentina,0,3,0,2.5,,simpáticos,12814,,simpáticos,
Argentina,0,3,0,2.5,,respetuosos,12814,,respetuosos,
Argentina,0,3,0,2.5,,aduladores,12814,,aduladores,
Argentina,0,3,0,2.5,,apasionados,12814,,apasionados,
Argentina,0,3,0,2.5,,emprendedores,12814,,emprendedores,
Argentina,0,3,0,2.5,,solidarios,12814,,solidarios,
Argentina,0,3,0,2.5,,hermandad,12814,,hermandad,
Argentina,0,3,0,2.5,,violencia,12814,,violencia,
Argentina,0,3,0,2.5,,tontos,12814,,tontos,
Argentina,0,3,0,2.5,,Despectivos ,12814,,Despectivos ,
Argentina,0,3,0,2.5,,gringos,12814,,gringos,
Argentina,0,3,0,2.5,,perfumes,12814,,perfumes,
Argentina,0,3,0,2.5,,callados,12814,,callados,
Argentina,0,3,0,2.5,,callados,12814,,callados,
Argentina,0,3,0,2.5,,conservadores,12814,,conservadores,
Argentina,0,3,0,2.5,,alegres,12814,,alegres,
Argentina,0,3,0,2.5,,cultura,12814,,cultura,
Argentina,0,3,0,2.5,,carismatico,12814,,carismatico,
Argentina,0,3,0,2.5,,falsos,12814,,falsos,
Argentina,0,3,0,2.5,,astutos,12814,,astutos,
Argentina,0,3,0,2.5,,jodones,12814,,jodones,
Argentina,0,3,0,2.5,,amistoso,12814,,amistoso,
Argentina,0,3,0,2.5,,copados,12814,,copados,
Argentina,0,3,0,2.5,,diversion,12814,,diversion,
Argentina,0,3,0,2.5,,sucios,12814,,sucios,
Argentina,0,3,0,2.5,,deportistas,12814,,deportistas,
Argentina,0,3,0,2.5,,hospitalarios,12814,,hospitalarios,
Argentina,0,3,0,2.5,,trabajadores,12814,,trabajadores,
Argentina,0,3,0,2.5,,futbolistas,12814,,futbolistas,
Argentina,0,3,0,2.5,,ambiciosos,12814,,ambiciosos,
Argentina,0,3,0,2.5,,tranquilos,12814,,tranquilos,
Argentina,0,3,0,2.5,,comunicativos,12814,,comunicativos,
Argentina,0,3,0,2.5,,atractivos,12814,,atractivos,
Argentina,0,3,0,2.5,,resilientes,12814,,resilientes,
Argentina,0,3,0,2.5,,sudamericanos,12814,,sudamericanos,
Argentina,0,3,0,2.5,,cultura,12814,,cultura,
Argentina,0,3,0,2.5,,pobreza,12814,,pobreza,
Argentina,0,3,0,2.5,,cantores,12814,,cantores,
Argentina,0,3,0,2.5,,honestos,12814,,honestos,
Argentina,0,3,0,2.5,,corruptos,12814,,corruptos,
Argentina,0,3,0,2.5,,trabajadores,12814,,trabajadores,
Argentina,0,3,0,2.5,,trabajadores y puntuales,12814,,trabajadores y puntuales,
Argentina,0,3,0,2.5,,narco,12814,,narco,
Argentina,0,3,0,2.5,,Pizza y pastas,12814,,Pizza y pastas,
Argentina,0,3,0,2.5,,Agrandados,12814,,Agrandados,
Argentina,0,3,0,2.5,,Los argentinos son engreidos,12814,,Los argentinos son engreidos,
Argentina,0,3,0,2.5,,Engreidos,12814,,Engreidos,
Argentina,0,3,0,2.5,,Lindos,12814,,Lindos,
Argentina,0,3,0,2.5,, rubios,12814,, rubios,
Argentina,0,3,0,2.5,, altos,12814,, altos,
Argentina,0,3,0,2.5,,Lindos,12814,,Lindos,
Argentina,0,3,0,2.5,,eurocéntricos,12814,,eurocéntricos,
Argentina,0,3,0,2.5,,soberbios,12814,,soberbios,
Argentina,0,3,0,2.5,,simpaticos,12814,,simpaticos,
Argentina,0,3,0,2.5,,cerrados,12814,,cerrados,
Argentina,0,3,0,2.5,,simpatía,12814,,simpatía,
Argentina,0,3,0,2.5,,educacion ,12814,,educacion ,
Argentina,0,3,0,2.5,,amistosos ,12814,,amistosos ,
Argentina,0,3,0,2.5,,amigueros,12814,,amigueros,
Argentina,0,3,0,2.5,,Intensidad,12814,,Intensidad,
Argentina,0,3,0,2.5,,Cultura,12814,,Cultura,
Argentina,0,3,0,2.5,,Alegria,12814,,Alegria,
Argentina,0,3,0,2.5,,Bangladesh,12814,,Bangladesh,
Argentina,0,3,0,2.5,,Puntualidad,12814,,Puntualidad,
Argentina,0,3,0,2.5,,Orden,12814,,Orden,
Argentina,0,3,0,2.5,,Alegría,12814,,Alegría,
Argentina,0,3,0,2.5,,Educación,12814,,Educación,
Argentina,0,3,0,2.5,,CONTIENE EL MISMO SIGNIFICADO EN AMBOS PAISES,12814,,CONTIENE EL MISMO SIGNIFICADO EN AMBOS PAISES,
Argentina,0,3,0,2.5,,Tranquilidad,12814,,Tranquilidad,
Argentina,0,3,0,2.5,,Orden,12814,,Orden,
Argentina,0,3,0,2.5,,EN NUESTRA CIUDAD ES UN ADJETVO HACIA UNA PERSONA,12814,,EN NUESTRA CIUDAD ES UN ADJETVO HACIA UNA PERSONA,
Argentina,0,3,0,2.5,,Qatar,12814,,Qatar,
Argentina,0,3,0,2.5,,adinerados,12814,,adinerados,
Argentina,0,3,0,2.5,,elegancia,12814,,elegancia,
Argentina,0,3,0,2.5,,conflicto,12814,,conflicto,
Argentina,0,3,0,2.5,,guerra,12814,,guerra,
Argentina,0,3,0,2.5,,dinero,12814,,dinero,
Argentina,0,3,0,2.5,,pobreza,12814,,pobreza,
Argentina,0,3,0,2.5,,amistad,12814,,amistad,
Argentina,0,3,0,2.5,,creatividad,12814,,creatividad,
Argentina,0,3,0,2.5,,traidores,12814,,traidores,
Argentina,0,3,0,2.5,,fútbol,12814,,fútbol,
Argentina,0,3,0,2.5,,ATREVIDO,12814,,ATREVIDO,
Argentina,0,3,0,2.5,,Alegre,12814,,Alegre,
Argentina,0,3,0,2.5,,Progreso,12814,,Progreso,
Argentina,0,3,0,2.5,,gastronomía,12814,,gastronomía,
Argentina,0,3,0,2.5,,Patriotismo,12814,,Patriotismo,
Argentina,0,3,0,2.5,,Ingenioso,12814,,Ingenioso,
Argentina,0,3,0,2.5,,División política,12814,,División política,
Argentina,0,3,0,2.5,,Censura,12814,,Censura,
Argentina,0,3,0,2.5,,Belleza,12814,,Belleza,
Argentina,0,3,0,2.5,,Pluriculturalidad,12814,,Pluriculturalidad,
Argentina,0,3,0,2.5,,Contaminación,12814,,Contaminación,
Argentina,0,3,0,2.5,,Arquitectura,12814,,Arquitectura,
Argentina,0,3,0,2.5,,Comercio,12814,,Comercio,
Argentina,0,3,0,2.5,,Socialismo,12814,,Socialismo,
Argentina,0,3,0,2.5,,poderío abusivo,12814,,poderío abusivo,
Argentina,0,3,0,2.5,,inteligentes,12814,,inteligentes,
Argentina,0,3,0,2.5,, desarrollados,12814,, desarrollados,
Argentina,0,3,0,2.5,,grieta política ideológica ,12814,,grieta política ideológica ,
Argentina,0,3,0,2.5,,musica rock,12814,,musica rock,
Argentina,0,3,0,2.5,,disciplina,12814,,disciplina,
Argentina,0,3,0,2.5,,danza ritmo,12814,,danza ritmo,
Argentina,0,3,0,2.5,,cuarteto,12814,,cuarteto,
Argentina,0,3,0,2.5,,playa riqueza ,12814,,playa riqueza ,
Argentina,0,3,0,2.5,,campesinos siembra migrantes ,12814,,campesinos siembra migrantes ,
Argentina,0,3,0,2.5,,escritores ,12814,,escritores ,
Argentina,0,3,0,2.5,,estricto ,12814,,estricto ,
Argentina,0,3,0,2.5,,andinos ,12814,,andinos ,
Argentina,0,3,0,2.5,,organizado,12814,,organizado,
Argentina,0,3,0,2.5,,Mentirosos,12814,,Mentirosos,
Argentina,0,3,0,2.5,,Pujantes,12814,,Pujantes,
Argentina,0,3,0,2.5,,Pedantes,12814,,Pedantes,
Argentina,0,3,0,2.5,,Sucios,12814,,Sucios,
Argentina,0,3,0,2.5,,Limpios,12814,,Limpios,
Argentina,0,3,0,2.5,,Luchadores,12814,,Luchadores,
Argentina,0,3,0,2.5,,Inteligentes,12814,,Inteligentes,
Argentina,0,3,0,2.5,,Desarrollados,12814,,Desarrollados,
Argentina,0,3,0,2.5,,Riquezas solo naturales,12814,,Riquezas solo naturales,
Argentina,0,3,0,2.5,,Frialdad y distancia,12814,,Frialdad y distancia,
Argentina,0,3,0,2.5,,SIGLO XV,12814,,SIGLO XV,
Argentina,0,3,0,2.5,,PLAYA,12814,,PLAYA,
Argentina,0,3,0,2.5,,CULTURA,12814,,CULTURA,
Argentina,0,3,0,2.5,,RESERVAS,12814,,RESERVAS,
Argentina,0,3,0,2.5,,PERSONAS,12814,,PERSONAS,
Argentina,0,3,0,2.5,,VESTIMENTA,12814,,VESTIMENTA,
Argentina,0,3,0,2.5,,PASION,12814,,PASION,
Argentina,0,3,0,2.5,,GUERRAS,12814,,GUERRAS,
Argentina,0,3,0,2.5,,ESTILO,12814,,ESTILO,
Argentina,0,3,0,2.5,,ESTATUS,12814,,ESTATUS,
Argentina,0,3,0,2.5,,TIEMPO,12814,,TIEMPO,
Argentina,0,3,0,2.5,,FUTBOL,12814,,FUTBOL,
Argentina,0,3,0,2.5,,CANTANTES,12814,,CANTANTES,
Argentina,0,3,0,2.5,,HOMBRES,12814,,HOMBRES,
Argentina,0,3,0,2.5,,Pibe ,12814,,Pibe ,
Argentina,0,3,0,2.5,,Guardar lugar ,12814,,Guardar lugar ,
Argentina,0,3,0,2.5,,Kimono,12814,,Kimono,
Argentina,0,3,0,2.5,,Moda ,12814,,Moda ,
Argentina,0,3,0,2.5,,Guerrillas ,12814,,Guerrillas ,
Argentina,0,3,0,2.5,,Ponchos ,12814,,Ponchos ,
Argentina,0,3,0,2.5,,Piramides ,12814,,Piramides ,
Argentina,0,3,0,2.5,,Vestidos blancos ,12814,,Vestidos blancos ,
Argentina,0,3,0,2.5,,Paisanos ,12814,,Paisanos ,
Argentina,0,3,0,2.5,,cafeteros,12814,,cafeteros,
Argentina,0,3,0,2.5,, recolectores,12814,, recolectores,
Argentina,0,3,0,2.5,,Piramides ,12814,,Piramides ,
Argentina,0,3,0,2.5,,Autos lujosos,12814,,Autos lujosos,
Argentina,0,3,0,2.5,,paisaje ,12814,,paisaje ,
Argentina,0,3,0,2.5,,comida picante,12814,,comida picante,
Argentina,0,3,0,2.5,, quintas ,12814,, quintas ,
Argentina,0,3,0,2.5,,Pasteleria ,12814,,Pasteleria ,
Argentina,0,3,0,2.5,,maltrato,12814,,maltrato,
Argentina,0,3,0,2.5,,largas jornadas de trabajo,12814,,largas jornadas de trabajo,
Argentina,0,3,0,2.5,,amabilidad,12814,,amabilidad,
Argentina,0,3,0,2.5,, orgullo por suu identidad,12814,, orgullo por suu identidad,
Argentina,0,3,0,2.5,,ojos claros,12814,,ojos claros,
Argentina,0,3,0,2.5,, tez clara ,12814,, tez clara ,
Argentina,0,3,0,2.5,,aguas super claras,12814,,aguas super claras,
Argentina,0,3,0,2.5,, palmeras ,12814,, palmeras ,
Argentina,0,3,0,2.5,,Turismo,12814,,Turismo,
Argentina,0,3,0,2.5,, mariachis,12814,, mariachis,
Argentina,0,3,0,2.5,,piano,12814,,piano,
Argentina,0,3,0,2.5,, musica clasica,12814,, musica clasica,
Argentina,0,3,0,2.5,,amistosos,12814,,amistosos,
Argentina,0,3,0,2.5,, generosos,12814,, generosos,
Argentina,0,3,0,2.5,, ,12814,, ,
Argentina,0,3,0,2.5,,paisanos,12814,,paisanos,
Argentina,0,3,0,2.5,, vestidos largos con polleras amplias ,12814,, vestidos largos con polleras amplias ,
Argentina,0,3,0,2.5,,batucada,12814,,batucada,
Argentina,0,3,0,2.5,, festejos de año nuevo ,12814,, festejos de año nuevo ,
Argentina,0,3,0,2.5,,respetuosos con sus mayores,12814,,respetuosos con sus mayores,
Argentina,0,3,0,2.5,, leales ,12814,, leales ,
Argentina,0,3,0,2.5,,Comida en familia,12814,,Comida en familia,
Argentina,0,3,0,2.5,, celebraciones con amigos,12814,, celebraciones con amigos,
Argentina,0,3,0,2.5,,Amistad,12814,,Amistad,
Argentina,0,3,0,2.5,,Resiliencia,12814,,Resiliencia,
Argentina,0,3,0,2.5,,Persistencia,12814,,Persistencia,
Argentina,0,3,0,2.5,,Orden,12814,,Orden,
Argentina,0,3,0,2.5,,Neutralidad,12814,,Neutralidad,
Argentina,0,3,0,2.5,,ORDEN,12814,,ORDEN,
Argentina,0,3,0,2.5,,UNOS MATES LAVADOS,12814,,UNOS MATES LAVADOS,
Argentina,0,3,0,2.5,,SE ARMO EL TOLE,12814,,SE ARMO EL TOLE,
Argentina,0,3,0,2.5,, TOLE,12814,, TOLE,
Argentina,0,3,0,2.5,,ME TENES LAS BOLAS AL PLATO,12814,,ME TENES LAS BOLAS AL PLATO,
Argentina,0,3,0,2.5,,PEGATE UNA AJEADITA,12814,,PEGATE UNA AJEADITA,
Argentina,0,3,0,2.5,,estado,12814,,estado,
Argentina,0,3,0,2.5,,pobreza,12814,,pobreza,
Argentina,0,3,0,2.5,,inteligencia,12814,,inteligencia,
Argentina,0,3,0,2.5,,apasionados,12814,,apasionados,
Argentina,0,3,0,2.5,,creativo,12814,,creativo,
Argentina,0,3,0,2.5,,Engreídos,12814,,Engreídos,
Argentina,0,3,0,2.5,,prolijos,12814,,prolijos,
Argentina,0,3,0,2.5,,Ordenados,12814,,Ordenados,
Argentina,0,3,0,2.5,,Fríos Apáticos,12814,,Fríos Apáticos,
Argentina,0,3,0,2.5,,Bondadosos,12814,,Bondadosos,
Argentina,0,3,0,2.5,,Festivos,12814,,Festivos,
Argentina,0,3,0,2.5,,Desordenados,12814,,Desordenados,
Argentina,0,3,0,2.5,,Compañeros,12814,,Compañeros,
Argentina,0,3,0,2.5,,Violencia,12814,,Violencia,
Argentina,0,3,0,2.5,,Hospitalarios,12814,,Hospitalarios,
Argentina,0,3,0,2.5,,Trabajadores,12814,,Trabajadores,
Argentina,0,3,0,2.5,,Positivos,12814,,Positivos,
Argentina,0,3,0,2.5,,Solidarios,12814,,Solidarios,
Argentina,0,3,0,2.5,,sobervios,12814,,sobervios,
Argentina,0,3,0,2.5,,Alegría,12814,,Alegría,
Argentina,0,3,0,2.5,,resilientes,12814,,resilientes,
Argentina,0,3,0,2.5,,opulentos,12814,,opulentos,
Argentina,0,3,0,2.5,,creativos,12814,,creativos,
Argentina,0,3,0,2.5,,extrovertidos,12814,,extrovertidos,
Argentina,0,3,0,2.5,,prósperos,12814,,prósperos,
Argentina,0,3,0,2.5,,creyentes,12814,,creyentes,
Argentina,0,3,0,2.5,,apasionados,12814,,apasionados,
Argentina,0,3,0,2.5,,espontaneos,12814,,espontaneos,
Argentina,0,3,0,2.5,,guerreros,12814,,guerreros,
Argentina,0,3,0,2.5,,optimistas,12814,,optimistas,
Argentina,0,3,0,2.5,,Omnipotente,12814,,Omnipotente,
Argentina,0,3,0,2.5,,Cultura antigua milenaria,12814,,Cultura antigua milenaria,
Argentina,0,3,0,2.5,,Frio ,12814,,Frio ,
Argentina,0,3,0,2.5,,Riqueza,12814,,Riqueza,
Argentina,0,3,0,2.5,,Alegre,12814,,Alegre,
Argentina,0,3,0,2.5,,Religion ,12814,,Religion ,
Argentina,0,3,0,2.5,,Esbeltos,12814,,Esbeltos,
Argentina,0,3,0,2.5,,Fultbolero,12814,,Fultbolero,
Argentina,0,3,0,2.5,,Cuidadoso,12814,,Cuidadoso,
Argentina,0,3,0,2.5,,Delicado,12814,,Delicado,
Argentina,0,3,0,2.5,,Pobreza,12814,,Pobreza,
Argentina,0,3,0,2.5,,3,12814,,3,
Argentina,0,3,0,2.5,,3,12814,,3,
Argentina,0,3,0,2.5,,arrogantes,12814,,arrogantes,
Argentina,0,3,0,2.5,,amables,12814,,amables,
Argentina,0,3,0,2.5,,exitosos,12814,,exitosos,
Argentina,0,3,0,2.5,,Antipaticos,12814,,Antipaticos,
Argentina,0,3,0,2.5,,eficacia,12814,,eficacia,
Argentina,0,3,0,2.5,,amabilidad,12814,,amabilidad,
Argentina,0,3,0,2.5,,leales,12814,,leales,
Argentina,0,3,0,2.5,,creidos,12814,,creidos,
Argentina,0,3,0,2.5,,creidos,12814,,creidos,
Argentina,0,3,0,2.5,,sabios,12814,,sabios,
Argentina,0,3,0,2.5,,confiados,12814,,confiados,
Argentina,0,3,0,2.5,,Sucios,12814,,Sucios,
Argentina,0,3,0,2.5,,Campeones,12814,,Campeones,
Argentina,0,3,0,2.5,,responsables,12814,,responsables,
Argentina,0,3,0,2.5,,ARROGANTES ,12814,,ARROGANTES ,
Argentina,0,3,0,2.5,,ARROGANTES,12814,,ARROGANTES,
Argentina,0,3,0,2.5,,rubios,12814,,rubios,
Argentina,0,3,0,2.5,,románticos,12814,,románticos,
Argentina,0,3,0,2.5,,Respeto,12814,,Respeto,
Argentina,0,3,0,2.5,,País más grande del mundo en superficie.,12814,,País más grande del mundo en superficie.,
Argentina,0,3,0,2.5,,Inmigración,12814,,Inmigración,
Argentina,0,3,0,2.5,,Comida,12814,,Comida,
Argentina,0,3,0,2.5,,Lujo,12814,,Lujo,
Argentina,0,3,0,2.5,,Estudiosos,12814,,Estudiosos,
Argentina,0,3,0,2.5,,alegres,12814,,alegres,
Argentina,0,3,0,2.5,,hospitalarios,12814,,hospitalarios,
Argentina,0,3,0,2.5,,Rubios altos,12814,,Rubios altos,
Argentina,0,3,0,2.5,,mate ,12814,,mate ,
Argentina,0,3,0,2.5,,sucios,12814,,sucios,
Argentina,0,3,0,2.5,,amigables,12814,,amigables,
Argentina,0,3,0,2.5,,canguros,12814,,canguros,
Argentina,0,3,0,2.5,,carismaticos,12814,,carismaticos,
Argentina,0,3,0,2.5,,historia milenaria,12814,,historia milenaria,
Argentina,0,3,0,2.5,,emigracion masiva,12814,,emigracion masiva,
Argentina,0,3,0,2.5,,mate musica,12814,,mate musica,
Argentina,0,3,0,2.5,,desarrollo tecnologico,12814,,desarrollo tecnologico,
Argentina,0,3,0,2.5,,creativos,12814,,creativos,
Argentina,0,3,0,2.5,,pasion por la gastronomia,12814,,pasion por la gastronomia,
Argentina,0,3,0,2.5,,fuerte sentido de la familia,12814,,fuerte sentido de la familia,
Argentina,0,3,0,2.5,,reuniones multitudinarias,12814,,reuniones multitudinarias,
Argentina,0,3,0,2.5,,alegria,12814,,alegria,
Argentina,0,3,0,2.5,,musica,12814,,musica,
Argentina,0,3,0,2.5,,orden puntualidad,12814,,orden puntualidad,
Argentina,0,3,0,2.5,,musica,12814,,musica,
Argentina,0,3,0,2.5,,gringos,12814,,gringos,
Argentina,0,3,0,2.5,,tecnologia,12814,,tecnologia,
Argentina,0,3,0,2.5,, inteligencia,12814,, inteligencia,
Argentina,0,3,0,2.5,, seriedad,12814,, seriedad,
Argentina,0,3,0,2.5,,familiaridad,12814,,familiaridad,
Argentina,0,3,0,2.5,, pueblos conservados,12814,, pueblos conservados,
Argentina,0,3,0,2.5,, tono de voz alta,12814,, tono de voz alta,
Argentina,0,3,0,2.5,,ocurrentes,12814,,ocurrentes,
Argentina,0,3,0,2.5,, comicos,12814,, comicos,
Argentina,0,3,0,2.5,, alegres,12814,, alegres,
Argentina,0,3,0,2.5,,empanadas,12814,,empanadas,
Argentina,0,3,0,2.5,, vino tinto,12814,, vino tinto,
Argentina,0,3,0,2.5,, peñas,12814,, peñas,
Argentina,0,3,0,2.5,,asado ,12814,,asado ,
Argentina,0,3,0,2.5,, consumo de carnes,12814,, consumo de carnes,
Argentina,0,3,0,2.5,,vida social al aire libre,12814,,vida social al aire libre,
Argentina,0,3,0,2.5,, en bares,12814,, en bares,
Argentina,0,3,0,2.5,, patios de casa,12814,, patios de casa,
Argentina,0,3,0,2.5,, bailes,12814,, bailes,
Argentina,0,3,0,2.5,, festivales,12814,, festivales,
Argentina,0,3,0,2.5,,agrandados,12814,,agrandados,
Argentina,0,3,0,2.5,, egocentricos,12814,, egocentricos,
Argentina,0,3,0,2.5,,latinos y trabajo para el turismo,12814,,latinos y trabajo para el turismo,
Argentina,0,3,0,2.5,,conversadores,12814,,conversadores,
Argentina,0,3,0,2.5,, sociales,12814,, sociales,
Argentina,0,3,0,2.5,, amantes de la musica,12814,, amantes de la musica,
Argentina,0,3,0,2.5,,mentirosos,12814,,mentirosos,
Argentina,0,3,0,2.5,,trabajadores,12814,,trabajadores,
Argentina,0,3,0,2.5,,productora,12814,,productora,
Argentina,0,3,0,2.5,,tendencia,12814,,tendencia,
Argentina,0,3,0,2.5,,mate ,12814,,mate ,
Argentina,0,3,0,2.5,,Afición,12814,,Afición,
Argentina,0,3,0,2.5,, pasión,12814,, pasión,
Argentina,0,3,0,2.5,, identidad,12814,, identidad,
Argentina,0,3,0,2.5,, deportes,12814,, deportes,
Argentina,0,3,0,2.5,,costumbres,12814,,costumbres,
Argentina,0,3,0,2.5,, tradición Folkclore ,12814,, tradición Folkclore ,
Argentina,0,3,0,2.5,,Bailes,12814,,Bailes,
Argentina,0,3,0,2.5,, Mona Giménez,12814,, Mona Giménez,
Argentina,0,3,0,2.5,, Fernet,12814,, Fernet,
Argentina,0,3,0,2.5,, ciudad de la Docta,12814,, ciudad de la Docta,
Argentina,0,3,0,2.5,, Rodrigo,12814,, Rodrigo,
Argentina,0,3,0,2.5,, cultura de Barrio,12814,, cultura de Barrio,
Argentina,0,3,0,2.5,,puntuales,12814,,puntuales,
Argentina,0,3,0,2.5,,alegres,12814,,alegres,
Argentina,0,3,0,2.5,,luchadores,12814,,luchadores,
Argentina,0,3,0,2.5,,sociables,12814,,sociables,
Argentina,0,3,0,2.5,,alegres,12814,,alegres,
Argentina,0,3,0,2.5,,frios,12814,,frios,
Argentina,0,3,0,2.5,,fiesteros,12814,,fiesteros,
Argentina,0,3,0,2.5,,responsables,12814,,responsables,
Argentina,0,3,0,2.5,,extrovertidos,12814,,extrovertidos,
Argentina,0,3,0,2.5,,graciosos,12814,,graciosos,
Argentina,0,3,0,2.5,,mate,12814,,mate,
Argentina,0,3,0,2.5,,andino,12814,,andino,
Argentina,0,3,0,2.5,,orgullosos,12814,,orgullosos,
Argentina,0,3,0,2.5,,fundamentalistas,12814,,fundamentalistas,
Argentina,0,3,0,2.5,,alegres,12814,,alegres,
Argentina,0,3,0,2.5,,solidarios,12814,,solidarios,
Argentina,0,3,0,2.5,,apasionados,12814,,apasionados,
Argentina,0,3,0,2.5,,resilientes,12814,,resilientes,
Argentina,0,3,0,2.5,,bailarines,12814,,bailarines,
Argentina,0,3,0,2.5,,malhumorados,12814,,malhumorados,
Argentina,0,3,0,2.5,,tacos,12814,,tacos,
Argentina,0,3,0,2.5,,nacionalismo,12814,,nacionalismo,
Argentina,0,3,0,2.5,,samba,12814,,samba,
Argentina,0,3,0,2.5,,puntualidad,12814,,puntualidad,
Argentina,0,3,0,2.5,,Disciplinados,12814,,Disciplinados,
Argentina,0,3,0,2.5,,Expresivos,12814,,Expresivos,
Argentina,0,3,0,2.5,,Soberbios,12814,,Soberbios,
Argentina,0,3,0,2.5,,Contento,12814,,Contento,
Argentina,0,3,0,2.5,,Malhumorados,12814,,Malhumorados,
Argentina,0,3,0,2.5,,Verdulero,12814,,Verdulero,
Argentina,0,3,0,2.5,,organizados,12814,,organizados,
Argentina,0,3,0,2.5,,Traidores,12814,,Traidores,
Argentina,0,3,0,2.5,,Sumisos,12814,,Sumisos,
Argentina,0,3,0,2.5,,Antipáticos,12814,,Antipáticos,
Argentina,0,3,0,2.5,,Amigueros,12814,,Amigueros,
Argentina,0,3,0,2.5,,Pobres,12814,,Pobres,
Argentina,0,3,0,2.5,,alto nivel de vida,12814,,alto nivel de vida,
Argentina,0,3,0,2.5,,monetario,12814,,monetario,
Argentina,0,3,0,2.5,,creidos,12814,,creidos,
Argentina,0,3,0,2.5,,los mejores del mundo,12814,,los mejores del mundo,
Argentina,0,3,0,2.5,,Narcotraficante,12814,,Narcotraficante,
Argentina,0,3,0,2.5,,Trabajadores,12814,,Trabajadores,
Argentina,0,3,0,2.5,,Indios,12814,,Indios,
Argentina,0,3,0,2.5,,Sobervia,12814,,Sobervia,
Argentina,0,3,0,2.5,,Patriotas,12814,,Patriotas,
Argentina,0,3,0,2.5,,Pasionales,12814,,Pasionales,
Argentina,0,3,0,2.5,,Calidez,12814,,Calidez,
Argentina,0,3,0,2.5,,Cafeteros,12814,,Cafeteros,
Argentina,0,3,0,2.5,,Excelencia,12814,,Excelencia,
Argentina,0,3,0,2.5,,CIVILIZACIÓN,12814,,CIVILIZACIÓN,
Argentina,0,3,0,2.5,,Gatronomía,12814,,Gatronomía,
Argentina,0,3,0,2.5,, turismo,12814,, turismo,
Argentina,0,3,0,2.5,, Servicio,12814,, Servicio,
Argentina,0,3,0,2.5,,Futbol,12814,,Futbol,
Argentina,0,3,0,2.5,, Tango,12814,, Tango,
Argentina,0,3,0,2.5,,Amor,12814,,Amor,
Argentina,0,3,0,2.5,, romance,12814,, romance,
Argentina,0,3,0,2.5,,Política,12814,,Política,
Argentina,0,3,0,2.5,, Conflictos,12814,, Conflictos,
Argentina,0,3,0,2.5,,Puntuales,12814,,Puntuales,
Argentina,0,3,0,2.5,, excelencia,12814,, excelencia,
Argentina,0,3,0,2.5,,Personalidad bien definida,12814,,Personalidad bien definida,
Argentina,0,3,0,2.5,,egocentricos,12814,,egocentricos,
Argentina,0,3,0,2.5,,egocentricos,12814,,egocentricos,
Argentina,0,3,0,2.5,,intolerantes ,12814,,intolerantes ,
Argentina,0,3,0,2.5,,cordiales,12814,,cordiales,
Argentina,0,3,0,2.5,,ordenados,12814,,ordenados,
Argentina,0,3,0,2.5,,amables,12814,,amables,
Argentina,0,3,0,2.5,,consumistas,12814,,consumistas,
Argentina,0,3,0,2.5,,responsables,12814,,responsables,
Argentina,0,3,0,2.5,,negociadores,12814,,negociadores,
Argentina,0,3,0,2.5,,Neutrales,12814,,Neutrales,
Argentina,0,3,0,2.5,,carnívoro,12814,,carnívoro,
Argentina,0,3,0,2.5,,Traidores,12814,,Traidores,
Argentina,0,3,0,2.5,,mate,12814,,mate,
Argentina,0,3,0,2.5,, dulce de leche,12814,, dulce de leche,
Argentina,0,3,0,2.5,, locro,12814,, locro,
Argentina,0,3,0,2.5,,pobreza,12814,,pobreza,
Argentina,0,3,0,2.5,, corrupción,12814,, corrupción,
Argentina,0,3,0,2.5,, guerra,12814,, guerra,
Argentina,0,3,0,2.5,,guerra,12814,,guerra,
Argentina,0,3,0,2.5,, poder,12814,, poder,
Argentina,0,3,0,2.5,, política,12814,, política,
Argentina,0,3,0,2.5,, ,12814,, ,
Argentina,0,3,0,2.5,,compañeros,12814,,compañeros,
Argentina,0,3,0,2.5,, alegres,12814,, alegres,
Argentina,0,3,0,2.5,,cultura,12814,,cultura,
Argentina,0,3,0,2.5,,alegría,12814,,alegría,
Argentina,0,3,0,2.5,,CULTURAL,12814,,CULTURAL,
Argentina,0,3,0,2.5,,DANZAS,12814,,DANZAS,
Argentina,0,3,0,2.5,,SOCIOECONOMICO,12814,,SOCIOECONOMICO,
Argentina,0,3,0,2.5,,PAMPEANO,12814,,PAMPEANO,
Argentina,0,3,0,2.5,,ALEGRIA,12814,,ALEGRIA,
Argentina,0,3,0,2.5,,MATE,12814,,MATE,
Argentina,0,3,0,2.5,,FUTBOL,12814,,FUTBOL,
Argentina,0,3,0,2.5,,alegría ,12814,,alegría ,
Argentina,0,3,0,2.5,,eficientes ,12814,,eficientes ,
Argentina,0,3,0,2.5,,desierto,12814,,desierto,
Argentina,0,3,0,2.5,,campo-agricultor ,12814,,campo-agricultor ,
Argentina,0,3,0,2.5,,gerontes ,12814,,gerontes ,
Argentina,0,3,0,2.5,,mar,12814,,mar,
Argentina,0,3,0,2.5,, calor ,12814,, calor ,
Argentina,0,3,0,2.5,,inseguridad ,12814,,inseguridad ,
Argentina,0,3,0,2.5,,Historia ,12814,,Historia ,
Argentina,0,3,0,2.5,,mate ,12814,,mate ,
Argentina,0,3,0,2.5,,Turismo,12814,,Turismo,
Argentina,0,3,0,2.5,,Petróleo,12814,,Petróleo,
Argentina,0,3,0,2.5,,creativos ,12814,,creativos ,
Argentina,0,3,0,2.5,,Carnaval ,12814,,Carnaval ,
Argentina,0,3,0,2.5,,organizados,12814,,organizados,
Argentina,0,3,0,2.5,,orgnizados,12814,,orgnizados,
Argentina,0,3,0,2.5,,Pastas,12814,,Pastas,
Argentina,0,3,0,2.5,,amigables,12814,,amigables,
Argentina,0,3,0,2.5,,fiesta,12814,,fiesta,
Argentina,0,3,0,2.5,,tonada,12814,,tonada,
Argentina,0,3,0,2.5,,asado,12814,,asado,
Argentina,0,3,0,2.5,,cultura,12814,,cultura,
Argentina,0,3,0,2.5,,futbol,12814,,futbol,
Argentina,0,3,0,2.5,,familia,12814,,familia,
Argentina,0,3,0,2.5,,Guerra,12814,,Guerra,
Argentina,0,3,0,2.5,,Folclore,12814,,Folclore,
Argentina,0,3,0,2.5,,Domingos,12814,,Domingos,
Argentina,0,3,0,2.5,,piramides,12814,,piramides,
Argentina,0,3,0,2.5,,Islas Mavinas,12814,,Islas Mavinas,
Argentina,0,3,0,2.5,,Ricos,12814,,Ricos,
Argentina,0,3,0,2.5,,Buenos futbolistas,12814,,Buenos futbolistas,
Argentina,0,3,0,2.5,,Tímidos,12814,,Tímidos,
Argentina,0,3,0,2.5,,Egocéntricos,12814,,Egocéntricos,
Argentina,0,3,0,2.5,,amigables,12814,,amigables,
Argentina,0,3,0,2.5,,alegres,12814,,alegres,
Argentina,0,3,0,2.5,,alegres,12814,,alegres,
Argentina,0,3,0,2.5,,serios,12814,,serios,
Argentina,0,3,0,2.5,,trabajadores,12814,,trabajadores,
Argentina,0,3,0,2.5,,egocéntricos,12814,,egocéntricos,
Argentina,0,3,0,2.5,,tradición,12814,,tradición,
Argentina,0,3,0,2.5,,envidia,12814,,envidia,
Argentina,0,3,0,2.5,,alegría,12814,,alegría,
Argentina,0,3,0,2.5,,discreción,12814,,discreción,
Argentina,0,3,0,2.5,,luchadores,12814,,luchadores,
Argentina,0,3,0,2.5,,cordialidad,12814,,cordialidad,
Argentina,0,3,0,2.5,,historia,12814,,historia,
Argentina,0,3,0,2.5,,corruptos,12814,,corruptos,
Argentina,0,3,0,2.5,,Educación,12814,,Educación,
Argentina,0,3,0,2.5,,Baile,12814,,Baile,
Argentina,0,3,0,2.5,,Orden,12814,,Orden,
Argentina,0,3,0,2.5,,Platos ricos,12814,,Platos ricos,
Argentina,0,3,0,2.5,,Nevadas,12814,,Nevadas,
Argentina,0,3,0,2.5,,Viajeros,12814,,Viajeros,
Argentina,0,3,0,2.5,,trabajador,12814,,trabajador,
Argentina,0,3,0,2.5,,Playas,12814,,Playas,
Argentina,0,3,0,2.5,,Soberanía,12814,,Soberanía,
Argentina,0,3,0,2.5,,Educados,12814,,Educados,
Argentina,0,3,0,2.5,, respetuosos,12814,, respetuosos,
Argentina,0,3,0,2.5,,Alegres,12814,,Alegres,
Argentina,0,3,0,2.5,, enérgicos,12814,, enérgicos,
Argentina,0,3,0,2.5,,Golosos,12814,,Golosos,
Argentina,0,3,0,2.5,, ingeniosos,12814,, ingeniosos,
Argentina,0,3,0,2.5,,entusiasmo,12814,,entusiasmo,
Argentina,0,3,0,2.5,,Trabajo,12814,,Trabajo,
Argentina,0,3,0,2.5,, progreso,12814,, progreso,
Argentina,0,3,0,2.5,,Carnívoros,12814,,Carnívoros,
Argentina,0,3,0,2.5,, trabajadores,12814,, trabajadores,
Argentina,0,3,0,2.5,,Ski,12814,,Ski,
Argentina,0,3,0,2.5,,humildad,12814,,humildad,
Argentina,0,3,0,2.5,,cordialidad,12814,,cordialidad,
Argentina,0,3,0,2.5,,Sociabilidad,12814,,Sociabilidad,
Argentina,0,3,0,2.5,,amabilidad,12814,,amabilidad,
Argentina,0,3,0,2.5,,conservadores,12814,,conservadores,
Argentina,0,3,0,2.5,,Educados,12814,,Educados,
Argentina,0,3,0,2.5,,Turismo,12814,,Turismo,
Argentina,0,3,0,2.5,,peleador,12814,,peleador,
Argentina,0,3,0,2.5,,apasionados,12814,,apasionados,
Argentina,0,3,0,2.5,,ordenados,12814,,ordenados,
Argentina,0,3,0,2.5,,Futboleros,12814,,Futboleros,
Argentina,0,3,0,2.5,,Alegres,12814,,Alegres,
Argentina,0,3,0,2.5,,Innovadores,12814,,Innovadores,
Argentina,0,3,0,2.5,, creativos.,12814,, creativos.,
Argentina,0,3,0,2.5,,Evasores,12814,,Evasores,
Argentina,0,3,0,2.5,,Organizados,12814,,Organizados,
Argentina,0,3,0,2.5,,amigables,12814,,amigables,
Argentina,0,3,0,2.5,,Religiosos,12814,,Religiosos,
Argentina,0,3,0,2.5,,Familiares,12814,,Familiares,
Argentina,0,3,0,2.5,,Comerciales,12814,,Comerciales,
Argentina,0,3,0,2.5,,cultura,12814,,cultura,
Argentina,0,3,0,2.5,,Humildes,12814,,Humildes,
Argentina,0,3,0,2.5,,Hospitalarios,12814,,Hospitalarios,
Argentina,0,3,0,2.5,,trabajadores,12814,,trabajadores,
Argentina,0,3,0,2.5,,Sociables,12814,,Sociables,
Argentina,0,3,0,2.5,,Apasionados por su cultura,12814,,Apasionados por su cultura,
Argentina,0,3,0,2.5,,engreidos,12814,,engreidos,
Argentina,0,3,0,2.5,,serios,12814,,serios,
Argentina,0,3,0,2.5,,Arrogantes,12814,,Arrogantes,
Argentina,0,3,0,2.5,,RECTITUD,12814,,RECTITUD,
Argentina,0,3,0,2.5,,DIVERCION ,12814,,DIVERCION ,
Argentina,0,3,0,2.5,,EMPATIA,12814,,EMPATIA,
Argentina,0,3,0,2.5,,apasionado ,12814,,apasionado ,
Argentina,0,3,0,2.5,,detallista,12814,,detallista,
Argentina,0,3,0,2.5,,relajado,12814,,relajado,
Argentina,0,3,0,2.5,,desorden,12814,,desorden,
Argentina,0,3,0,2.5,,relajado,12814,,relajado,
Argentina,0,3,0,2.5,,pobreza ,12814,,pobreza ,
Argentina,0,3,0,2.5,,euforia,12814,,euforia,
Argentina,0,3,0,2.5,,estructurado,12814,,estructurado,
Argentina,0,3,0,2.5,,trabajo ,12814,,trabajo ,
Argentina,0,3,0,2.5,,compañerismo ,12814,,compañerismo ,
Argentina,0,3,0,2.5,,turismo,12814,,turismo,
Argentina,0,3,0,2.5,,cantos alegres,12814,,cantos alegres,
Argentina,0,3,0,2.5,,alegria,12814,,alegria,
Argentina,0,3,0,2.5,,playas diverdas,12814,,playas diverdas,
Argentina,0,3,0,2.5,,invercion tecnológica ,12814,,invercion tecnológica ,
Argentina,0,3,0,2.5,,impulsividad ,12814,,impulsividad ,
Argentina,0,3,0,2.5,,apasionado ,12814,,apasionado ,
Argentina,0,3,0,2.5,,compañlerismo,12814,,compañlerismo,
Argentina,0,3,0,2.5,,compañerismo,12814,,compañerismo,
Argentina,0,3,0,2.5,,futboleros,12814,,futboleros,
Argentina,0,3,0,2.5,,mal humorados,12814,,mal humorados,
Argentina,0,3,0,2.5,,analfabetos,12814,,analfabetos,
Argentina,0,3,0,2.5,,buena comida,12814,,buena comida,
Argentina,0,3,0,2.5,,correctos,12814,,correctos,
Argentina,0,3,0,2.5,,comidas ricas,12814,,comidas ricas,
Argentina,0,3,0,2.5,,amistosos,12814,,amistosos,
Argentina,0,3,0,2.5,,picante,12814,,picante,
Argentina,0,3,0,2.5,,historia,12814,,historia,
Argentina,0,3,0,2.5,,cultura originaria,12814,,cultura originaria,
Argentina,0,3,0,2.5,,frío,12814,,frío,
Argentina,0,3,0,2.5,, antipático,12814,, antipático,
Argentina,0,3,0,2.5,,Divertidos,12814,,Divertidos,
Argentina,0,3,0,2.5,, sin preocupaciones,12814,, sin preocupaciones,
Argentina,0,3,0,2.5,,amistad,12814,,amistad,
Argentina,0,3,0,2.5,,Intensidad,12814,,Intensidad,
Argentina,0,3,0,2.5,, con mucha energía,12814,, con mucha energía,
Argentina,0,3,0,2.5,,cálidos,12814,,cálidos,
Argentina,0,3,0,2.5,,apasionados,12814,,apasionados,
Argentina,0,3,0,2.5,,fanatismo,12814,,fanatismo,
Argentina,0,3,0,2.5,,generosos,12814,,generosos,
Argentina,0,3,0,2.5,, apoyo social,12814,, apoyo social,
Argentina,0,3,0,2.5,, hospitalidad,12814,, hospitalidad,
Argentina,0,3,0,2.5,,solitarios,12814,,solitarios,
Argentina,0,3,0,2.5,, individualistas,12814,, individualistas,
Argentina,0,3,0,2.5,, estructurados,12814,, estructurados,
Argentina,0,3,0,2.5,,ordenados,12814,,ordenados,
Argentina,0,3,0,2.5,,nacionalistas,12814,,nacionalistas,
Argentina,0,3,0,2.5,,Ordenados,12814,,Ordenados,
Argentina,0,3,0,2.5,,Estereotipos,12814,,Estereotipos,
Argentina,0,3,0,2.5,,costumbres,12814,,costumbres,
Argentina,0,3,0,2.5,,raza,12814,,raza,
Argentina,0,3,0,2.5,,valores,12814,,valores,
Argentina,0,3,0,2.5,,diversion,12814,,diversion,
Argentina,0,3,0,2.5,,eficientes,12814,,eficientes,
Uruguay,0,3,0,2.5,Argentina,spoken,163,Argentina,spoken,Argentina
Peru,0,3,0,2.5,Brazil,friendly,28,Brazil,friendly,Brazil
Peru,0,3,0,2.5,Canada,friendly,28,Canada,friendly,Canada
Brazil,0,3,0,2.5,Brazil,friendly,101,Brazil,friendly,Brazil
Brazil,0,3,0,2.5,Canada,friendly,101,Canada,friendly,Canada
Cuba,0,3,0,2.5,Dominican Republic,Devotion,44,Dominican Republic,Devotion,Dominican Republic
Argentina,0,3,0,2.5,United States,cigars,12814,United States,cigars,United States
Argentina,0,3,0,2.5,Mexico,coke,12814,Mexico,coke,Mexico
Chile,0,3,0,2.5,Ethiopia,poor,108,Ethiopia,poor,Ethiopia
Argentina,0,3,0,2.5,Italy,delicious food,12814,Italy,delicious food,Italy
Chile,0,3,0,2.5,Venezuela,comunism,108,Venezuela,comunism,Venezuela
Cuba,0,3,0,2.5,Saudi Arabia,Devotion,44,Saudi Arabia,Devotion,Saudi Arabia
Uruguay,0,3,0,2.5,Chile,craftsmanship,163,Chile,craftsmanship,Chile
Uruguay,0,3,0,2.5,Bolivia,craftsmanship,163,Bolivia,craftsmanship,Bolivia
Uruguay,0,3,0,2.5,Germany,craftsmanship,163,Germany,craftsmanship,Germany
Argentina,0,3,0,2.5,Bolivia,spoken,12814,Bolivia,spoken,Bolivia
Cuba,0,3,0,2.5,Venezuela,Fidel Castro,44,Venezuela,Fidel Castro,Venezuela
Argentina,0,3,0,2.5,Argentina,I speak Spanish,12814,Argentina,I speak Spanish,Argentina
Argentina,0,3,0,2.5,Colombia,I speak Spanish,12814,Colombia,I speak Spanish,Colombia
Argentina,0,3,0,2.5,Bolivia,I speak Spanish,12814,Bolivia,I speak Spanish,Bolivia
Argentina,0,3,0,2.5,Paraguay,I speak Spanish,12814,Paraguay,I speak Spanish,Paraguay
Argentina,0,3,0,2.5,Spain,I speak Spanish,12814,Spain,I speak Spanish,Spain
Costa Rica,0,3,0,2.5,India,they love salsa,83,India,they love salsa,India
Uruguay,0,3,0,2.5,United States,Devotion,163,United States,Devotion,United States
Argentina,0,3,0,2.5,Iran,Devotion,12814,Iran,Devotion,Iran
Argentina,0,3,0,2.5,Uruguay,Mate  drink,12814,Uruguay,Mate  drink,Uruguay
Argentina,0,3,0,2.5,Syria,Mate  drink,12814,Syria,Mate  drink,Syria
Cuba,0,3,0,2.5,North Korea,People wants freedom,44,North Korea,People wants freedom,North Korea
Ecuador,0,3,0,2.5,United States,coke,71,United States,coke,United States
Argentina,0,3,0,2.5,Uruguay,Mate  drink,12814,Uruguay,Mate  drink,Uruguay
Argentina,0,3,0,2.5,Uruguay,Mate  drink,12814,Uruguay,Mate  drink,Uruguay
Argentina,0,3,0,2.5,Paraguay,Mate  drink,12814,Paraguay,Mate  drink,Paraguay
Argentina,0,3,0,2.5,Colombia,dancer,12814,Colombia,dancer,Colombia
Argentina,0,3,0,2.5,Uruguay,Mate  drink,12814,Uruguay,Mate  drink,Uruguay
Chile,0,3,0,2.5,Peru,craftsmanship,108,Peru,craftsmanship,Peru
Argentina,0,3,0,2.5,United Kingdom,Capitlaism,12814,United Kingdom,Capitlaism,United Kingdom
Argentina,0,3,0,2.5,Chile,I speak Spanish,12814,Chile,I speak Spanish,Chile
Argentina,0,3,0,2.5,United States,spoken,12814,United States,spoken,United States
Uruguay,0,3,0,2.5,Chile,Fat,163,Chile,Fat,Chile
Argentina,0,3,0,2.5,Brazil,spoken,12814,Brazil,spoken,Brazil
Argentina,0,3,0,2.5,Italy,arrogant,12814,Italy,arrogant,Italy
Argentina,0,3,0,2.5,Nigeria,scammer,12814,Nigeria,scammer,Nigeria
Chile,0,3,0,2.5,Mexico,friendly,108,Mexico,friendly,Mexico
Chile,0,3,0,2.5,Costa Rica,friendly,108,Costa Rica,friendly,Costa Rica
Chile,0,3,0,2.5,Chile,friendly,108,Chile,friendly,Chile
Argentina,0,3,0,2.5,Brazil,play football,12814,Brazil,play football,Brazil
Chile,0,3,0,2.5,Peru,Andes Mountains,108,Peru,Andes Mountains,Peru
Chile,0,3,0,2.5,Colombia,Andes Mountains,108,Colombia,Andes Mountains,Colombia
Chile,0,3,0,2.5,Bolivia,Andes Mountains,108,Bolivia,Andes Mountains,Bolivia
Chile,0,3,0,2.5,Argentina,Andes Mountains,108,Argentina,Andes Mountains,Argentina
Chile,0,3,0,2.5,Ecuador,Andes Mountains,108,Ecuador,Andes Mountains,Ecuador
Argentina,0,3,0,2.5,Uruguay,play football,12814,Uruguay,play football,Uruguay
Brazil,0,3,0,2.5,Canada,friendly,101,Canada,friendly,Canada
Brazil,0,3,0,2.5,Colombia,friendly,101,Colombia,friendly,Colombia
Argentina,0,3,0,2.5,United States,arrogant,12814,United States,arrogant,United States
Argentina,0,3,0,2.5,United States,eat asado,12814,United States,eat asado,United States
Ecuador,0,3,0,2.5,Argentina,Mate  drink,71,Argentina,Mate  drink,Argentina
Argentina,0,3,0,2.5,Bolivia,Inequality,12814,Bolivia,Inequality,Bolivia
Argentina,0,3,0,2.5,Chile,Inequality,12814,Chile,Inequality,Chile
Argentina,0,3,0,2.5,Argentina,Inequality,12814,Argentina,Inequality,Argentina
Argentina,0,3,0,2.5,France,liar,12814,France,liar,France
Argentina,0,3,0,2.5,Paraguay,generous,12814,Paraguay,generous,Paraguay
Argentina,0,3,0,2.5,United States,Big ego,12814,United States,Big ego,United States
Peru,0,3,0,2.5,Brazil,delicious food,28,Brazil,delicious food,Brazil
Brazil,0,3,0,2.5,Brazil,delicious food,101,Brazil,delicious food,Brazil
Uruguay,0,3,0,2.5,Argentina,Stealing from other people's cultures,163,Argentina,Stealing from other people's cultures,Argentina
Argentina,0,3,0,2.5,Chile,Diverse,12814,Chile,Diverse,Chile
Cuba,0,3,0,2.5,Mexico,Beautiful beaches,44,Mexico,Beautiful beaches,Mexico
Argentina,0,3,0,2.5,Spain,I speak Spanish,12814,Spain,I speak Spanish,Spain
Argentina,0,3,0,2.5,Uruguay,I speak Spanish,12814,Uruguay,I speak Spanish,Uruguay
Argentina,0,3,0,2.5,Chile,I speak Spanish,12814,Chile,I speak Spanish,Chile
Argentina,0,3,0,2.5,Paraguay,I speak Spanish,12814,Paraguay,I speak Spanish,Paraguay
Argentina,0,3,0,2.5,Bolivia,I speak Spanish,12814,Bolivia,I speak Spanish,Bolivia
Argentina,0,3,0,2.5,Peru,I speak Spanish,12814,Peru,I speak Spanish,Peru
Argentina,0,3,0,2.5,Colombia,I speak Spanish,12814,Colombia,I speak Spanish,Colombia
Argentina,0,3,0,2.5,Ecuador,I speak Spanish,12814,Ecuador,I speak Spanish,Ecuador
Argentina,0,3,0,2.5,Venezuela,I speak Spanish,12814,Venezuela,I speak Spanish,Venezuela
Argentina,0,3,0,2.5,Mexico,I speak Spanish,12814,Mexico,I speak Spanish,Mexico
Brazil,0,3,0,2.5,Argentina,play football,101,Argentina,play football,Argentina
Argentina,0,3,0,2.5,Brazil,futbol,12814,Brazil,futbol,Brazil
Colombia,0,3,0,2.5,Brazil,dancer,66,Brazil,dancer,Brazil
Costa Rica,0,3,0,2.5,Brazil,dancer,83,Brazil,dancer,Brazil
Argentina,0,3,0,2.5,Canada,Friendly,12814,Canada,Friendly,Canada
Argentina,0,3,0,2.5,Uruguay,asado,12814,Uruguay,asado,Uruguay
Argentina,0,3,0,2.5,United States,arrogant,12814,United States,arrogant,United States
Argentina,0,3,0,2.5,Uruguay,drink mate,12814,Uruguay,drink mate,Uruguay
Argentina,0,3,0,2.5,Brazil,Friendly,12814,Brazil,Friendly,Brazil
Argentina,0,3,0,2.5,Bolivia,large,12814,Bolivia,large,Bolivia
Chile,0,3,0,2.5,Brazil,friendly,108,Brazil,friendly,Brazil
Chile,0,3,0,2.5,Mexico,friendly,108,Mexico,friendly,Mexico
Chile,0,3,0,2.5,Malaysia,friendly,108,Malaysia,friendly,Malaysia
Argentina,0,3,0,2.5,South Korea,liar,12814,South Korea,liar,South Korea
Argentina,0,3,0,2.5,Japan,liar,12814,Japan,liar,Japan
Uruguay,0,3,0,2.5,Argentina,play football,163,Argentina,play football,Argentina
Uruguay,0,3,0,2.5,United Kingdom,play football,163,United Kingdom,play football,United Kingdom
Uruguay,0,3,0,2.5,Spain,play football,163,Spain,play football,Spain
Argentina,0,3,0,2.5,Mexico,Diverse,12814,Mexico,Diverse,Mexico
Argentina,0,3,0,2.5,Uruguay,Mate  drink,12814,Uruguay,Mate  drink,Uruguay
Argentina,0,3,0,2.5,Italy,noisy,12814,Italy,noisy,Italy
Ecuador,0,3,0,2.5,Ecuador,Andes Mountains,71,Ecuador,Andes Mountains,Ecuador
Chile,0,3,0,2.5,Cuba,friendly,108,Cuba,friendly,Cuba
Argentina,0,3,0,2.5,United States,Fight,12814,United States,Fight,United States
Argentina,0,3,0,2.5,Colombia,Beautiful,12814,Colombia,Beautiful,Colombia
Mexico,0,3,0,2.5,United States,coke,99,United States,coke,United States
Peru,0,3,0,2.5,Argentina,Andes Mountains,28,Argentina,Andes Mountains,Argentina
Peru,0,3,0,2.5,Chile,Andes Mountains,28,Chile,Andes Mountains,Chile
Peru,0,3,0,2.5,Ecuador,Andes Mountains,28,Ecuador,Andes Mountains,Ecuador
Brazil,0,3,0,2.5,Argentina,Andes Mountains,101,Argentina,Andes Mountains,Argentina
Brazil,0,3,0,2.5,Chile,Andes Mountains,101,Chile,Andes Mountains,Chile
Brazil,0,3,0,2.5,Ecuador,Andes Mountains,101,Ecuador,Andes Mountains,Ecuador
Argentina,0,3,0,2.5,Italy,Charismatic,12814,Italy,Charismatic,Italy
Brazil,0,3,0,2.5,Argentina,futbol,101,Argentina,futbol,Argentina
Brazil,0,3,0,2.5,France,futbol,101,France,futbol,France
Brazil,0,3,0,2.5,United Kingdom,futbol,101,United Kingdom,futbol,United Kingdom
Brazil,0,3,0,2.5,Chile,futbol,101,Chile,futbol,Chile
Uruguay,0,3,0,2.5,Brazil,play football,163,Brazil,play football,Brazil
Uruguay,0,3,0,2.5,Argentina,play football,163,Argentina,play football,Argentina
Uruguay,0,3,0,2.5,United Kingdom,play football,163,United Kingdom,play football,United Kingdom
Brazil,0,3,0,2.5,Colombia,Fun,101,Colombia,Fun,Colombia
Brazil,0,3,0,2.5,Peru,Fun,101,Peru,Fun,Peru
Peru,0,3,0,2.5,South Africa,Friendly,28,South Africa,Friendly,South Africa
Brazil,0,3,0,2.5,South Africa,Friendly,101,South Africa,Friendly,South Africa
Brazil,0,3,0,2.5,Mexico,friendly,101,Mexico,friendly,Mexico
Brazil,0,3,0,2.5,Peru,friendly,101,Peru,friendly,Peru
Brazil,0,3,0,2.5,Thailand,friendly,101,Thailand,friendly,Thailand
Brazil,0,3,0,2.5,Italy,friendly,101,Italy,friendly,Italy
Brazil,0,3,0,2.5,Cuba,friendly,101,Cuba,friendly,Cuba
Brazil,0,3,0,2.5,Canada,friendly,101,Canada,friendly,Canada
Argentina,0,3,0,2.5,Costa Rica,Beautiful,12814,Costa Rica,Beautiful,Costa Rica
Argentina,0,3,0,2.5,Uruguay,mate,12814,Uruguay,mate,Uruguay
Argentina,0,3,0,2.5,Chile,Andes Mountains,12814,Chile,Andes Mountains,Chile
Costa Rica,0,3,0,2.5,Afghanistan,poor,83,Afghanistan,poor,Afghanistan
Costa Rica,0,3,0,2.5,El Salvador,poor,83,El Salvador,poor,El Salvador
Costa Rica,0,3,0,2.5,Haiti,poor,83,Haiti,poor,Haiti
Argentina,0,3,0,2.5,Bangladesh,Inequality,12814,Bangladesh,Inequality,Bangladesh
Argentina,0,3,0,2.5,Colombia,generous,12814,Colombia,generous,Colombia
Argentina,0,3,0,2.5,Brazil,big ego,12814,Brazil,big ego,Brazil
Cuba,0,3,0,2.5,China,Comunism,44,China,Comunism,China
Uruguay,0,3,0,2.5,Argentina,asado,163,Argentina,asado,Argentina
Argentina,0,3,0,2.5,Colombia,Attractive,12814,Colombia,Attractive,Colombia
Argentina,0,3,0,2.5,France,Attractive,12814,France,Attractive,France
Argentina,0,3,0,2.5,Italy,Attractive,12814,Italy,Attractive,Italy
Argentina,0,3,0,2.5,Brazil,Inequality,12814,Brazil,Inequality,Brazil
Uruguay,0,3,0,2.5,Argentina,Stealing from other people's cultures,163,Argentina,Stealing from other people's cultures,Argentina
Nicaragua,0,3,0,2.5,Argentina,eat asado,25,Argentina,eat asado,Argentina
Colombia,0,3,0,2.5,Colombia,friendly,66,Colombia,friendly,Colombia
Costa Rica,0,3,0,2.5,Colombia,friendly,83,Colombia,friendly,Colombia
Argentina,0,3,0,2.5,Brazil,football,12814,Brazil,football,Brazil
Argentina,0,3,0,2.5,United States,big ego,12814,United States,big ego,United States
Argentina,0,3,0,2.5,France,tango,12814,France,tango,France
Argentina,0,3,0,2.5,United States,beef,12814,United States,beef,United States
Argentina,0,3,0,2.5,Ireland,Melancholic,12814,Ireland,Melancholic,Ireland
Argentina,0,3,0,2.5,Colombia,Friendship,12814,Colombia,Friendship,Colombia
Argentina,0,3,0,2.5,Spain,messi,12814,Spain,messi,Spain
Chile,0,3,0,2.5,Argentina,I speak Spanish,108,Argentina,I speak Spanish,Argentina
Uruguay,0,3,0,2.5,Argentina,drink mate,163,Argentina,drink mate,Argentina
Uruguay,0,3,0,2.5,Paraguay,drink mate,163,Paraguay,drink mate,Paraguay
Uruguay,0,3,0,2.5,Chile,drink mate,163,Chile,drink mate,Chile
Mexico,0,3,0,2.5,Colombia,friendly,99,Colombia,friendly,Colombia
Mexico,0,3,0,2.5,Brazil,friendly,99,Brazil,friendly,Brazil
Argentina,0,3,0,2.5,Brazil,generous,12814,Brazil,generous,Brazil
Argentina,0,3,0,2.5,Brazil,football,12814,Brazil,football,Brazil
Argentina,0,3,0,2.5,Uruguay,football,12814,Uruguay,football,Uruguay
Argentina,0,3,0,2.5,United Kingdom,football,12814,United Kingdom,football,United Kingdom
Argentina,0,3,0,2.5,Italy,friendly,12814,Italy,friendly,Italy
Argentina,0,3,0,2.5,Brazil,friendly,12814,Brazil,friendly,Brazil
Uruguay,0,3,0,2.5,Argentina,mate,163,Argentina,mate,Argentina
Uruguay,0,3,0,2.5,Chile,mate,163,Chile,mate,Chile
Uruguay,0,3,0,2.5,Paraguay,mate,163,Paraguay,mate,Paraguay
Argentina,0,3,0,2.5,Chile,Andes Mountains,12814,Chile,Andes Mountains,Chile
Argentina,0,3,0,2.5,Mexico,Stealing from other people's cultures,12814,Mexico,Stealing from other people's cultures,Mexico
Mexico,0,3,0,2.5,Colombia,warm,99,Colombia,warm,Colombia
Mexico,0,3,0,2.5,Brazil,warm,99,Brazil,warm,Brazil
Spain,0,3,0,2.5,Argentina,I speak Spanish,53,Argentina,I speak Spanish,Argentina
Spain,0,3,0,2.5,Bolivia,I speak Spanish,53,Bolivia,I speak Spanish,Bolivia
Spain,0,3,0,2.5,Colombia,I speak Spanish,53,Colombia,I speak Spanish,Colombia
Spain,0,3,0,2.5,Costa Rica,I speak Spanish,53,Costa Rica,I speak Spanish,Costa Rica
Spain,0,3,0,2.5,Chile,I speak Spanish,53,Chile,I speak Spanish,Chile
Spain,0,3,0,2.5,Cuba,I speak Spanish,53,Cuba,I speak Spanish,Cuba
Spain,0,3,0,2.5,Dominican Republic,I speak Spanish,53,Dominican Republic,I speak Spanish,Dominican Republic
Spain,0,3,0,2.5,Ecuador,I speak Spanish,53,Ecuador,I speak Spanish,Ecuador
Spain,0,3,0,2.5,Guatemala,I speak Spanish,53,Guatemala,I speak Spanish,Guatemala
Spain,0,3,0,2.5,Honduras,I speak Spanish,53,Honduras,I speak Spanish,Honduras
Spain,0,3,0,2.5,Paraguay,I speak Spanish,53,Paraguay,I speak Spanish,Paraguay
Spain,0,3,0,2.5,Uruguay,I speak Spanish,53,Uruguay,I speak Spanish,Uruguay
Spain,0,3,0,2.5,Mexico,I speak Spanish,53,Mexico,I speak Spanish,Mexico
Spain,0,3,0,2.5,Nicaragua,I speak Spanish,53,Nicaragua,I speak Spanish,Nicaragua
Spain,0,3,0,2.5,Peru,I speak Spanish,53,Peru,I speak Spanish,Peru
Argentina,0,3,0,2.5,Argentina,clean,12814,Argentina,clean,Argentina
Brazil,0,3,0,2.5,Argentina,clean,101,Argentina,clean,Argentina
Ecuador,0,3,0,2.5,Panama,Galapagos,71,Panama,Galapagos,Panama
Peru,0,3,0,2.5,Ecuador,textil products,28,Ecuador,textil products,Ecuador
Brazil,0,3,0,2.5,Ecuador,textil products,101,Ecuador,textil products,Ecuador
Uruguay,0,3,0,2.5,Argentina,football,163,Argentina,football,Argentina
Argentina,0,3,0,2.5,Spain,messi,12814,Spain,messi,Spain
Argentina,0,3,0,2.5,Brazil,friendly,12814,Brazil,friendly,Brazil
Argentina,0,3,0,2.5,Uruguay,friendly,12814,Uruguay,friendly,Uruguay
Uruguay,0,3,0,2.5,Argentina,Mate,163,Argentina,Mate,Argentina
Uruguay,0,3,0,2.5,Paraguay,Mate,163,Paraguay,Mate,Paraguay
Uruguay,0,3,0,2.5,Brazil,Mate,163,Brazil,Mate,Brazil
Chile,0,3,0,2.5,United States,Fat,108,United States,Fat,United States
Brazil,0,3,0,2.5,Philippines,naughty,101,Philippines,naughty,Philippines
Argentina,0,3,0,2.5,Uruguay,dulce de leche,12814,Uruguay,dulce de leche,Uruguay
Brazil,0,3,0,2.5,Argentina,Resourceful,101,Argentina,Resourceful,Argentina
Uruguay,0,3,0,2.5,Argentina,tortafrita,163,Argentina,tortafrita,Argentina
Argentina,0,3,0,2.5,United Kingdom,friendly,12814,United Kingdom,friendly,United Kingdom
Chile,0,3,0,2.5,Sweden,I speak Spanish,108,Sweden,I speak Spanish,Sweden
Chile,0,3,0,2.5,Switzerland,I speak Spanish,108,Switzerland,I speak Spanish,Switzerland
Chile,0,3,0,2.5,Uruguay,I speak Spanish,108,Uruguay,I speak Spanish,Uruguay
Cuba,0,3,0,2.5,Costa Rica,friendly,44,Costa Rica,friendly,Costa Rica
Spain,0,3,0,2.5,Italy,like to party,53,Italy,like to party,Italy
Nicaragua,0,3,0,2.5,Israel,War,25,Israel,War,Israel
Uruguay,0,3,0,2.5,Spain,Musician,163,Spain,Musician,Spain
Argentina,0,3,0,2.5,Brazil,Mate,12814,Brazil,Mate,Brazil
Argentina,0,3,0,2.5,Uruguay,Mate,12814,Uruguay,Mate,Uruguay
Uruguay,0,3,0,2.5,Argentina,mate,163,Argentina,mate,Argentina
Chile,0,3,0,2.5,Argentina,drink mate,108,Argentina,drink mate,Argentina
Chile,0,3,0,2.5,Italy,drink mate,108,Italy,drink mate,Italy
Chile,0,3,0,2.5,France,drink mate,108,France,drink mate,France
Argentina,0,3,0,2.5,Argentina,Resourceful,12814,Argentina,Resourceful,Argentina
Brazil,0,3,0,2.5,Argentina,Resourceful,101,Argentina,Resourceful,Argentina
Argentina,0,3,0,2.5,China,friendly,12814,China,friendly,China
Argentina,0,3,0,2.5,Mexico,friendly,12814,Mexico,friendly,Mexico
Mexico,0,3,0,2.5,China,spicy food,99,China,spicy food,China
Mexico,0,3,0,2.5,Vietnam,spicy food,99,Vietnam,spicy food,Vietnam
Mexico,0,3,0,2.5,India,spicy food,99,India,spicy food,India
Mexico,0,3,0,2.5,Ecuador,spicy food,99,Ecuador,spicy food,Ecuador
Mexico,0,3,0,2.5,South Korea,spicy food,99,South Korea,spicy food,South Korea
Argentina,0,3,0,2.5,Cuba,Public health,12814,Cuba,Public health,Cuba
Uruguay,0,3,0,2.5,Brazil,futbol,163,Brazil,futbol,Brazil
Colombia,0,3,0,2.5,Brazil,Fun,66,Brazil,Fun,Brazil
Costa Rica,0,3,0,2.5,Brazil,Fun,83,Brazil,Fun,Brazil
Argentina,0,3,0,2.5,Japan,beef,12814,Japan,beef,Japan
Argentina,0,3,0,2.5,Brazil,beef,12814,Brazil,beef,Brazil
Argentina,0,3,0,2.5,United Kingdom,clean,12814,United Kingdom,clean,United Kingdom
Uruguay,0,3,0,2.5,Canada,polite,163,Canada,polite,Canada
Uruguay,0,3,0,2.5,Argentina,mate,163,Argentina,mate,Argentina
Uruguay,0,3,0,2.5,Paraguay,mate,163,Paraguay,mate,Paraguay
Uruguay,0,3,0,2.5,Brazil,mate,163,Brazil,mate,Brazil
Argentina,0,3,0,2.5,United Kingdom,Stealing from other people's cultures,12814,United Kingdom,Stealing from other people's cultures,United Kingdom
Chile,0,3,0,2.5,Argentina,drink mate,108,Argentina,drink mate,Argentina
Chile,0,3,0,2.5,Uruguay,drink mate,108,Uruguay,drink mate,Uruguay
Brazil,0,3,0,2.5,Germany,big ego,101,Germany,big ego,Germany
Argentina,0,3,0,2.5,Argentina,big ego,12814,Argentina,big ego,Argentina
Brazil,0,3,0,2.5,Argentina,big ego,101,Argentina,big ego,Argentina
Colombia,0,3,0,2.5,Costa Rica,friendly,66,Costa Rica,friendly,Costa Rica
Colombia,0,3,0,2.5,El Salvador,friendly,66,El Salvador,friendly,El Salvador
Colombia,0,3,0,2.5,Peru,friendly,66,Peru,friendly,Peru
Costa Rica,0,3,0,2.5,Costa Rica,friendly,83,Costa Rica,friendly,Costa Rica
Costa Rica,0,3,0,2.5,El Salvador,friendly,83,El Salvador,friendly,El Salvador
Costa Rica,0,3,0,2.5,Peru,friendly,83,Peru,friendly,Peru
Argentina,0,3,0,2.5,Uruguay,kindness,12814,Uruguay,kindness,Uruguay
Mexico,0,3,0,2.5,Spain,Stealing from other people's cultures,99,Spain,Stealing from other people's cultures,Spain
Mexico,0,3,0,2.5,Portugal,Stealing from other people's cultures,99,Portugal,Stealing from other people's cultures,Portugal
Mexico,0,3,0,2.5,United Kingdom,Stealing from other people's cultures,99,United Kingdom,Stealing from other people's cultures,United Kingdom
Argentina,0,3,0,2.5,Canada,Resourceful,12814,Canada,Resourceful,Canada
Argentina,0,3,0,2.5,Colombia,liveliness,12814,Colombia,liveliness,Colombia
Brazil,0,3,0,2.5,France,delicious food,101,France,delicious food,France
Brazil,0,3,0,2.5,India,delicious food,101,India,delicious food,India
Brazil,0,3,0,2.5,Japan,delicious food,101,Japan,delicious food,Japan
Brazil,0,3,0,2.5,China,delicious food,101,China,delicious food,China
Argentina,0,3,0,2.5,Colombia,Disregard for rules,12814,Colombia,Disregard for rules,Colombia
Brazil,0,3,0,2.5,Colombia,generous,101,Colombia,generous,Colombia
Argentina,0,3,0,2.5,United States,Disregard for rules,12814,United States,Disregard for rules,United States
Mexico,0,3,0,2.5,Spain,I speak Spanish,99,Spain,I speak Spanish,Spain
Nicaragua,0,3,0,2.5,Portugal,language,25,Portugal,language,Portugal
Cuba,0,3,0,2.5,Dominican Republic,Beautiful beaches,44,Dominican Republic,Beautiful beaches,Dominican Republic
Cuba,0,3,0,2.5,Venezuela,Beautiful beaches,44,Venezuela,Beautiful beaches,Venezuela
Chile,0,3,0,2.5,Russia,rough,108,Russia,rough,Russia
Chile,0,3,0,2.5,Ukraine,rough,108,Ukraine,rough,Ukraine
Peru,0,3,0,2.5,United States,Resourceful,28,United States,Resourceful,United States
Brazil,0,3,0,2.5,United States,Resourceful,101,United States,Resourceful,United States
Argentina,0,3,0,2.5,Brazil,Resourceful,12814,Brazil,Resourceful,Brazil
Argentina,0,3,0,2.5,China,Resourceful,12814,China,Resourceful,China
Argentina,0,3,0,2.5,Germany,Resourceful,12814,Germany,Resourceful,Germany
Argentina,0,3,0,2.5,Chile,Resourceful,12814,Chile,Resourceful,Chile
Argentina,0,3,0,2.5,Chile,Disregard for rules,12814,Chile,Disregard for rules,Chile
Brazil,0,3,0,2.5,Nigeria,hot,101,Nigeria,hot,Nigeria
Brazil,0,3,0,2.5,Egypt,hot,101,Egypt,hot,Egypt
Argentina,0,3,0,2.5,Mexico,Disregard for rules,12814,Mexico,Disregard for rules,Mexico
Argentina,0,3,0,2.5,United States,barbecue,12814,United States,barbecue,United States
Argentina,0,3,0,2.5,Bolivia,generous,12814,Bolivia,generous,Bolivia
Brazil,0,3,0,2.5,Bolivia,generous,101,Bolivia,generous,Bolivia
Mexico,0,3,0,2.5,United States,patriotism,99,United States,patriotism,United States
Argentina,0,3,0,2.5,United States,barbecue,12814,United States,barbecue,United States
Costa Rica,0,3,0,2.5,Italy,Beautiful,83,Italy,Beautiful,Italy
Costa Rica,0,3,0,2.5,Switzerland,Beautiful,83,Switzerland,Beautiful,Switzerland
Uruguay,0,3,0,2.5,Costa Rica,chiquitito,163,Costa Rica,chiquitito,Costa Rica
Uruguay,0,3,0,2.5,El Salvador,chiquitito,163,El Salvador,chiquitito,El Salvador
Argentina,0,3,0,2.5,Bolivia,tortafrita,12814,Bolivia,tortafrita,Bolivia
Argentina,0,3,0,2.5,Chile,tortafrita,12814,Chile,tortafrita,Chile
Argentina,0,3,0,2.5,Colombia,tortafrita,12814,Colombia,tortafrita,Colombia
Argentina,0,3,0,2.5,Paraguay,tortafrita,12814,Paraguay,tortafrita,Paraguay
Argentina,0,3,0,2.5,Uruguay,tortafrita,12814,Uruguay,tortafrita,Uruguay
Argentina,0,3,0,2.5,Cuba,resilience,12814,Cuba,resilience,Cuba
Chile,0,3,0,2.5,Colombia,Resourceful,108,Colombia,Resourceful,Colombia
Argentina,0,3,0,2.5,Paraguay,resilience,12814,Paraguay,resilience,Paraguay
Argentina,0,3,0,2.5,Germany,resilience,12814,Germany,resilience,Germany
Argentina,0,3,0,2.5,Haiti,resilience,12814,Haiti,resilience,Haiti
Cuba,0,3,0,2.5,Chile,I speak Spanish,44,Chile,I speak Spanish,Chile
Cuba,0,3,0,2.5,United States,Cigar,44,United States,Cigar,United States
Chile,0,3,0,2.5,Australia,expensive,108,Australia,expensive,Australia
Chile,0,3,0,2.5,Brazil,expensive,108,Brazil,expensive,Brazil
Chile,0,3,0,2.5,Bahamas,expensive,108,Bahamas,expensive,Bahamas
Chile,0,3,0,2.5,Jamaica,expensive,108,Jamaica,expensive,Jamaica
Argentina,0,3,0,2.5,United States,the best,12814,United States,the best,United States
Argentina,0,3,0,2.5,United Kingdom,the best,12814,United Kingdom,the best,United Kingdom
Argentina,0,3,0,2.5,France,the best,12814,France,the best,France
Argentina,0,3,0,2.5,Paraguay,resilience,12814,Paraguay,resilience,Paraguay
Argentina,0,3,0,2.5,Uruguay,mate,12814,Uruguay,mate,Uruguay
Argentina,0,3,0,2.5,Italy,Disregard for rules,12814,Italy,Disregard for rules,Italy
Argentina,0,3,0,2.5,Italy,maradona,12814,Italy,maradona,Italy
Argentina,0,3,0,2.5,Germany,Bad Humor,12814,Germany,Bad Humor,Germany
Chile,0,3,0,2.5,Brazil,Disregard for rules,108,Brazil,Disregard for rules,Brazil
Argentina,0,3,0,2.5,Uruguay,barbecue,12814,Uruguay,barbecue,Uruguay
Argentina,0,3,0,2.5,United States,barbecue,12814,United States,barbecue,United States
Uruguay,0,3,0,2.5,Bolivia,gray,163,Bolivia,gray,Bolivia
Cuba,0,3,0,2.5,Spain,Public health,44,Spain,Public health,Spain
Argentina,0,3,0,2.5,Uruguay,agrandado,12814,Uruguay,agrandado,Uruguay
Chile,0,3,0,2.5,Argentina,tortafrita,108,Argentina,tortafrita,Argentina
Argentina,0,3,0,2.5,Brazil,futbol fan,12814,Brazil,futbol fan,Brazil
Cuba,0,3,0,2.5,Haiti,resilience,44,Haiti,resilience,Haiti
Argentina,0,3,0,2.5,Paraguay,Friendship,12814,Paraguay,Friendship,Paraguay
Chile,0,3,0,2.5,Australia,Disregard for rules,108,Australia,Disregard for rules,Australia
Chile,0,3,0,2.5,Italy,Disregard for rules,108,Italy,Disregard for rules,Italy
Chile,0,3,0,2.5,Mexico,Disregard for rules,108,Mexico,Disregard for rules,Mexico
Chile,0,3,0,2.5,Brazil,Disregard for rules,108,Brazil,Disregard for rules,Brazil
Argentina,0,3,0,2.5,United States,agrandado,12814,United States,agrandado,United States
Argentina,0,3,0,2.5,Chile,agrandado,12814,Chile,agrandado,Chile
Argentina,0,3,0,2.5,United States,agrandado,12814,United States,agrandado,United States
Uruguay,0,3,0,2.5,Costa Rica,calm,163,Costa Rica,calm,Costa Rica
Argentina,0,3,0,2.5,Italy,maradona,12814,Italy,maradona,Italy
Colombia,0,3,0,2.5,Brazil,Attractive,66,Brazil,Attractive,Brazil
Colombia,0,3,0,2.5,Switzerland,Attractive,66,Switzerland,Attractive,Switzerland
Colombia,0,3,0,2.5,France,Attractive,66,France,Attractive,France
Colombia,0,3,0,2.5,Spain,Attractive,66,Spain,Attractive,Spain
Colombia,0,3,0,2.5,Germany,Attractive,66,Germany,Attractive,Germany
Costa Rica,0,3,0,2.5,Brazil,Attractive,83,Brazil,Attractive,Brazil
Costa Rica,0,3,0,2.5,Switzerland,Attractive,83,Switzerland,Attractive,Switzerland
Costa Rica,0,3,0,2.5,France,Attractive,83,France,Attractive,France
Costa Rica,0,3,0,2.5,Spain,Attractive,83,Spain,Attractive,Spain
Costa Rica,0,3,0,2.5,Germany,Attractive,83,Germany,Attractive,Germany
Chile,0,3,0,2.5,Brazil,great beaches,108,Brazil,great beaches,Brazil
Mexico,0,3,0,2.5,South Africa,water struggles,99,South Africa,water struggles,South Africa
Brazil,0,3,0,2.5,Argentina,friendly; free healthcare; free universities; warm; dental health,101,Argentina,friendly; free healthcare; free universities; warm; dental health,Argentina
Argentina,0,3,0,2.5,Brazil,world champion,12814,Brazil,world champion,Brazil
Argentina,0,3,0,2.5,Germany,world champion,12814,Germany,world champion,Germany
Argentina,0,3,0,2.5,Uruguay,world champion,12814,Uruguay,world champion,Uruguay
Cuba,0,3,0,2.5,Venezuela,low income,44,Venezuela,low income,Venezuela
Chile,0,3,0,2.5,Chile,Sopaipillas,108,Chile,Sopaipillas,Chile
Colombia,0,3,0,2.5,New Zealand,calm,66,New Zealand,calm,New Zealand
Colombia,0,3,0,2.5,Australia,calm,66,Australia,calm,Australia
Costa Rica,0,3,0,2.5,New Zealand,calm,83,New Zealand,calm,New Zealand
Costa Rica,0,3,0,2.5,Australia,calm,83,Australia,calm,Australia
Mexico,0,3,0,2.5,Brazil,Happiness,99,Brazil,Happiness,Brazil
Mexico,0,3,0,2.5,Colombia,Happiness,99,Colombia,Happiness,Colombia
Uruguay,0,3,0,2.5,Ireland,quiet people,163,Ireland,quiet people,Ireland
Ecuador,0,3,0,2.5,Chile,high mountains,71,Chile,high mountains,Chile
Spain,0,3,0,2.5,United Kingdom,Stealing from other people's cultures,53,United Kingdom,Stealing from other people's cultures,United Kingdom
Spain,0,3,0,2.5,France,Stealing from other people's cultures,53,France,Stealing from other people's cultures,France
Spain,0,3,0,2.5,Netherlands,Stealing from other people's cultures,53,Netherlands,Stealing from other people's cultures,Netherlands
Mexico,0,3,0,2.5,Brazil,happy,99,Brazil,happy,Brazil
Mexico,0,3,0,2.5,Colombia,happy,99,Colombia,happy,Colombia
Argentina,0,3,0,2.5,Uruguay,asado,12814,Uruguay,asado,Uruguay
Chile,0,3,0,2.5,Argentina,Sopaipillas,108,Argentina,Sopaipillas,Argentina
Chile,0,3,0,2.5,Bolivia,Sopaipillas,108,Bolivia,Sopaipillas,Bolivia
Chile,0,3,0,2.5,Ecuador,Sopaipillas,108,Ecuador,Sopaipillas,Ecuador
Chile,0,3,0,2.5,Colombia,Sopaipillas,108,Colombia,Sopaipillas,Colombia
Chile,0,3,0,2.5,Venezuela,Sopaipillas,108,Venezuela,Sopaipillas,Venezuela
Argentina,0,3,0,2.5,Brazil,liveliness,12814,Brazil,liveliness,Brazil
Argentina,0,3,0,2.5,Mexico,scammer,12814,Mexico,scammer,Mexico
Argentina,0,3,0,2.5,Paraguay,futbol,12814,Paraguay,futbol,Paraguay
Cuba,0,3,0,2.5,Canada,polite people,44,Canada,polite people,Canada
Nicaragua,0,3,0,2.5,Argentina,I speak Spanish,25,Argentina,I speak Spanish,Argentina
Argentina,0,3,0,2.5,Chile,Sopaipillas,12814,Chile,Sopaipillas,Chile
Mexico,0,3,0,2.5,Peru,novelas,99,Peru,novelas,Peru
Mexico,0,3,0,2.5,Argentina,novelas,99,Argentina,novelas,Argentina
Argentina,0,3,0,2.5,Costa Rica,solidarity,12814,Costa Rica,solidarity,Costa Rica
Ecuador,0,3,0,2.5,China,textil products,71,China,textil products,China
Argentina,0,3,0,2.5,Chile,Sopaipillas,12814,Chile,Sopaipillas,Chile
Argentina,0,3,0,2.5,Chile,Sopaipillas,12814,Chile,Sopaipillas,Chile
Argentina,0,3,0,2.5,Uruguay,tango,12814,Uruguay,tango,Uruguay
Nicaragua,0,3,0,2.5,Honduras,I speak Spanish,25,Honduras,I speak Spanish,Honduras
Argentina,0,3,0,2.5,Uruguay,Mate,12814,Uruguay,Mate,Uruguay
Argentina,0,3,0,2.5,Paraguay,Mate,12814,Paraguay,Mate,Paraguay
Argentina,0,3,0,2.5,Chile,Sopaipillas,12814,Chile,Sopaipillas,Chile
Argentina,0,3,0,2.5,United States,barbacue,12814,United States,barbacue,United States
Peru,0,3,0,2.5,Ecuador,I speak Spanish,28,Ecuador,I speak Spanish,Ecuador
Peru,0,3,0,2.5,Chile,I speak Spanish,28,Chile,I speak Spanish,Chile
Peru,0,3,0,2.5,Colombia,I speak Spanish,28,Colombia,I speak Spanish,Colombia
Peru,0,3,0,2.5,Mexico,I speak Spanish,28,Mexico,I speak Spanish,Mexico
Peru,0,3,0,2.5,Guatemala,I speak Spanish,28,Guatemala,I speak Spanish,Guatemala
Brazil,0,3,0,2.5,Ecuador,I speak Spanish,101,Ecuador,I speak Spanish,Ecuador
Brazil,0,3,0,2.5,Chile,I speak Spanish,101,Chile,I speak Spanish,Chile
Brazil,0,3,0,2.5,Colombia,I speak Spanish,101,Colombia,I speak Spanish,Colombia
Brazil,0,3,0,2.5,Mexico,I speak Spanish,101,Mexico,I speak Spanish,Mexico
Brazil,0,3,0,2.5,Guatemala,I speak Spanish,101,Guatemala,I speak Spanish,Guatemala
Colombia,0,3,0,2.5,Sweden,Beautiful,66,Sweden,Beautiful,Sweden
Colombia,0,3,0,2.5,Switzerland,Beautiful,66,Switzerland,Beautiful,Switzerland
Colombia,0,3,0,2.5,Japan,Beautiful,66,Japan,Beautiful,Japan
Colombia,0,3,0,2.5,South Korea,Beautiful,66,South Korea,Beautiful,South Korea
Colombia,0,3,0,2.5,Austria,Beautiful,66,Austria,Beautiful,Austria
Colombia,0,3,0,2.5,Dominican Republic,Beautiful,66,Dominican Republic,Beautiful,Dominican Republic
Colombia,0,3,0,2.5,Brazil,Beautiful,66,Brazil,Beautiful,Brazil
Costa Rica,0,3,0,2.5,Sweden,Beautiful,83,Sweden,Beautiful,Sweden
Costa Rica,0,3,0,2.5,Switzerland,Beautiful,83,Switzerland,Beautiful,Switzerland
Costa Rica,0,3,0,2.5,Japan,Beautiful,83,Japan,Beautiful,Japan
Costa Rica,0,3,0,2.5,South Korea,Beautiful,83,South Korea,Beautiful,South Korea
Costa Rica,0,3,0,2.5,Austria,Beautiful,83,Austria,Beautiful,Austria
Costa Rica,0,3,0,2.5,Dominican Republic,Beautiful,83,Dominican Republic,Beautiful,Dominican Republic
Costa Rica,0,3,0,2.5,Brazil,Beautiful,83,Brazil,Beautiful,Brazil
Uruguay,0,3,0,2.5,Spain,hospitable,163,Spain,hospitable,Spain
Costa Rica,0,3,0,2.5,Cuba,chiquitito,83,Cuba,chiquitito,Cuba
Argentina,0,3,0,2.5,Germany,Bad Humor,12814,Germany,Bad Humor,Germany
Chile,0,3,0,2.5,Argentina,Seafood,108,Argentina,Seafood,Argentina
Chile,0,3,0,2.5,Switzerland,Seafood,108,Switzerland,Seafood,Switzerland
Chile,0,3,0,2.5,France,Seafood,108,France,Seafood,France
Chile,0,3,0,2.5,United States,Seafood,108,United States,Seafood,United States
Argentina,0,3,0,2.5,Uruguay,egocentric,12814,Uruguay,egocentric,Uruguay
Argentina,0,3,0,2.5,Mexico,novelas,12814,Mexico,novelas,Mexico
Mexico,0,3,0,2.5,Brazil,party,99,Brazil,party,Brazil
Brazil,0,3,0,2.5,Argentina,hot,101,Argentina,hot,Argentina
Brazil,0,3,0,2.5,Colombia,hot,101,Colombia,hot,Colombia
Argentina,0,3,0,2.5,Brazil,world champion,12814,Brazil,world champion,Brazil
Argentina,0,3,0,2.5,Germany,world champion,12814,Germany,world champion,Germany
Argentina,0,3,0,2.5,Uruguay,world champion,12814,Uruguay,world champion,Uruguay
Argentina,0,3,0,2.5,Brazil,liveliness,12814,Brazil,liveliness,Brazil
Argentina,0,3,0,2.5,United States,Fight,12814,United States,Fight,United States
Mexico,0,3,0,2.5,India,Spicy,99,India,Spicy,India
Brazil,0,3,0,2.5,Canada,generous,101,Canada,generous,Canada
Brazil,0,3,0,2.5,Italy,generous,101,Italy,generous,Italy
Argentina,0,3,0,2.5,Uruguay,Asado,12814,Uruguay,Asado,Uruguay
Argentina,0,3,0,2.5,Qatar,hot,12814,Qatar,hot,Qatar
Cuba,0,3,0,2.5,Mexico,Good at sex,44,Mexico,Good at sex,Mexico
Argentina,0,3,0,2.5,Panama,Seafood,12814,Panama,Seafood,Panama
Argentina,0,3,0,2.5,United States,Workaholic,12814,United States,Workaholic,United States
Argentina,0,3,0,2.5,Uruguay,ventajero,12814,Uruguay,ventajero,Uruguay
Argentina,0,3,0,2.5,Venezuela,instability,12814,Venezuela,instability,Venezuela
Colombia,0,3,0,2.5,Jamaica,gently people,66,Jamaica,gently people,Jamaica
Colombia,0,3,0,2.5,Brazil,gently people,66,Brazil,gently people,Brazil
Costa Rica,0,3,0,2.5,Jamaica,gently people,83,Jamaica,gently people,Jamaica
Costa Rica,0,3,0,2.5,Brazil,gently people,83,Brazil,gently people,Brazil
Argentina,0,3,0,2.5,Lebanon,instability,12814,Lebanon,instability,Lebanon
Argentina,0,3,0,2.5,DR Congo,instability,12814,DR Congo,instability,DR Congo
Argentina,0,3,0,2.5,Brazil,Competitive,12814,Brazil,Competitive,Brazil
Chile,0,3,0,2.5,Argentina,cordillera de los andes,108,Argentina,cordillera de los andes,Argentina
Chile,0,3,0,2.5,Peru,cordillera de los andes,108,Peru,cordillera de los andes,Peru
Chile,0,3,0,2.5,Bolivia,cordillera de los andes,108,Bolivia,cordillera de los andes,Bolivia
Chile,0,3,0,2.5,Venezuela,cordillera de los andes,108,Venezuela,cordillera de los andes,Venezuela
Chile,0,3,0,2.5,Colombia,cordillera de los andes,108,Colombia,cordillera de los andes,Colombia
Chile,0,3,0,2.5,Ecuador,cordillera de los andes,108,Ecuador,cordillera de los andes,Ecuador
Mexico,0,3,0,2.5,Argentina,I speak Spanish,99,Argentina,I speak Spanish,Argentina
Mexico,0,3,0,2.5,Bolivia,I speak Spanish,99,Bolivia,I speak Spanish,Bolivia
Mexico,0,3,0,2.5,Chile,I speak Spanish,99,Chile,I speak Spanish,Chile
Mexico,0,3,0,2.5,Colombia,I speak Spanish,99,Colombia,I speak Spanish,Colombia
Mexico,0,3,0,2.5,Costa Rica,I speak Spanish,99,Costa Rica,I speak Spanish,Costa Rica
Mexico,0,3,0,2.5,Cuba,I speak Spanish,99,Cuba,I speak Spanish,Cuba
Mexico,0,3,0,2.5,Dominican Republic,I speak Spanish,99,Dominican Republic,I speak Spanish,Dominican Republic
Mexico,0,3,0,2.5,Ecuador,I speak Spanish,99,Ecuador,I speak Spanish,Ecuador
Mexico,0,3,0,2.5,El Salvador,I speak Spanish,99,El Salvador,I speak Spanish,El Salvador
Mexico,0,3,0,2.5,Guatemala,I speak Spanish,99,Guatemala,I speak Spanish,Guatemala
Mexico,0,3,0,2.5,Equatorial Guinea,I speak Spanish,99,Equatorial Guinea,I speak Spanish,Equatorial Guinea
Mexico,0,3,0,2.5,Guyana,I speak Spanish,99,Guyana,I speak Spanish,Guyana
Mexico,0,3,0,2.5,Honduras,I speak Spanish,99,Honduras,I speak Spanish,Honduras
Mexico,0,3,0,2.5,Morocco,I speak Spanish,99,Morocco,I speak Spanish,Morocco
Mexico,0,3,0,2.5,Nicaragua,I speak Spanish,99,Nicaragua,I speak Spanish,Nicaragua
Mexico,0,3,0,2.5,Spain,I speak Spanish,99,Spain,I speak Spanish,Spain
Mexico,0,3,0,2.5,United States,I speak Spanish,99,United States,I speak Spanish,United States
Mexico,0,3,0,2.5,Uruguay,I speak Spanish,99,Uruguay,I speak Spanish,Uruguay
Mexico,0,3,0,2.5,Slovenia,I speak Spanish,99,Slovenia,I speak Spanish,Slovenia
Argentina,0,3,0,2.5,Colombia,novelas,12814,Colombia,novelas,Colombia
Argentina,0,3,0,2.5,Mexico,novelas,12814,Mexico,novelas,Mexico
Argentina,0,3,0,2.5,Chile,Competitive,12814,Chile,Competitive,Chile
Argentina,0,3,0,2.5,Chile,cordillera de los andes,12814,Chile,cordillera de los andes,Chile
Argentina,0,3,0,2.5,Chile,cordillera de los andes,12814,Chile,cordillera de los andes,Chile
Ecuador,0,3,0,2.5,Colombia,I speak Spanish,71,Colombia,I speak Spanish,Colombia
Argentina,0,3,0,2.5,Chile,cordillera de los andes,12814,Chile,cordillera de los andes,Chile
Argentina,0,3,0,2.5,Peru,cordillera de los andes,12814,Peru,cordillera de los andes,Peru
Argentina,0,3,0,2.5,Chile,cordillera de los andes,12814,Chile,cordillera de los andes,Chile
Spain,0,3,0,2.5,Brazil,Musician,53,Brazil,Musician,Brazil
Spain,0,3,0,2.5,Cuba,Musician,53,Cuba,Musician,Cuba
Argentina,0,3,0,2.5,Uruguay,Alfajor,12814,Uruguay,Alfajor,Uruguay
Uruguay,0,3,0,2.5,Argentina,humble,163,Argentina,humble,Argentina
Argentina,0,3,0,2.5,Italy,Charismatic,12814,Italy,Charismatic,Italy
Argentina,0,3,0,2.5,Brazil,meat eater,12814,Brazil,meat eater,Brazil
Costa Rica,0,3,0,2.5,Cuba,solidarity,83,Cuba,solidarity,Cuba
Cuba,0,3,0,2.5,Colombia,extroverts,44,Colombia,extroverts,Colombia
Chile,0,3,0,2.5,Angola,Horrible,108,Angola,Horrible,Angola
Argentina,0,3,0,2.5,France,Facturas,12814,France,Facturas,France
Argentina,0,3,0,2.5,France,Facturas,12814,France,Facturas,France
Ecuador,0,3,0,2.5,Peru,Sopaipillas,71,Peru,Sopaipillas,Peru
Argentina,0,3,0,2.5,France,humble,12814,France,humble,France
Argentina,0,3,0,2.5,France,Melancholic,12814,France,Melancholic,France
Chile,0,3,0,2.5,United States,Rodeo,108,United States,Rodeo,United States
Argentina,0,3,0,2.5,United States,big ego,12814,United States,big ego,United States
Argentina,0,3,0,2.5,Bolivia,humble,12814,Bolivia,humble,Bolivia
Argentina,0,3,0,2.5,United States,loud,12814,United States,loud,United States
Costa Rica,0,3,0,2.5,Jamaica,relaxed,83,Jamaica,relaxed,Jamaica
Nicaragua,0,3,0,2.5,Haiti,poverty,25,Haiti,poverty,Haiti
Chile,0,3,0,2.5,United States,Salmon,108,United States,Salmon,United States
Chile,0,3,0,2.5,Argentina,Salmon,108,Argentina,Salmon,Argentina
Chile,0,3,0,2.5,Mexico,Salmon,108,Mexico,Salmon,Mexico
Spain,0,3,0,2.5,Colombia,Attractive,53,Colombia,Attractive,Colombia
Argentina,0,3,0,2.5,Paraguay,loud,12814,Paraguay,loud,Paraguay
Argentina,0,3,0,2.5,Bolivia,humble,12814,Bolivia,humble,Bolivia
Argentina,0,3,0,2.5,Australia,large,12814,Australia,large,Australia
Argentina,0,3,0,2.5,United States,large,12814,United States,large,United States
Argentina,0,3,0,2.5,China,large,12814,China,large,China
Argentina,0,3,0,2.5,Russia,large,12814,Russia,large,Russia
Argentina,0,3,0,2.5,Chile,Salmon,12814,Chile,Salmon,Chile
Mexico,0,3,0,2.5,Canada,Salmon,99,Canada,Salmon,Canada
Argentina,0,3,0,2.5,Russia,Salmon,12814,Russia,Salmon,Russia
Cuba,0,3,0,2.5,Switzerland,Good Education,44,Switzerland,Good Education,Switzerland
Uruguay,0,3,0,2.5,Argentina,ventajero,163,Argentina,ventajero,Argentina
Argentina,0,3,0,2.5,Brazil,Asado,12814,Brazil,Asado,Brazil
Argentina,0,3,0,2.5,Argentina,I speak Spanish,12814,Argentina,I speak Spanish,Argentina
Mexico,0,3,0,2.5,Colombia,criminality,99,Colombia,criminality,Colombia
Mexico,0,3,0,2.5,Ecuador,criminality,99,Ecuador,criminality,Ecuador
Mexico,0,3,0,2.5,Cuba,criminality,99,Cuba,criminality,Cuba
Mexico,0,3,0,2.5,DR Congo,criminality,99,DR Congo,criminality,DR Congo
Mexico,0,3,0,2.5,Haiti,criminality,99,Haiti,criminality,Haiti
Mexico,0,3,0,2.5,United States,criminality,99,United States,criminality,United States
Mexico,0,3,0,2.5,Ghana,criminality,99,Ghana,criminality,Ghana
Mexico,0,3,0,2.5,North Korea,criminality,99,North Korea,criminality,North Korea
Mexico,0,3,0,2.5,Russia,criminality,99,Russia,criminality,Russia
Mexico,0,3,0,2.5,El Salvador,criminality,99,El Salvador,criminality,El Salvador
Mexico,0,3,0,2.5,Honduras,criminality,99,Honduras,criminality,Honduras
Mexico,0,3,0,2.5,Zimbabwe,criminality,99,Zimbabwe,criminality,Zimbabwe
Mexico,0,3,0,2.5,South Sudan,criminality,99,South Sudan,criminality,South Sudan
Mexico,0,3,0,2.5,Sudan,criminality,99,Sudan,criminality,Sudan
Argentina,0,3,0,2.5,Finland,Depressive,12814,Finland,Depressive,Finland
Costa Rica,0,3,0,2.5,Cuba,I speak Spanish,83,Cuba,I speak Spanish,Cuba
Argentina,0,3,0,2.5,Finland,Depressive,12814,Finland,Depressive,Finland
Cuba,0,3,0,2.5,Finland,good education,44,Finland,good education,Finland
Argentina,0,3,0,2.5,Venezuela,Depressive,12814,Venezuela,Depressive,Venezuela
Brazil,0,3,0,2.5,Mexico,great beaches,101,Mexico,great beaches,Mexico
Argentina,0,3,0,2.5,Finland,Depressive,12814,Finland,Depressive,Finland
Argentina,0,3,0,2.5,Spain,Seafood,12814,Spain,Seafood,Spain
Argentina,0,3,0,2.5,Argentina,Facturas,12814,Argentina,Facturas,Argentina
Argentina,0,3,0,2.5,Japan,Depressive,12814,Japan,Depressive,Japan
Argentina,0,3,0,2.5,South Korea,Depressive,12814,South Korea,Depressive,South Korea
Nicaragua,0,3,0,2.5,Canada,Lakes,25,Canada,Lakes,Canada
Argentina,0,3,0,2.5,Italy,loud,12814,Italy,loud,Italy
Spain,0,3,0,2.5,United Kingdom,colonialism,53,United Kingdom,colonialism,United Kingdom
Spain,0,3,0,2.5,France,colonialism,53,France,colonialism,France
Spain,0,3,0,2.5,Netherlands,colonialism,53,Netherlands,colonialism,Netherlands
Argentina,0,3,0,2.5,Mexico,molestos,12814,Mexico,molestos,Mexico
Peru,0,3,0,2.5,Chile,warm,28,Chile,warm,Chile
Brazil,0,3,0,2.5,Chile,warm,101,Chile,warm,Chile
Argentina,0,3,0,2.5,Mexico,molestos,12814,Mexico,molestos,Mexico
Argentina,0,3,0,2.5,Nigeria,molestos,12814,Nigeria,molestos,Nigeria
Uruguay,0,3,0,2.5,Argentina,agrandado,163,Argentina,agrandado,Argentina
Argentina,0,3,0,2.5,Chile,Salmon,12814,Chile,Salmon,Chile
Brazil,0,3,0,2.5,Argentina,beef,101,Argentina,beef,Argentina
Mexico,0,3,0,2.5,Russia,Disregard for rules,99,Russia,Disregard for rules,Russia
Mexico,0,3,0,2.5,South Sudan,Disregard for rules,99,South Sudan,Disregard for rules,South Sudan
Mexico,0,3,0,2.5,North Korea,Disregard for rules,99,North Korea,Disregard for rules,North Korea
Mexico,0,3,0,2.5,United States,Disregard for rules,99,United States,Disregard for rules,United States
Mexico,0,3,0,2.5,Haiti,Disregard for rules,99,Haiti,Disregard for rules,Haiti
Argentina,0,3,0,2.5,United States,molestos,12814,United States,molestos,United States
Argentina,0,3,0,2.5,France,molestos,12814,France,molestos,France
Argentina,0,3,0,2.5,China,molestos,12814,China,molestos,China
Cuba,0,3,0,2.5,Uruguay,Diverse people,44,Uruguay,Diverse people,Uruguay
Argentina,0,3,0,2.5,Argentina,Disregard for rules,12814,Argentina,Disregard for rules,Argentina
Colombia,0,3,0,2.5,Chile,beautifull natural landscapes,66,Chile,beautifull natural landscapes,Chile
Colombia,0,3,0,2.5,Argentina,beautifull natural landscapes,66,Argentina,beautifull natural landscapes,Argentina
Colombia,0,3,0,2.5,Switzerland,beautifull natural landscapes,66,Switzerland,beautifull natural landscapes,Switzerland
Costa Rica,0,3,0,2.5,Chile,beautifull natural landscapes,83,Chile,beautifull natural landscapes,Chile
Costa Rica,0,3,0,2.5,Argentina,beautifull natural landscapes,83,Argentina,beautifull natural landscapes,Argentina
Costa Rica,0,3,0,2.5,Switzerland,beautifull natural landscapes,83,Switzerland,beautifull natural landscapes,Switzerland
Uruguay,0,3,0,2.5,Mexico,Playas,163,Mexico,Playas,Mexico
Argentina,0,3,0,2.5,Mexico,molestos,12814,Mexico,molestos,Mexico
Brazil,0,3,0,2.5,Argentina,Spanish speaker,101,Argentina,Spanish speaker,Argentina
Brazil,0,3,0,2.5,Chile,Spanish speaker,101,Chile,Spanish speaker,Chile
Brazil,0,3,0,2.5,Spain,Spanish speaker,101,Spain,Spanish speaker,Spain
Brazil,0,3,0,2.5,Uruguay,Spanish speaker,101,Uruguay,Spanish speaker,Uruguay
Brazil,0,3,0,2.5,Venezuela,Spanish speaker,101,Venezuela,Spanish speaker,Venezuela
Uruguay,0,3,0,2.5,Argentina,Diverse people,163,Argentina,Diverse people,Argentina
Argentina,0,3,0,2.5,Chile,beautifull natural landscapes,12814,Chile,beautifull natural landscapes,Chile
Argentina,0,3,0,2.5,Brazil,beautifull natural landscapes,12814,Brazil,beautifull natural landscapes,Brazil
Argentina,0,3,0,2.5,Russia,large,12814,Russia,large,Russia
Argentina,0,3,0,2.5,China,large,12814,China,large,China
Argentina,0,3,0,2.5,Canada,large,12814,Canada,large,Canada
Argentina,0,3,0,2.5,United States,large,12814,United States,large,United States
Argentina,0,3,0,2.5,India,large,12814,India,large,India
Argentina,0,3,0,2.5,Croatia,beautifull natural landscapes,12814,Croatia,beautifull natural landscapes,Croatia
Mexico,0,3,0,2.5,Israel,molestos,99,Israel,molestos,Israel
Argentina,0,3,0,2.5,Uruguay,Spanish speaker,12814,Uruguay,Spanish speaker,Uruguay
Argentina,0,3,0,2.5,Spain,Spanish speaker,12814,Spain,Spanish speaker,Spain
Argentina,0,3,0,2.5,Colombia,Spanish speaker,12814,Colombia,Spanish speaker,Colombia
Argentina,0,3,0,2.5,Germany,human rights,12814,Germany,human rights,Germany
Colombia,0,3,0,2.5,Brazil,Friendship,66,Brazil,Friendship,Brazil
Colombia,0,3,0,2.5,Costa Rica,Friendship,66,Costa Rica,Friendship,Costa Rica
Costa Rica,0,3,0,2.5,Brazil,Friendship,83,Brazil,Friendship,Brazil
Costa Rica,0,3,0,2.5,Costa Rica,Friendship,83,Costa Rica,Friendship,Costa Rica
Argentina,0,3,0,2.5,United Kingdom,human rights,12814,United Kingdom,human rights,United Kingdom
Uruguay,0,3,0,2.5,Costa Rica,Alfajor,163,Costa Rica,Alfajor,Costa Rica
Argentina,0,3,0,2.5,Venezuela,inflation,12814,Venezuela,inflation,Venezuela
Argentina,0,3,0,2.5,Greece,inflation,12814,Greece,inflation,Greece
Uruguay,0,3,0,2.5,Argentina,Gardel,163,Argentina,Gardel,Argentina
Peru,0,3,0,2.5,Argentina,Asado,28,Argentina,Asado,Argentina
Peru,0,3,0,2.5,Uruguay,Asado,28,Uruguay,Asado,Uruguay
Brazil,0,3,0,2.5,Argentina,Asado,101,Argentina,Asado,Argentina
Brazil,0,3,0,2.5,Uruguay,Asado,101,Uruguay,Asado,Uruguay
Argentina,0,3,0,2.5,Venezuela,inflation,12814,Venezuela,inflation,Venezuela
Argentina,0,3,0,2.5,Uruguay,Gardel,12814,Uruguay,Gardel,Uruguay
Chile,0,3,0,2.5,Brazil,warm,108,Brazil,warm,Brazil
Argentina,0,3,0,2.5,France,Gardel,12814,France,Gardel,France
Argentina,0,3,0,2.5,Uruguay,Gardel,12814,Uruguay,Gardel,Uruguay
Uruguay,0,3,0,2.5,Chile,kind,163,Chile,kind,Chile
Mexico,0,3,0,2.5,United States,Diverse,99,United States,Diverse,United States
Mexico,0,3,0,2.5,United Arab Emirates,Diverse,99,United Arab Emirates,Diverse,United Arab Emirates
Mexico,0,3,0,2.5,Colombia,Diverse,99,Colombia,Diverse,Colombia
Mexico,0,3,0,2.5,United Kingdom,Diverse,99,United Kingdom,Diverse,United Kingdom
Mexico,0,3,0,2.5,France,Diverse,99,France,Diverse,France
Mexico,0,3,0,2.5,Canada,Diverse,99,Canada,Diverse,Canada
Mexico,0,3,0,2.5,South Africa,Diverse,99,South Africa,Diverse,South Africa
Uruguay,0,3,0,2.5,Spain,kind,163,Spain,kind,Spain
Brazil,0,3,0,2.5,Colombia,kind,101,Colombia,kind,Colombia
Brazil,0,3,0,2.5,Argentina,kind,101,Argentina,kind,Argentina
Brazil,0,3,0,2.5,Peru,kind,101,Peru,kind,Peru
Costa Rica,0,3,0,2.5,Germany,green,83,Germany,green,Germany
Cuba,0,3,0,2.5,Ecuador,criminality,44,Ecuador,criminality,Ecuador
Uruguay,0,3,0,2.5,Argentina,Cavani,163,Argentina,Cavani,Argentina
Uruguay,0,3,0,2.5,Italy,Cavani,163,Italy,Cavani,Italy
Uruguay,0,3,0,2.5,Argentina,Asado,163,Argentina,Asado,Argentina
Argentina,0,3,0,2.5,Peru,kind,12814,Peru,kind,Peru
Mexico,0,3,0,2.5,Greece,great beaches,99,Greece,great beaches,Greece
Mexico,0,3,0,2.5,Brazil,great beaches,99,Brazil,great beaches,Brazil
Mexico,0,3,0,2.5,Spain,great beaches,99,Spain,great beaches,Spain
Mexico,0,3,0,2.5,Morocco,great beaches,99,Morocco,great beaches,Morocco
Mexico,0,3,0,2.5,Cuba,great beaches,99,Cuba,great beaches,Cuba
Argentina,0,3,0,2.5,Uruguay,Cavani,12814,Uruguay,Cavani,Uruguay
Peru,0,3,0,2.5,Canada,gently people,28,Canada,gently people,Canada
Brazil,0,3,0,2.5,Canada,gently people,101,Canada,gently people,Canada
Argentina,0,3,0,2.5,United Kingdom,colonialism,12814,United Kingdom,colonialism,United Kingdom
Argentina,0,3,0,2.5,Uruguay,Cavani,12814,Uruguay,Cavani,Uruguay
Argentina,0,3,0,2.5,Uruguay,Cavani,12814,Uruguay,Cavani,Uruguay
Colombia,0,3,0,2.5,Chile,Sopaipillas,66,Chile,Sopaipillas,Chile
Colombia,0,3,0,2.5,Bolivia,Sopaipillas,66,Bolivia,Sopaipillas,Bolivia
Costa Rica,0,3,0,2.5,Chile,Sopaipillas,83,Chile,Sopaipillas,Chile
Costa Rica,0,3,0,2.5,Bolivia,Sopaipillas,83,Bolivia,Sopaipillas,Bolivia
Nicaragua,0,3,0,2.5,Chile,Volcanoes,25,Chile,Volcanoes,Chile
Argentina,0,3,0,2.5,Mexico,molestos,12814,Mexico,molestos,Mexico
Argentina,0,3,0,2.5,Peru,kind,12814,Peru,kind,Peru
Spain,0,3,0,2.5,Italy,speak loudly,53,Italy,speak loudly,Italy
Argentina,0,3,0,2.5,Uruguay,kind,12814,Uruguay,kind,Uruguay
Costa Rica,0,3,0,2.5,Argentina,good nature,83,Argentina,good nature,Argentina
Colombia,0,3,0,2.5,Brazil,hot,66,Brazil,hot,Brazil
Costa Rica,0,3,0,2.5,Brazil,hot,83,Brazil,hot,Brazil
Argentina,0,3,0,2.5,Paraguay,kind,12814,Paraguay,kind,Paraguay
Uruguay,0,3,0,2.5,Chile,colaborative,163,Chile,colaborative,Chile
Uruguay,0,3,0,2.5,Cuba,colaborative,163,Cuba,colaborative,Cuba
Mexico,0,3,0,2.5,United States,creative problem solvers,99,United States,creative problem solvers,United States
Mexico,0,3,0,2.5,United Kingdom,creative problem solvers,99,United Kingdom,creative problem solvers,United Kingdom
Mexico,0,3,0,2.5,Japan,creative problem solvers,99,Japan,creative problem solvers,Japan
Mexico,0,3,0,2.5,India,creative problem solvers,99,India,creative problem solvers,India
Argentina,0,3,0,2.5,Cuba,Spanish speaker,12814,Cuba,Spanish speaker,Cuba
Argentina,0,3,0,2.5,Ecuador,Spanish speaker,12814,Ecuador,Spanish speaker,Ecuador
Argentina,0,3,0,2.5,Mexico,Spanish speaker,12814,Mexico,Spanish speaker,Mexico
Argentina,0,3,0,2.5,Guatemala,Spanish speaker,12814,Guatemala,Spanish speaker,Guatemala
Argentina,0,3,0,2.5,El Salvador,Spanish speaker,12814,El Salvador,Spanish speaker,El Salvador
Argentina,0,3,0,2.5,Honduras,Spanish speaker,12814,Honduras,Spanish speaker,Honduras
Argentina,0,3,0,2.5,Panama,Spanish speaker,12814,Panama,Spanish speaker,Panama
Argentina,0,3,0,2.5,Nicaragua,Spanish speaker,12814,Nicaragua,Spanish speaker,Nicaragua
Argentina,0,3,0,2.5,Dominican Republic,Spanish speaker,12814,Dominican Republic,Spanish speaker,Dominican Republic
Argentina,0,3,0,2.5,Cuba,Spanish speaker,12814,Cuba,Spanish speaker,Cuba
Argentina,0,3,0,2.5,Costa Rica,Spanish speaker,12814,Costa Rica,Spanish speaker,Costa Rica
Argentina,0,3,0,2.5,Venezuela,Spanish speaker,12814,Venezuela,Spanish speaker,Venezuela
Argentina,0,3,0,2.5,Ecuador,Spanish speaker,12814,Ecuador,Spanish speaker,Ecuador
Argentina,0,3,0,2.5,Colombia,Spanish speaker,12814,Colombia,Spanish speaker,Colombia
Argentina,0,3,0,2.5,Bolivia,Spanish speaker,12814,Bolivia,Spanish speaker,Bolivia
Argentina,0,3,0,2.5,Chile,Spanish speaker,12814,Chile,Spanish speaker,Chile
Argentina,0,3,0,2.5,Paraguay,Spanish speaker,12814,Paraguay,Spanish speaker,Paraguay
Argentina,0,3,0,2.5,Spain,Spanish speaker,12814,Spain,Spanish speaker,Spain
Argentina,0,3,0,2.5,Uruguay,Spanish speaker,12814,Uruguay,Spanish speaker,Uruguay
Argentina,0,3,0,2.5,United States,Capitlaism,12814,United States,Capitlaism,United States
Argentina,0,3,0,2.5,Costa Rica,good nature,12814,Costa Rica,good nature,Costa Rica
Argentina,0,3,0,2.5,Uruguay,good nature,12814,Uruguay,good nature,Uruguay
Costa Rica,0,3,0,2.5,Nicaragua,Friendship,83,Nicaragua,Friendship,Nicaragua
Uruguay,0,3,0,2.5,Brazil,great soccer players,163,Brazil,great soccer players,Brazil
Uruguay,0,3,0,2.5,Argentina,great soccer players,163,Argentina,great soccer players,Argentina
Uruguay,0,3,0,2.5,France,great soccer players,163,France,great soccer players,France
Uruguay,0,3,0,2.5,Italy,great soccer players,163,Italy,great soccer players,Italy
Uruguay,0,3,0,2.5,Germany,great soccer players,163,Germany,great soccer players,Germany
Cuba,0,3,0,2.5,Mexico,chiquitito,44,Mexico,chiquitito,Mexico
Argentina,0,3,0,2.5,United States,Good education,12814,United States,Good education,United States
Argentina,0,3,0,2.5,Finland,Good education,12814,Finland,Good education,Finland
Mexico,0,3,0,2.5,Venezuela,scammer,99,Venezuela,scammer,Venezuela
Uruguay,0,3,0,2.5,Spain,churros,163,Spain,churros,Spain
Uruguay,0,3,0,2.5,Argentina,churros,163,Argentina,churros,Argentina
Uruguay,0,3,0,2.5,Panama,rebel province,163,Panama,rebel province,Panama
Argentina,0,3,0,2.5,Colombia,good nature,12814,Colombia,good nature,Colombia
Argentina,0,3,0,2.5,United Kingdom,great soccer players,12814,United Kingdom,great soccer players,United Kingdom
Argentina,0,3,0,2.5,Brazil,great soccer players,12814,Brazil,great soccer players,Brazil
Spain,0,3,0,2.5,Brazil,play football,53,Brazil,play football,Brazil
Spain,0,3,0,2.5,Argentina,play football,53,Argentina,play football,Argentina
Argentina,0,3,0,2.5,Brazil,great soccer players,12814,Brazil,great soccer players,Brazil
Argentina,0,3,0,2.5,India,Good education,12814,India,Good education,India
Argentina,0,3,0,2.5,China,Good education,12814,China,Good education,China
Argentina,0,3,0,2.5,Italy,Argumentative,12814,Italy,Argumentative,Italy
Mexico,0,3,0,2.5,Italy,delicious gastronomy,99,Italy,delicious gastronomy,Italy
Mexico,0,3,0,2.5,Japan,delicious gastronomy,99,Japan,delicious gastronomy,Japan
Cuba,0,3,0,2.5,Chile,Spanish speaker,44,Chile,Spanish speaker,Chile
Argentina,0,3,0,2.5,Brazil,good nature,12814,Brazil,good nature,Brazil
Argentina,0,3,0,2.5,Colombia,good nature,12814,Colombia,good nature,Colombia
Argentina,0,3,0,2.5,Costa Rica,good nature,12814,Costa Rica,good nature,Costa Rica
Argentina,0,3,0,2.5,Ecuador,good nature,12814,Ecuador,good nature,Ecuador
Argentina,0,3,0,2.5,Italy,Argumentative,12814,Italy,Argumentative,Italy
Uruguay,0,3,0,2.5,Brazil,carnaval,163,Brazil,carnaval,Brazil
Uruguay,0,3,0,2.5,Spain,carnaval,163,Spain,carnaval,Spain
Costa Rica,0,3,0,2.5,Switzerland,ecological,83,Switzerland,ecological,Switzerland
Mexico,0,3,0,2.5,United States,native population,99,United States,native population,United States
Mexico,0,3,0,2.5,Colombia,native population,99,Colombia,native population,Colombia
Mexico,0,3,0,2.5,Canada,native population,99,Canada,native population,Canada
Mexico,0,3,0,2.5,Spain,native population,99,Spain,native population,Spain
Uruguay,0,3,0,2.5,Brazil,carnaval,163,Brazil,carnaval,Brazil
Argentina,0,3,0,2.5,Argentina,great soccer players,12814,Argentina,great soccer players,Argentina
Colombia,0,3,0,2.5,Bolivia,Spanish speaker,66,Bolivia,Spanish speaker,Bolivia
Colombia,0,3,0,2.5,Costa Rica,Spanish speaker,66,Costa Rica,Spanish speaker,Costa Rica
Colombia,0,3,0,2.5,Chile,Spanish speaker,66,Chile,Spanish speaker,Chile
Colombia,0,3,0,2.5,Guatemala,Spanish speaker,66,Guatemala,Spanish speaker,Guatemala
Colombia,0,3,0,2.5,Nicaragua,Spanish speaker,66,Nicaragua,Spanish speaker,Nicaragua
Colombia,0,3,0,2.5,Dominican Republic,Spanish speaker,66,Dominican Republic,Spanish speaker,Dominican Republic
Colombia,0,3,0,2.5,Argentina,Spanish speaker,66,Argentina,Spanish speaker,Argentina
Colombia,0,3,0,2.5,Ecuador,Spanish speaker,66,Ecuador,Spanish speaker,Ecuador
Costa Rica,0,3,0,2.5,Bolivia,Spanish speaker,83,Bolivia,Spanish speaker,Bolivia
Costa Rica,0,3,0,2.5,Costa Rica,Spanish speaker,83,Costa Rica,Spanish speaker,Costa Rica
Costa Rica,0,3,0,2.5,Chile,Spanish speaker,83,Chile,Spanish speaker,Chile
Costa Rica,0,3,0,2.5,Guatemala,Spanish speaker,83,Guatemala,Spanish speaker,Guatemala
Costa Rica,0,3,0,2.5,Nicaragua,Spanish speaker,83,Nicaragua,Spanish speaker,Nicaragua
Costa Rica,0,3,0,2.5,Dominican Republic,Spanish speaker,83,Dominican Republic,Spanish speaker,Dominican Republic
Costa Rica,0,3,0,2.5,Argentina,Spanish speaker,83,Argentina,Spanish speaker,Argentina
Costa Rica,0,3,0,2.5,Ecuador,Spanish speaker,83,Ecuador,Spanish speaker,Ecuador
Colombia,0,3,0,2.5,Argentina,Alfajor,66,Argentina,Alfajor,Argentina
Costa Rica,0,3,0,2.5,Argentina,Alfajor,83,Argentina,Alfajor,Argentina
Colombia,0,3,0,2.5,Costa Rica,good nature,66,Costa Rica,good nature,Costa Rica
Costa Rica,0,3,0,2.5,Costa Rica,good nature,83,Costa Rica,good nature,Costa Rica
Brazil,0,3,0,2.5,China,Creative,101,China,Creative,China
Nicaragua,0,3,0,2.5,Saudi Arabia,hot,25,Saudi Arabia,hot,Saudi Arabia
Uruguay,0,3,0,2.5,Italy,pizza,163,Italy,pizza,Italy
Uruguay,0,3,0,2.5,Spain,murga,163,Spain,murga,Spain
Uruguay,0,3,0,2.5,Italy,pasta,163,Italy,pasta,Italy
Colombia,0,3,0,2.5,Brazil,extroverts,66,Brazil,extroverts,Brazil
Costa Rica,0,3,0,2.5,Brazil,extroverts,83,Brazil,extroverts,Brazil
Uruguay,0,3,0,2.5,Argentina,egocentric,163,Argentina,egocentric,Argentina
Spain,0,3,0,2.5,Argentina,murga,53,Argentina,murga,Argentina
Spain,0,3,0,2.5,Uruguay,murga,53,Uruguay,murga,Uruguay
Spain,0,3,0,2.5,Brazil,carnaval,53,Brazil,carnaval,Brazil
Spain,0,3,0,2.5,Argentina,messi,53,Argentina,messi,Argentina
Spain,0,3,0,2.5,Mexico,great beaches,53,Mexico,great beaches,Mexico
Spain,0,3,0,2.5,Cuba,great beaches,53,Cuba,great beaches,Cuba
Spain,0,3,0,2.5,Dominican Republic,great beaches,53,Dominican Republic,great beaches,Dominican Republic
Spain,0,3,0,2.5,France,colonialism,53,France,colonialism,France
Spain,0,3,0,2.5,United Kingdom,colonialism,53,United Kingdom,colonialism,United Kingdom
Spain,0,3,0,2.5,Netherlands,colonialism,53,Netherlands,colonialism,Netherlands
Uruguay,0,3,0,2.5,Argentina,cattle,163,Argentina,cattle,Argentina
Uruguay,0,3,0,2.5,United States,cattle,163,United States,cattle,United States
Uruguay,0,3,0,2.5,Spain,cattle,163,Spain,cattle,Spain
Argentina,0,3,0,2.5,France,colonialism,12814,France,colonialism,France
Argentina,0,3,0,2.5,Spain,colonialism,12814,Spain,colonialism,Spain
Argentina,0,3,0,2.5,Bolivia,tienen verdulería en Argentina,12814,Bolivia,tienen verdulería en Argentina,Bolivia
Argentina,0,3,0,2.5,Germany,homosexuales responsables en el cuidado del medio ambiente,12814,Germany,homosexuales responsables en el cuidado del medio ambiente,Germany
Argentina,0,3,0,2.5,Peru,discriminados,12814,Peru,discriminados,Peru
Argentina,0,3,0,2.5,Haiti,discriminados,12814,Haiti,discriminados,Haiti
Argentina,0,3,0,2.5,United States,son los más ingeniosos,12814,United States,son los más ingeniosos,United States
Argentina,0,3,0,2.5,Germany,son los más ingeniosos,12814,Germany,son los más ingeniosos,Germany
Argentina,0,3,0,2.5,China,estudiosos,12814,China,estudiosos,China
Argentina,0,3,0,2.5,United States,estudiosos,12814,United States,estudiosos,United States
Argentina,0,3,0,2.5,United Kingdom,estudiosos,12814,United Kingdom,estudiosos,United Kingdom
Argentina,0,3,0,2.5,India,estudiosos,12814,India,estudiosos,India
Argentina,0,3,0,2.5,United States,more hardworking,12814,United States,more hardworking,United States
Argentina,0,3,0,2.5,China,more hardworking,12814,China,more hardworking,China
Argentina,0,3,0,2.5,South Korea,more hardworking,12814,South Korea,more hardworking,South Korea
Argentina,0,3,0,2.5,China,tienen estudios de nivel superior,12814,China,tienen estudios de nivel superior,China
Argentina,0,3,0,2.5,United States,tienen estudios de nivel superior,12814,United States,tienen estudios de nivel superior,United States
Argentina,0,3,0,2.5,Germany,tienen estudios de nivel superior,12814,Germany,tienen estudios de nivel superior,Germany
Argentina,0,3,0,2.5,France,tienen estudios de nivel superior,12814,France,tienen estudios de nivel superior,France
Argentina,0,3,0,2.5,United Kingdom,tienen estudios de nivel superior,12814,United Kingdom,tienen estudios de nivel superior,United Kingdom
Argentina,0,3,0,2.5,Italy,Gruñones,12814,Italy,Gruñones,Italy
Argentina,0,3,0,2.5,Germany,Gruñones,12814,Germany,Gruñones,Germany
Argentina,0,3,0,2.5,Poland,Gruñones,12814,Poland,Gruñones,Poland
Argentina,0,3,0,2.5,United Kingdom,tienen estudios de nivel superior,12814,United Kingdom,tienen estudios de nivel superior,United Kingdom
Argentina,0,3,0,2.5,United States,tienen estudios de nivel superior,12814,United States,tienen estudios de nivel superior,United States
Argentina,0,3,0,2.5,China,tienen estudios de nivel superior,12814,China,tienen estudios de nivel superior,China
Argentina,0,3,0,2.5,Japan,tienen estudios de nivel superior,12814,Japan,tienen estudios de nivel superior,Japan
Argentina,0,3,0,2.5,South Korea,tienen estudios de nivel superior,12814,South Korea,tienen estudios de nivel superior,South Korea
Argentina,0,3,0,2.5,Spain,Oportunista,12814,Spain,Oportunista,Spain
Argentina,0,3,0,2.5,Italy,Oportunista,12814,Italy,Oportunista,Italy
Argentina,0,3,0,2.5,Türkiye,Oportunista,12814,Türkiye,Oportunista,Türkiye
Andorra,0,3,0,2.5,Bahamas,Gruñones,14,Bahamas,Gruñones,Bahamas
Argentina,0,3,0,2.5,Paraguay,son chantas,12814,Paraguay,son chantas,Paraguay
Colombia,0,3,0,2.5,Colombia,son los más ingeniosos,66,Colombia,son los más ingeniosos,Colombia
Nicaragua,0,3,0,2.5,Nicaragua,Barato,25,Nicaragua,Barato,Nicaragua
Nicaragua,0,3,0,2.5,Honduras,Barato,25,Honduras,Barato,Honduras
Portugal,0,3,0,2.5,Nicaragua,Barato,3,Nicaragua,Barato,Nicaragua
Portugal,0,3,0,2.5,Honduras,Barato,3,Honduras,Barato,Honduras
Argentina,0,3,0,2.5,Austria,estudiosos,12814,Austria,estudiosos,Austria
Argentina,0,3,0,2.5,Denmark,estudiosos,12814,Denmark,estudiosos,Denmark
Argentina,0,3,0,2.5,Bolivia,discriminados,12814,Bolivia,discriminados,Bolivia
Colombia,0,3,0,2.5,Germany,tienen estudios de nivel superior,66,Germany,tienen estudios de nivel superior,Germany
Colombia,0,3,0,2.5,United States,tienen estudios de nivel superior,66,United States,tienen estudios de nivel superior,United States
Colombia,0,3,0,2.5,France,tienen estudios de nivel superior,66,France,tienen estudios de nivel superior,France
Colombia,0,3,0,2.5,China,tienen estudios de nivel superior,66,China,tienen estudios de nivel superior,China
Argentina,0,3,0,2.5,United States,tienen estudios de nivel superior,12814,United States,tienen estudios de nivel superior,United States
Argentina,0,3,0,2.5,Argentina,Oportunista,12814,Argentina,Oportunista,Argentina
Argentina,0,3,0,2.5,Peru,tienen verdulería en Argentina,12814,Peru,tienen verdulería en Argentina,Peru
Argentina,0,3,0,2.5,Italy,graciosos,12814,Italy,graciosos,Italy
Andorra,0,3,0,2.5,Bangladesh,,14,Bangladesh,,Bangladesh
Andorra,0,3,0,2.5,Austria,,14,Austria,,Austria
Algeria,0,3,0,2.5,Ecuador,,5,Ecuador,,Ecuador
Andorra,0,3,0,2.5,Argentina,,14,Argentina,,Argentina
Andorra,0,3,0,2.5,Argentina,,14,Argentina,,Argentina
Argentina,0,3,0,2.5,Germany,,12814,Germany,,Germany
Ecuador,0,3,0,2.5,Brazil,,71,Brazil,,Brazil
Colombia,0,3,0,2.5,Colombia,,66,Colombia,,Colombia
Albania,0,3,0,2.5,Belgium,,5,Belgium,,Belgium
Ecuador,0,3,0,2.5,Costa Rica,,71,Costa Rica,,Costa Rica
Ecuador,0,3,0,2.5,Brazil,,71,Brazil,,Brazil
Albania,0,3,0,2.5,Bahrain,,5,Bahrain,,Bahrain
Ecuador,0,3,0,2.5,DR Congo,,71,DR Congo,,DR Congo
Albania,0,3,0,2.5,Australia,,5,Australia,,Australia
Andorra,0,3,0,2.5,Argentina,,14,Argentina,,Argentina
Andorra,0,3,0,2.5,Brazil,,14,Brazil,,Brazil
Ecuador,0,3,0,2.5,China,,71,China,,China
Ecuador,0,3,0,2.5,South Korea,,71,South Korea,,South Korea
Angola,0,3,0,2.5,Argentina,,6,Argentina,,Argentina
Ecuador,0,3,0,2.5,Cuba,,71,Cuba,,Cuba
Ecuador,0,3,0,2.5,Colombia,,71,Colombia,,Colombia
Spain,0,3,0,2.5,Bolivia,,53,Bolivia,,Bolivia
Ecuador,0,3,0,2.5,Mexico,,71,Mexico,,Mexico
Angola,0,3,0,2.5,Angola,,6,Angola,,Angola
Angola,0,3,0,2.5,Belgium,,6,Belgium,,Belgium
Angola,0,3,0,2.5,Australia,,6,Australia,,Australia
Spain,0,3,0,2.5,Cabo Verde,,53,Cabo Verde,,Cabo Verde
Andorra,0,3,0,2.5,Jamaica,,14,Jamaica,,Jamaica
Argentina,0,3,0,2.5,Ecuador,,12814,Ecuador,,Ecuador
Algeria,0,3,0,2.5,Ecuador,,5,Ecuador,,Ecuador
Ecuador,0,3,0,2.5,Ecuador,,71,Ecuador,,Ecuador
Ecuador,0,3,0,2.5,Ecuador,,71,Ecuador,,Ecuador
Ecuador,0,3,0,2.5,Nigeria,,71,Nigeria,,Nigeria
Ecuador,0,3,0,2.5,Germany,,71,Germany,,Germany
Ecuador,0,3,0,2.5,Colombia,,71,Colombia,,Colombia
Ecuador,0,3,0,2.5,Argentina,,71,Argentina,,Argentina
Ecuador,0,3,0,2.5,Brazil,,71,Brazil,,Brazil
Ecuador,0,3,0,2.5,Bolivia,,71,Bolivia,,Bolivia
Ecuador,0,3,0,2.5,Argentina,,71,Argentina,,Argentina
Spain,0,3,0,2.5,Andorra,,53,Andorra,,Andorra
Ecuador,0,3,0,2.5,Germany,,71,Germany,,Germany
Ecuador,0,3,0,2.5,Argentina,,71,Argentina,,Argentina
Argentina,0,3,0,2.5,Brazil,,12814,Brazil,,Brazil
Argentina,0,3,0,2.5,Colombia,,12814,Colombia,,Colombia
Argentina,0,3,0,2.5,Mexico,,12814,Mexico,,Mexico
Argentina,0,3,0,2.5,Spain,,12814,Spain,,Spain
Argentina,0,3,0,2.5,Colombia,,12814,Colombia,,Colombia
Argentina,0,3,0,2.5,Mexico,,12814,Mexico,,Mexico
Argentina,0,3,0,2.5,Morocco,,12814,Morocco,,Morocco
Argentina,0,3,0,2.5,India,,12814,India,,India
Argentina,0,3,0,2.5,Bolivia,,12814,Bolivia,,Bolivia
Argentina,0,3,0,2.5,Australia,,12814,Australia,,Australia
Argentina,0,3,0,2.5,Brazil,,12814,Brazil,,Brazil
Argentina,0,3,0,2.5,Argentina,,12814,Argentina,,Argentina
Argentina,0,3,0,2.5,United States,,12814,United States,,United States
Argentina,0,3,0,2.5,Bolivia,,12814,Bolivia,,Bolivia
Argentina,0,3,0,2.5,India,,12814,India,,India
Argentina,0,3,0,2.5,Japan,,12814,Japan,,Japan
Argentina,0,3,0,2.5,China,,12814,China,,China
Argentina,0,3,0,2.5,Germany,,12814,Germany,,Germany
Argentina,0,3,0,2.5,Canada,,12814,Canada,,Canada
Argentina,0,3,0,2.5,Argentina,,12814,Argentina,,Argentina
Argentina,0,3,0,2.5,Albania,,12814,Albania,,Albania
Argentina,0,3,0,2.5,Uruguay,,12814,Uruguay,,Uruguay
Argentina,0,3,0,2.5,China,,12814,China,,China
Argentina,0,3,0,2.5,Argentina,,12814,Argentina,,Argentina
Argentina,0,3,0,2.5,Argentina,,12814,Argentina,,Argentina
Argentina,0,3,0,2.5,Brazil,,12814,Brazil,,Brazil
Argentina,0,3,0,2.5,Argentina,,12814,Argentina,,Argentina
Argentina,0,3,0,2.5,Venezuela,,12814,Venezuela,,Venezuela
Argentina,0,3,0,2.5,Bolivia,,12814,Bolivia,,Bolivia
Argentina,0,3,0,2.5,China,,12814,China,,China
Argentina,0,3,0,2.5,Bahrain,,12814,Bahrain,,Bahrain
Argentina,0,3,0,2.5,Argentina,,12814,Argentina,,Argentina
Argentina,0,3,0,2.5,Armenia,,12814,Armenia,,Armenia
Argentina,0,3,0,2.5,Algeria,,12814,Algeria,,Algeria
Argentina,0,3,0,2.5,Austria,,12814,Austria,,Austria
Argentina,0,3,0,2.5,Argentina,,12814,Argentina,,Argentina
Argentina,0,3,0,2.5,Ireland,,12814,Ireland,,Ireland
Argentina,0,3,0,2.5,Germany,,12814,Germany,,Germany
Argentina,0,3,0,2.5,United Kingdom,,12814,United Kingdom,,United Kingdom
Argentina,0,3,0,2.5,United States,,12814,United States,,United States
Argentina,0,3,0,2.5,Peru,,12814,Peru,,Peru
Argentina,0,3,0,2.5,Italy,,12814,Italy,,Italy
Argentina,0,3,0,2.5,Japan,,12814,Japan,,Japan
Argentina,0,3,0,2.5,Argentina,,12814,Argentina,,Argentina
Argentina,0,3,0,2.5,Chile,,12814,Chile,,Chile
Argentina,0,3,0,2.5,China,,12814,China,,China
Argentina,0,3,0,2.5,Argentina,,12814,Argentina,,Argentina
Argentina,0,3,0,2.5,Argentina,,12814,Argentina,,Argentina
Argentina,0,3,0,2.5,Brazil,,12814,Brazil,,Brazil
Argentina,0,3,0,2.5,Azerbaijan,,12814,Azerbaijan,,Azerbaijan
Argentina,0,3,0,2.5,Brazil,,12814,Brazil,,Brazil
Argentina,0,3,0,2.5,Bolivia,,12814,Bolivia,,Bolivia
Argentina,0,3,0,2.5,Switzerland,,12814,Switzerland,,Switzerland
Argentina,0,3,0,2.5,Peru,,12814,Peru,,Peru
Argentina,0,3,0,2.5,Argentina,,12814,Argentina,,Argentina
Argentina,0,3,0,2.5,United States,,12814,United States,,United States
Argentina,0,3,0,2.5,Canada,,12814,Canada,,Canada
Argentina,0,3,0,2.5,Argentina,,12814,Argentina,,Argentina
Argentina,0,3,0,2.5,Italy,,12814,Italy,,Italy
Argentina,0,3,0,2.5,Bolivia,,12814,Bolivia,,Bolivia
Argentina,0,3,0,2.5,Argentina,,12814,Argentina,,Argentina
Argentina,0,3,0,2.5,Italy,,12814,Italy,,Italy
Argentina,0,3,0,2.5,Argentina,,12814,Argentina,,Argentina
Argentina,0,3,0,2.5,Bolivia,,12814,Bolivia,,Bolivia
Argentina,0,3,0,2.5,Brazil,,12814,Brazil,,Brazil
Argentina,0,3,0,2.5,Bahrain,,12814,Bahrain,,Bahrain
Argentina,0,3,0,2.5,Bahrain,,12814,Bahrain,,Bahrain
Argentina,0,3,0,2.5,Spain,,12814,Spain,,Spain
Argentina,0,3,0,2.5,Argentina,,12814,Argentina,,Argentina
Argentina,0,3,0,2.5,Belgium,,12814,Belgium,,Belgium
Argentina,0,3,0,2.5,Brazil,,12814,Brazil,,Brazil
Argentina,0,3,0,2.5,Brazil,,12814,Brazil,,Brazil
Argentina,0,3,0,2.5,Colombia,,12814,Colombia,,Colombia
Argentina,0,3,0,2.5,Spain,,12814,Spain,,Spain
Argentina,0,3,0,2.5,Mexico,,12814,Mexico,,Mexico
Argentina,0,3,0,2.5,Germany,,12814,Germany,,Germany
Argentina,0,3,0,2.5,Japan,,12814,Japan,,Japan
Argentina,0,3,0,2.5,Germany,,12814,Germany,,Germany
Argentina,0,3,0,2.5,France,,12814,France,,France
Argentina,0,3,0,2.5,France,,12814,France,,France
Argentina,0,3,0,2.5,Brazil,,12814,Brazil,,Brazil
Argentina,0,3,0,2.5,Brazil,,12814,Brazil,,Brazil
Argentina,0,3,0,2.5,Switzerland,,12814,Switzerland,,Switzerland
Argentina,0,3,0,2.5,Switzerland,,12814,Switzerland,,Switzerland
Argentina,0,3,0,2.5,Cuba,,12814,Cuba,,Cuba
Argentina,0,3,0,2.5,Argentina,,12814,Argentina,,Argentina
Argentina,0,3,0,2.5,China,,12814,China,,China
Argentina,0,3,0,2.5,Argentina,,12814,Argentina,,Argentina
Argentina,0,3,0,2.5,Australia,,12814,Australia,,Australia
Argentina,0,3,0,2.5,Armenia,,12814,Armenia,,Armenia
Argentina,0,3,0,2.5,Bolivia,,12814,Bolivia,,Bolivia
Argentina,0,3,0,2.5,El Salvador,,12814,El Salvador,,El Salvador
Argentina,0,3,0,2.5,Kenya,,12814,Kenya,,Kenya
Argentina,0,3,0,2.5,Andorra,,12814,Andorra,,Andorra
Argentina,0,3,0,2.5,Fiji,,12814,Fiji,,Fiji
Argentina,0,3,0,2.5,Malta,,12814,Malta,,Malta
Argentina,0,3,0,2.5,Brazil,,12814,Brazil,,Brazil
Argentina,0,3,0,2.5,Cuba,,12814,Cuba,,Cuba
Argentina,0,3,0,2.5,Malaysia,,12814,Malaysia,,Malaysia
Argentina,0,3,0,2.5,Guatemala,,12814,Guatemala,,Guatemala
Argentina,0,3,0,2.5,Argentina,,12814,Argentina,,Argentina
Argentina,0,3,0,2.5,Argentina,,12814,Argentina,,Argentina
Argentina,0,3,0,2.5,Argentina,,12814,Argentina,,Argentina
Argentina,0,3,0,2.5,Argentina,,12814,Argentina,,Argentina
Argentina,0,3,0,2.5,Bahrain,,12814,Bahrain,,Bahrain
Argentina,0,3,0,2.5,Argentina,,12814,Argentina,,Argentina
Argentina,0,3,0,2.5,Brazil,,12814,Brazil,,Brazil
Argentina,0,3,0,2.5,China,,12814,China,,China
Argentina,0,3,0,2.5,Costa Rica,,12814,Costa Rica,,Costa Rica
Argentina,0,3,0,2.5,Argentina,,12814,Argentina,,Argentina
Argentina,0,3,0,2.5,China,,12814,China,,China
Argentina,0,3,0,2.5,Argentina,,12814,Argentina,,Argentina
Argentina,0,3,0,2.5,Argentina,,12814,Argentina,,Argentina
Argentina,0,3,0,2.5,Bahrain,,12814,Bahrain,,Bahrain
Argentina,0,3,0,2.5,Australia,,12814,Australia,,Australia
Argentina,0,3,0,2.5,Argentina,,12814,Argentina,,Argentina
Argentina,0,3,0,2.5,Argentina,,12814,Argentina,,Argentina
Argentina,0,3,0,2.5,Argentina,,12814,Argentina,,Argentina
Argentina,0,3,0,2.5,Paraguay,,12814,Paraguay,,Paraguay
Argentina,0,3,0,2.5,Brazil,,12814,Brazil,,Brazil
Argentina,0,3,0,2.5,Colombia,,12814,Colombia,,Colombia
Argentina,0,3,0,2.5,Argentina,,12814,Argentina,,Argentina
Argentina,0,3,0,2.5,Argentina,,12814,Argentina,,Argentina
Argentina,0,3,0,2.5,Bolivia,,12814,Bolivia,,Bolivia
Argentina,0,3,0,2.5,Argentina,,12814,Argentina,,Argentina
Argentina,0,3,0,2.5,Argentina,,12814,Argentina,,Argentina
Argentina,0,3,0,2.5,Brazil,,12814,Brazil,,Brazil
Argentina,0,3,0,2.5,Argentina,,12814,Argentina,,Argentina
Argentina,0,3,0,2.5,Brazil,,12814,Brazil,,Brazil
Argentina,0,3,0,2.5,Peru,,12814,Peru,,Peru
Argentina,0,3,0,2.5,Argentina,,12814,Argentina,,Argentina
Argentina,0,3,0,2.5,Colombia,,12814,Colombia,,Colombia
Argentina,0,3,0,2.5,Japan,,12814,Japan,,Japan
Argentina,0,3,0,2.5,United States,,12814,United States,,United States
Argentina,0,3,0,2.5,Germany,,12814,Germany,,Germany
Argentina,0,3,0,2.5,United States,,12814,United States,,United States
Argentina,0,3,0,2.5,Ukraine,,12814,Ukraine,,Ukraine
Argentina,0,3,0,2.5,Brazil,,12814,Brazil,,Brazil
Argentina,0,3,0,2.5,Brazil,,12814,Brazil,,Brazil
Argentina,0,3,0,2.5,Japan,,12814,Japan,,Japan
Argentina,0,3,0,2.5,United Kingdom,,12814,United Kingdom,,United Kingdom
Argentina,0,3,0,2.5,Chile,,12814,Chile,,Chile
Argentina,0,3,0,2.5,Spain,,12814,Spain,,Spain
Argentina,0,3,0,2.5,China,,12814,China,,China
Argentina,0,3,0,2.5,Brazil,,12814,Brazil,,Brazil
Argentina,0,3,0,2.5,Uruguay,,12814,Uruguay,,Uruguay
Argentina,0,3,0,2.5,Argentina,,12814,Argentina,,Argentina
Argentina,0,3,0,2.5,Poland,,12814,Poland,,Poland
Argentina,0,3,0,2.5,Cuba,,12814,Cuba,,Cuba
Argentina,0,3,0,2.5,Brazil,,12814,Brazil,,Brazil
Argentina,0,3,0,2.5,Brazil,,12814,Brazil,,Brazil
Argentina,0,3,0,2.5,Central African Republic,,12814,Central African Republic,,Central African Republic
Argentina,0,3,0,2.5,Argentina,,12814,Argentina,,Argentina
Argentina,0,3,0,2.5,Bolivia,,12814,Bolivia,,Bolivia
Argentina,0,3,0,2.5,Antigua and Barbuda,,12814,Antigua and Barbuda,,Antigua and Barbuda
Argentina,0,3,0,2.5,Andorra,,12814,Andorra,,Andorra
Argentina,0,3,0,2.5,Brazil,,12814,Brazil,,Brazil
Argentina,0,3,0,2.5,Italy,,12814,Italy,,Italy
Argentina,0,3,0,2.5,Cabo Verde,,12814,Cabo Verde,,Cabo Verde
Argentina,0,3,0,2.5,Japan,,12814,Japan,,Japan
Argentina,0,3,0,2.5,Argentina,,12814,Argentina,,Argentina
Argentina,0,3,0,2.5,Brazil,,12814,Brazil,,Brazil
Argentina,0,3,0,2.5,Argentina,,12814,Argentina,,Argentina
Argentina,0,3,0,2.5,Argentina,,12814,Argentina,,Argentina
Argentina,0,3,0,2.5,Argentina,,12814,Argentina,,Argentina
Argentina,0,3,0,2.5,Brazil,,12814,Brazil,,Brazil
Argentina,0,3,0,2.5,Argentina,,12814,Argentina,,Argentina
Argentina,0,3,0,2.5,Argentina,,12814,Argentina,,Argentina
Argentina,0,3,0,2.5,China,,12814,China,,China
Argentina,0,3,0,2.5,Argentina,,12814,Argentina,,Argentina
Argentina,0,3,0,2.5,Argentina,,12814,Argentina,,Argentina
Argentina,0,3,0,2.5,Afghanistan,,12814,Afghanistan,,Afghanistan
Argentina,0,3,0,2.5,Brazil,,12814,Brazil,,Brazil
Argentina,0,3,0,2.5,Argentina,,12814,Argentina,,Argentina
Argentina,0,3,0,2.5,China,,12814,China,,China
Argentina,0,3,0,2.5,Argentina,,12814,Argentina,,Argentina
Argentina,0,3,0,2.5,Argentina,,12814,Argentina,,Argentina
Argentina,0,3,0,2.5,Argentina,,12814,Argentina,,Argentina
Argentina,0,3,0,2.5,Australia,,12814,Australia,,Australia
Argentina,0,3,0,2.5,Brazil,,12814,Brazil,,Brazil
Argentina,0,3,0,2.5,Armenia,,12814,Armenia,,Armenia
Argentina,0,3,0,2.5,Austria,,12814,Austria,,Austria
Argentina,0,3,0,2.5,Bolivia,,12814,Bolivia,,Bolivia
Argentina,0,3,0,2.5,Chile,,12814,Chile,,Chile
Argentina,0,3,0,2.5,Cameroon,,12814,Cameroon,,Cameroon
Argentina,0,3,0,2.5,Angola,,12814,Angola,,Angola
Argentina,0,3,0,2.5,Colombia,,12814,Colombia,,Colombia
Argentina,0,3,0,2.5,Monaco,,12814,Monaco,,Monaco
Argentina,0,3,0,2.5,Nicaragua,,12814,Nicaragua,,Nicaragua
Argentina,0,3,0,2.5,Egypt,,12814,Egypt,,Egypt
Argentina,0,3,0,2.5,Uruguay,,12814,Uruguay,,Uruguay
Argentina,0,3,0,2.5,Argentina,,12814,Argentina,,Argentina
Argentina,0,3,0,2.5,Argentina,,12814,Argentina,,Argentina
Argentina,0,3,0,2.5,Argentina,,12814,Argentina,,Argentina
Argentina,0,3,0,2.5,Argentina,,12814,Argentina,,Argentina
Argentina,0,3,0,2.5,Argentina,,12814,Argentina,,Argentina
Argentina,0,3,0,2.5,Argentina,,12814,Argentina,,Argentina
Argentina,0,3,0,2.5,Argentina,,12814,Argentina,,Argentina
Argentina,0,3,0,2.5,Argentina,,12814,Argentina,,Argentina
Argentina,0,3,0,2.5,Argentina,,12814,Argentina,,Argentina
Argentina,0,3,0,2.5,Argentina,,12814,Argentina,,Argentina
Argentina,0,3,0,2.5,Andorra,,12814,Andorra,,Andorra
Argentina,0,3,0,2.5,Argentina,,12814,Argentina,,Argentina
Argentina,0,3,0,2.5,Austria,,12814,Austria,,Austria
Argentina,0,3,0,2.5,Peru,,12814,Peru,,Peru
Argentina,0,3,0,2.5,Argentina,,12814,Argentina,,Argentina
Argentina,0,3,0,2.5,Argentina,,12814,Argentina,,Argentina
Argentina,0,3,0,2.5,Spain,,12814,Spain,,Spain
Argentina,0,3,0,2.5,Central African Republic,,12814,Central African Republic,,Central African Republic
Argentina,0,3,0,2.5,Egypt,,12814,Egypt,,Egypt
Argentina,0,3,0,2.5,Austria,,12814,Austria,,Austria
Argentina,0,3,0,2.5,Argentina,,12814,Argentina,,Argentina
Argentina,0,3,0,2.5,China,,12814,China,,China
Argentina,0,3,0,2.5,Argentina,,12814,Argentina,,Argentina
Argentina,0,3,0,2.5,Italy,,12814,Italy,,Italy
Argentina,0,3,0,2.5,Bolivia,,12814,Bolivia,,Bolivia
Argentina,0,3,0,2.5,Argentina,,12814,Argentina,,Argentina
Argentina,0,3,0,2.5,Brazil,,12814,Brazil,,Brazil
Argentina,0,3,0,2.5,Mexico,,12814,Mexico,,Mexico
Argentina,0,3,0,2.5,China,,12814,China,,China
Argentina,0,3,0,2.5,Spain,,12814,Spain,,Spain
Argentina,0,3,0,2.5,Japan,,12814,Japan,,Japan
Argentina,0,3,0,2.5,Brazil,,12814,Brazil,,Brazil
Argentina,0,3,0,2.5,Australia,,12814,Australia,,Australia
Argentina,0,3,0,2.5,Chile,,12814,Chile,,Chile
Argentina,0,3,0,2.5,Bolivia,,12814,Bolivia,,Bolivia
Argentina,0,3,0,2.5,Mexico,,12814,Mexico,,Mexico
Argentina,0,3,0,2.5,Switzerland,,12814,Switzerland,,Switzerland
Argentina,0,3,0,2.5,Argentina,,12814,Argentina,,Argentina
Argentina,0,3,0,2.5,Bahrain,,12814,Bahrain,,Bahrain
Argentina,0,3,0,2.5,Argentina,,12814,Argentina,,Argentina
Argentina,0,3,0,2.5,Brazil,,12814,Brazil,,Brazil
Argentina,0,3,0,2.5,United States,,12814,United States,,United States
Argentina,0,3,0,2.5,United States,,12814,United States,,United States
Argentina,0,3,0,2.5,Bahrain,,12814,Bahrain,,Bahrain
Argentina,0,3,0,2.5,Brazil,,12814,Brazil,,Brazil
Argentina,0,3,0,2.5,Bahrain,,12814,Bahrain,,Bahrain
Argentina,0,3,0,2.5,Azerbaijan,,12814,Azerbaijan,,Azerbaijan
Argentina,0,3,0,2.5,Bahamas,,12814,Bahamas,,Bahamas
Argentina,0,3,0,2.5,Austria,,12814,Austria,,Austria
Argentina,0,3,0,2.5,Bhutan,,12814,Bhutan,,Bhutan
Argentina,0,3,0,2.5,Belize,,12814,Belize,,Belize
Argentina,0,3,0,2.5,Argentina,,12814,Argentina,,Argentina
Argentina,0,3,0,2.5,Bosnia and Herzegovina,,12814,Bosnia and Herzegovina,,Bosnia and Herzegovina
Argentina,0,3,0,2.5,Burundi,,12814,Burundi,,Burundi
Argentina,0,3,0,2.5,Argentina,,12814,Argentina,,Argentina
Argentina,0,3,0,2.5,United States,,12814,United States,,United States
Argentina,0,3,0,2.5,Argentina,,12814,Argentina,,Argentina
Argentina,0,3,0,2.5,Argentina,,12814,Argentina,,Argentina
Argentina,0,3,0,2.5,Argentina,,12814,Argentina,,Argentina
Argentina,0,3,0,2.5,Argentina,,12814,Argentina,,Argentina
Argentina,0,3,0,2.5,Argentina,,12814,Argentina,,Argentina
Argentina,0,3,0,2.5,United Kingdom,,12814,United Kingdom,,United Kingdom
Argentina,0,3,0,2.5,Italy,,12814,Italy,,Italy
Argentina,0,3,0,2.5,United States,,12814,United States,,United States
Argentina,0,3,0,2.5,Saudi Arabia,,12814,Saudi Arabia,,Saudi Arabia
Argentina,0,3,0,2.5,United States,,12814,United States,,United States
Argentina,0,3,0,2.5,Italy,,12814,Italy,,Italy
Argentina,0,3,0,2.5,Spain,,12814,Spain,,Spain
Argentina,0,3,0,2.5,United States,,12814,United States,,United States
Argentina,0,3,0,2.5,Italy,,12814,Italy,,Italy
Argentina,0,3,0,2.5,Spain,,12814,Spain,,Spain
Argentina,0,3,0,2.5,Bahrain,,12814,Bahrain,,Bahrain
Argentina,0,3,0,2.5,Bahrain,,12814,Bahrain,,Bahrain
Argentina,0,3,0,2.5,Australia,,12814,Australia,,Australia
Argentina,0,3,0,2.5,Andorra,,12814,Andorra,,Andorra
Argentina,0,3,0,2.5,China,,12814,China,,China
Argentina,0,3,0,2.5,United States,,12814,United States,,United States
Argentina,0,3,0,2.5,Russia,,12814,Russia,,Russia
Argentina,0,3,0,2.5,Brazil,,12814,Brazil,,Brazil
Argentina,0,3,0,2.5,Norway,,12814,Norway,,Norway
Argentina,0,3,0,2.5,Argentina,,12814,Argentina,,Argentina
Argentina,0,3,0,2.5,Saudi Arabia,,12814,Saudi Arabia,,Saudi Arabia
Argentina,0,3,0,2.5,Argentina,,12814,Argentina,,Argentina
Argentina,0,3,0,2.5,Finland,,12814,Finland,,Finland
Argentina,0,3,0,2.5,Afghanistan,,12814,Afghanistan,,Afghanistan
Argentina,0,3,0,2.5,Argentina,,12814,Argentina,,Argentina
Argentina,0,3,0,2.5,United States,,12814,United States,,United States
Argentina,0,3,0,2.5,Argentina,,12814,Argentina,,Argentina
Argentina,0,3,0,2.5,Bolivia,,12814,Bolivia,,Bolivia
Argentina,0,3,0,2.5,Argentina,,12814,Argentina,,Argentina
Argentina,0,3,0,2.5,Argentina,,12814,Argentina,,Argentina
Argentina,0,3,0,2.5,North Korea,,12814,North Korea,,North Korea
Argentina,0,3,0,2.5,South Korea,,12814,South Korea,,South Korea
Argentina,0,3,0,2.5,Argentina,,12814,Argentina,,Argentina
Argentina,0,3,0,2.5,Argentina,,12814,Argentina,,Argentina
Argentina,0,3,0,2.5,Argentina,,12814,Argentina,,Argentina
Argentina,0,3,0,2.5,Argentina,,12814,Argentina,,Argentina
Argentina,0,3,0,2.5,United States,,12814,United States,,United States
Argentina,0,3,0,2.5,United States,,12814,United States,,United States
Argentina,0,3,0,2.5,Cuba,,12814,Cuba,,Cuba
Argentina,0,3,0,2.5,Bolivia,,12814,Bolivia,,Bolivia
Argentina,0,3,0,2.5,Japan,,12814,Japan,,Japan
Argentina,0,3,0,2.5,Brazil,,12814,Brazil,,Brazil
Argentina,0,3,0,2.5,Germany,,12814,Germany,,Germany
Argentina,0,3,0,2.5,Argentina,,12814,Argentina,,Argentina
Argentina,0,3,0,2.5,Egypt,,12814,Egypt,,Egypt
Argentina,0,3,0,2.5,Argentina,,12814,Argentina,,Argentina
Argentina,0,3,0,2.5,Albania,,12814,Albania,,Albania
Argentina,0,3,0,2.5,Argentina,,12814,Argentina,,Argentina
Argentina,0,3,0,2.5,Albania,,12814,Albania,,Albania
Argentina,0,3,0,2.5,Argentina,,12814,Argentina,,Argentina
Argentina,0,3,0,2.5,Argentina,,12814,Argentina,,Argentina
Argentina,0,3,0,2.5,Argentina,,12814,Argentina,,Argentina
Argentina,0,3,0,2.5,Argentina,,12814,Argentina,,Argentina
Argentina,0,3,0,2.5,Belarus,,12814,Belarus,,Belarus
Argentina,0,3,0,2.5,Italy,,12814,Italy,,Italy
Argentina,0,3,0,2.5,Australia,,12814,Australia,,Australia
Argentina,0,3,0,2.5,Brazil,,12814,Brazil,,Brazil
Argentina,0,3,0,2.5,Bolivia,,12814,Bolivia,,Bolivia
Argentina,0,3,0,2.5,Japan,,12814,Japan,,Japan
Argentina,0,3,0,2.5,Argentina,,12814,Argentina,,Argentina
Argentina,0,3,0,2.5,Switzerland,,12814,Switzerland,,Switzerland
Argentina,0,3,0,2.5,Brazil,,12814,Brazil,,Brazil
Argentina,0,3,0,2.5,Türkiye,,12814,Türkiye,,Türkiye
Argentina,0,3,0,2.5,Brazil,,12814,Brazil,,Brazil
Argentina,0,3,0,2.5,Colombia,,12814,Colombia,,Colombia
Argentina,0,3,0,2.5,Peru,,12814,Peru,,Peru
Argentina,0,3,0,2.5,India,,12814,India,,India
Argentina,0,3,0,2.5,Chile,,12814,Chile,,Chile
Argentina,0,3,0,2.5,Argentina,,12814,Argentina,,Argentina
Argentina,0,3,0,2.5,Mexico,,12814,Mexico,,Mexico
Argentina,0,3,0,2.5,Egypt,,12814,Egypt,,Egypt
Argentina,0,3,0,2.5,Finland,,12814,Finland,,Finland
Argentina,0,3,0,2.5,Argentina,,12814,Argentina,,Argentina
Argentina,0,3,0,2.5,Uruguay,,12814,Uruguay,,Uruguay
Argentina,0,3,0,2.5,Colombia,,12814,Colombia,,Colombia
Argentina,0,3,0,2.5,Uruguay,,12814,Uruguay,,Uruguay
Argentina,0,3,0,2.5,Argentina,,12814,Argentina,,Argentina
Argentina,0,3,0,2.5,Colombia,,12814,Colombia,,Colombia
Argentina,0,3,0,2.5,Venezuela,,12814,Venezuela,,Venezuela
Argentina,0,3,0,2.5,South Korea,,12814,South Korea,,South Korea
Argentina,0,3,0,2.5,Germany,,12814,Germany,,Germany
Argentina,0,3,0,2.5,China,,12814,China,,China
Argentina,0,3,0,2.5,Cuba,,12814,Cuba,,Cuba
Argentina,0,3,0,2.5,Argentina,,12814,Argentina,,Argentina
Argentina,0,3,0,2.5,Armenia,,12814,Armenia,,Armenia
Argentina,0,3,0,2.5,Argentina,,12814,Argentina,,Argentina
Argentina,0,3,0,2.5,Argentina,,12814,Argentina,,Argentina
Argentina,0,3,0,2.5,Brazil,,12814,Brazil,,Brazil
Argentina,0,3,0,2.5,Argentina,,12814,Argentina,,Argentina
Argentina,0,3,0,2.5,Brazil,,12814,Brazil,,Brazil
Argentina,0,3,0,2.5,Uruguay,,12814,Uruguay,,Uruguay
Argentina,0,3,0,2.5,Spain,,12814,Spain,,Spain
Argentina,0,3,0,2.5,Argentina,,12814,Argentina,,Argentina
Argentina,0,3,0,2.5,Uruguay,,12814,Uruguay,,Uruguay
Argentina,0,3,0,2.5,Angola,,12814,Angola,,Angola
Argentina,0,3,0,2.5,Senegal,,12814,Senegal,,Senegal
Argentina,0,3,0,2.5,Paraguay,,12814,Paraguay,,Paraguay
Argentina,0,3,0,2.5,South Korea,,12814,South Korea,,South Korea
Argentina,0,3,0,2.5,Colombia,,12814,Colombia,,Colombia
Argentina,0,3,0,2.5,Argentina,,12814,Argentina,,Argentina
Argentina,0,3,0,2.5,Brazil,,12814,Brazil,,Brazil
Argentina,0,3,0,2.5,Bolivia,,12814,Bolivia,,Bolivia
Argentina,0,3,0,2.5,Peru,,12814,Peru,,Peru
Argentina,0,3,0,2.5,Ecuador,,12814,Ecuador,,Ecuador
Argentina,0,3,0,2.5,Mexico,,12814,Mexico,,Mexico
Argentina,0,3,0,2.5,Brazil,,12814,Brazil,,Brazil
Argentina,0,3,0,2.5,Chile,,12814,Chile,,Chile
Argentina,0,3,0,2.5,Cuba,,12814,Cuba,,Cuba
Argentina,0,3,0,2.5,Colombia,,12814,Colombia,,Colombia
Argentina,0,3,0,2.5,Costa Rica,,12814,Costa Rica,,Costa Rica
Argentina,0,3,0,2.5,Philippines,,12814,Philippines,,Philippines
Argentina,0,3,0,2.5,Spain,,12814,Spain,,Spain
Argentina,0,3,0,2.5,France,,12814,France,,France
Argentina,0,3,0,2.5,Mexico,,12814,Mexico,,Mexico
Argentina,0,3,0,2.5,Panama,,12814,Panama,,Panama
Argentina,0,3,0,2.5,Dominican Republic,,12814,Dominican Republic,,Dominican Republic
Argentina,0,3,0,2.5,Chile,,12814,Chile,,Chile
Argentina,0,3,0,2.5,China,,12814,China,,China
Argentina,0,3,0,2.5,United States,,12814,United States,,United States
Argentina,0,3,0,2.5,France,,12814,France,,France
Argentina,0,3,0,2.5,South Korea,,12814,South Korea,,South Korea
Argentina,0,3,0,2.5,Russia,,12814,Russia,,Russia
Argentina,0,3,0,2.5,United States,,12814,United States,,United States
Argentina,0,3,0,2.5,Germany,,12814,Germany,,Germany
Argentina,0,3,0,2.5,Belarus,,12814,Belarus,,Belarus
Argentina,0,3,0,2.5,Japan,,12814,Japan,,Japan
Argentina,0,3,0,2.5,China,,12814,China,,China
Argentina,0,3,0,2.5,North Korea,,12814,North Korea,,North Korea
Argentina,0,3,0,2.5,South Africa,,12814,South Africa,,South Africa
Argentina,0,3,0,2.5,Mexico,,12814,Mexico,,Mexico
Argentina,0,3,0,2.5,Guatemala,,12814,Guatemala,,Guatemala
Argentina,0,3,0,2.5,Honduras,,12814,Honduras,,Honduras
Argentina,0,3,0,2.5,Cambodia,,12814,Cambodia,,Cambodia
Argentina,0,3,0,2.5,Indonesia,,12814,Indonesia,,Indonesia
Argentina,0,3,0,2.5,United States,,12814,United States,,United States
Argentina,0,3,0,2.5,France,,12814,France,,France
Argentina,0,3,0,2.5,Germany,,12814,Germany,,Germany
Argentina,0,3,0,2.5,Brazil,,12814,Brazil,,Brazil
Argentina,0,3,0,2.5,Argentina,,12814,Argentina,,Argentina
Argentina,0,3,0,2.5,Chile,,12814,Chile,,Chile
Argentina,0,3,0,2.5,Bolivia,,12814,Bolivia,,Bolivia
Argentina,0,3,0,2.5,Argentina,,12814,Argentina,,Argentina
Argentina,0,3,0,2.5,Brazil,,12814,Brazil,,Brazil
Argentina,0,3,0,2.5,Angola,,12814,Angola,,Angola
Argentina,0,3,0,2.5,Spain,,12814,Spain,,Spain
Argentina,0,3,0,2.5,Mexico,,12814,Mexico,,Mexico
Argentina,0,3,0,2.5,Japan,,12814,Japan,,Japan
Argentina,0,3,0,2.5,Chile,,12814,Chile,,Chile
Argentina,0,3,0,2.5,Uruguay,,12814,Uruguay,,Uruguay
Argentina,0,3,0,2.5,Mexico,,12814,Mexico,,Mexico
Argentina,0,3,0,2.5,Colombia,,12814,Colombia,,Colombia
Argentina,0,3,0,2.5,Brazil,,12814,Brazil,,Brazil
Argentina,0,3,0,2.5,Argentina,,12814,Argentina,,Argentina
Argentina,0,3,0,2.5,Chile,,12814,Chile,,Chile
Argentina,0,3,0,2.5,Norway,,12814,Norway,,Norway
Argentina,0,3,0,2.5,Spain,,12814,Spain,,Spain
Argentina,0,3,0,2.5,China,,12814,China,,China
Argentina,0,3,0,2.5,China,,12814,China,,China
Argentina,0,3,0,2.5,United States,,12814,United States,,United States
Argentina,0,3,0,2.5,Brazil,,12814,Brazil,,Brazil
Argentina,0,3,0,2.5,Belarus,,12814,Belarus,,Belarus
Argentina,0,3,0,2.5,France,,12814,France,,France
Argentina,0,3,0,2.5,Brazil,,12814,Brazil,,Brazil
Argentina,0,3,0,2.5,Spain,,12814,Spain,,Spain
Argentina,0,3,0,2.5,Italy,,12814,Italy,,Italy
Argentina,0,3,0,2.5,United States,,12814,United States,,United States
Argentina,0,3,0,2.5,Japan,,12814,Japan,,Japan
Argentina,0,3,0,2.5,Portugal,,12814,Portugal,,Portugal
Argentina,0,3,0,2.5,China,,12814,China,,China
Argentina,0,3,0,2.5,United States,,12814,United States,,United States
Argentina,0,3,0,2.5,United Kingdom,,12814,United Kingdom,,United Kingdom
Argentina,0,3,0,2.5,Italy,,12814,Italy,,Italy
Argentina,0,3,0,2.5,France,,12814,France,,France
Argentina,0,3,0,2.5,Chile,,12814,Chile,,Chile
Argentina,0,3,0,2.5,Brazil,,12814,Brazil,,Brazil
Argentina,0,3,0,2.5,Philippines,,12814,Philippines,,Philippines
Argentina,0,3,0,2.5,Switzerland,,12814,Switzerland,,Switzerland
Argentina,0,3,0,2.5,Uruguay,,12814,Uruguay,,Uruguay
Argentina,0,3,0,2.5,Paraguay,,12814,Paraguay,,Paraguay
Argentina,0,3,0,2.5,Brazil,,12814,Brazil,,Brazil
Argentina,0,3,0,2.5,Argentina,,12814,Argentina,,Argentina
Argentina,0,3,0,2.5,Brazil,,12814,Brazil,,Brazil
Argentina,0,3,0,2.5,Portugal,,12814,Portugal,,Portugal
Argentina,0,3,0,2.5,Italy,,12814,Italy,,Italy
Argentina,0,3,0,2.5,France,,12814,France,,France
Argentina,0,3,0,2.5,Angola,,12814,Angola,,Angola
Argentina,0,3,0,2.5,Senegal,,12814,Senegal,,Senegal
Argentina,0,3,0,2.5,South Korea,,12814,South Korea,,South Korea
Argentina,0,3,0,2.5,Paraguay,,12814,Paraguay,,Paraguay
Argentina,0,3,0,2.5,Bolivia,,12814,Bolivia,,Bolivia
Argentina,0,3,0,2.5,Thailand,,12814,Thailand,,Thailand
Argentina,0,3,0,2.5,France,,12814,France,,France
Argentina,0,3,0,2.5,Argentina,,12814,Argentina,,Argentina
Argentina,0,3,0,2.5,United States,,12814,United States,,United States
Argentina,0,3,0,2.5,United Kingdom,,12814,United Kingdom,,United Kingdom
Argentina,0,3,0,2.5,Australia,,12814,Australia,,Australia
Argentina,0,3,0,2.5,China,,12814,China,,China
Argentina,0,3,0,2.5,Japan,,12814,Japan,,Japan
Argentina,0,3,0,2.5,Argentina,,12814,Argentina,,Argentina
Argentina,0,3,0,2.5,Mexico,,12814,Mexico,,Mexico
Argentina,0,3,0,2.5,Spain,,12814,Spain,,Spain
Argentina,0,3,0,2.5,Japan,,12814,Japan,,Japan
Argentina,0,3,0,2.5,China,,12814,China,,China
Argentina,0,3,0,2.5,Kenya,,12814,Kenya,,Kenya
Argentina,0,3,0,2.5,Egypt,,12814,Egypt,,Egypt
Argentina,0,3,0,2.5,Greece,,12814,Greece,,Greece
Argentina,0,3,0,2.5,Türkiye,,12814,Türkiye,,Türkiye
Argentina,0,3,0,2.5,Lebanon,,12814,Lebanon,,Lebanon
Argentina,0,3,0,2.5,Lithuania,,12814,Lithuania,,Lithuania
Argentina,0,3,0,2.5,Argentina,,12814,Argentina,,Argentina
Argentina,0,3,0,2.5,Chile,,12814,Chile,,Chile
Argentina,0,3,0,2.5,Dominican Republic,,12814,Dominican Republic,,Dominican Republic
Argentina,0,3,0,2.5,Cuba,,12814,Cuba,,Cuba
Argentina,0,3,0,2.5,Mexico,,12814,Mexico,,Mexico
Argentina,0,3,0,2.5,Spain,,12814,Spain,,Spain
Argentina,0,3,0,2.5,Mexico,,12814,Mexico,,Mexico
Argentina,0,3,0,2.5,Saudi Arabia,,12814,Saudi Arabia,,Saudi Arabia
Argentina,0,3,0,2.5,Egypt,,12814,Egypt,,Egypt
Argentina,0,3,0,2.5,Bahrain,,12814,Bahrain,,Bahrain
Argentina,0,3,0,2.5,Comoros,,12814,Comoros,,Comoros
Argentina,0,3,0,2.5,United Arab Emirates,,12814,United Arab Emirates,,United Arab Emirates
Argentina,0,3,0,2.5,Iraq,,12814,Iraq,,Iraq
Argentina,0,3,0,2.5,Jordan,,12814,Jordan,,Jordan
Argentina,0,3,0,2.5,Kuwait,,12814,Kuwait,,Kuwait
Argentina,0,3,0,2.5,Libya,,12814,Libya,,Libya
Argentina,0,3,0,2.5,Lebanon,,12814,Lebanon,,Lebanon
Argentina,0,3,0,2.5,Morocco,,12814,Morocco,,Morocco
Argentina,0,3,0,2.5,Mauritania,,12814,Mauritania,,Mauritania
Argentina,0,3,0,2.5,Oman,,12814,Oman,,Oman
Argentina,0,3,0,2.5,Palestine,,12814,Palestine,,Palestine
Argentina,0,3,0,2.5,Qatar,,12814,Qatar,,Qatar
Argentina,0,3,0,2.5,South Sudan,,12814,South Sudan,,South Sudan
Argentina,0,3,0,2.5,Syria,,12814,Syria,,Syria
Argentina,0,3,0,2.5,Somalia,,12814,Somalia,,Somalia
Argentina,0,3,0,2.5,Tunisia,,12814,Tunisia,,Tunisia
Argentina,0,3,0,2.5,Yemen,,12814,Yemen,,Yemen
Argentina,0,3,0,2.5,Djibouti,,12814,Djibouti,,Djibouti
Argentina,0,3,0,2.5,Argentina,,12814,Argentina,,Argentina
Argentina,0,3,0,2.5,Argentina,,12814,Argentina,,Argentina
Argentina,0,3,0,2.5,Brazil,,12814,Brazil,,Brazil
Argentina,0,3,0,2.5,Brazil,,12814,Brazil,,Brazil
Argentina,0,3,0,2.5,Argentina,,12814,Argentina,,Argentina
Argentina,0,3,0,2.5,Switzerland,,12814,Switzerland,,Switzerland
Argentina,0,3,0,2.5,Argentina,,12814,Argentina,,Argentina
Argentina,0,3,0,2.5,Spain,,12814,Spain,,Spain
Argentina,0,3,0,2.5,Chile,,12814,Chile,,Chile
Argentina,0,3,0,2.5,Uruguay,,12814,Uruguay,,Uruguay
Argentina,0,3,0,2.5,Argentina,,12814,Argentina,,Argentina
Argentina,0,3,0,2.5,Canada,,12814,Canada,,Canada
Argentina,0,3,0,2.5,Brazil,,12814,Brazil,,Brazil
Argentina,0,3,0,2.5,Chile,,12814,Chile,,Chile
Argentina,0,3,0,2.5,Colombia,,12814,Colombia,,Colombia
Argentina,0,3,0,2.5,Argentina,,12814,Argentina,,Argentina
Argentina,0,3,0,2.5,Canada,,12814,Canada,,Canada
Argentina,0,3,0,2.5,Denmark,,12814,Denmark,,Denmark
Argentina,0,3,0,2.5,Australia,,12814,Australia,,Australia
Argentina,0,3,0,2.5,Bolivia,,12814,Bolivia,,Bolivia
Argentina,0,3,0,2.5,Greece,,12814,Greece,,Greece
Argentina,0,3,0,2.5,Ecuador,,12814,Ecuador,,Ecuador
Argentina,0,3,0,2.5,El Salvador,,12814,El Salvador,,El Salvador
Argentina,0,3,0,2.5,Afghanistan,,12814,Afghanistan,,Afghanistan
Argentina,0,3,0,2.5,Japan,,12814,Japan,,Japan
Argentina,0,3,0,2.5,Argentina,,12814,Argentina,,Argentina
Argentina,0,3,0,2.5,Germany,,12814,Germany,,Germany
Argentina,0,3,0,2.5,Central African Republic,,12814,Central African Republic,,Central African Republic
Argentina,0,3,0,2.5,Venezuela,,12814,Venezuela,,Venezuela
Argentina,0,3,0,2.5,Dominican Republic,,12814,Dominican Republic,,Dominican Republic
Argentina,0,3,0,2.5,Venezuela,,12814,Venezuela,,Venezuela
Argentina,0,3,0,2.5,Peru,,12814,Peru,,Peru
Argentina,0,3,0,2.5,Bolivia,,12814,Bolivia,,Bolivia
Argentina,0,3,0,2.5,Denmark,,12814,Denmark,,Denmark
Argentina,0,3,0,2.5,Morocco,,12814,Morocco,,Morocco
Argentina,0,3,0,2.5,United States,,12814,United States,,United States
Argentina,0,3,0,2.5,Finland,,12814,Finland,,Finland
Argentina,0,3,0,2.5,Sweden,,12814,Sweden,,Sweden
Argentina,0,3,0,2.5,Brazil,,12814,Brazil,,Brazil
Argentina,0,3,0,2.5,France,,12814,France,,France
Argentina,0,3,0,2.5,Uruguay,,12814,Uruguay,,Uruguay
Argentina,0,3,0,2.5,Norway,,12814,Norway,,Norway
Argentina,0,3,0,2.5,Brazil,,12814,Brazil,,Brazil
Argentina,0,3,0,2.5,Colombia,,12814,Colombia,,Colombia
Argentina,0,3,0,2.5,Uruguay,,12814,Uruguay,,Uruguay
Argentina,0,3,0,2.5,Argentina,,12814,Argentina,,Argentina
Argentina,0,3,0,2.5,Brazil,,12814,Brazil,,Brazil
Argentina,0,3,0,2.5,Central African Republic,,12814,Central African Republic,,Central African Republic
Argentina,0,3,0,2.5,Cuba,,12814,Cuba,,Cuba
Argentina,0,3,0,2.5,Argentina,,12814,Argentina,,Argentina
Argentina,0,3,0,2.5,Brazil,,12814,Brazil,,Brazil
Argentina,0,3,0,2.5,Central African Republic,,12814,Central African Republic,,Central African Republic
Argentina,0,3,0,2.5,Uruguay,,12814,Uruguay,,Uruguay
Argentina,0,3,0,2.5,Spain,,12814,Spain,,Spain
Argentina,0,3,0,2.5,Germany,,12814,Germany,,Germany
Argentina,0,3,0,2.5,China,,12814,China,,China
Argentina,0,3,0,2.5,Japan,,12814,Japan,,Japan
Argentina,0,3,0,2.5,North Korea,,12814,North Korea,,North Korea
Argentina,0,3,0,2.5,South Korea,,12814,South Korea,,South Korea
Argentina,0,3,0,2.5,France,,12814,France,,France
Argentina,0,3,0,2.5,Italy,,12814,Italy,,Italy
Argentina,0,3,0,2.5,Uruguay,,12814,Uruguay,,Uruguay
Argentina,0,3,0,2.5,Brazil,,12814,Brazil,,Brazil
Argentina,0,3,0,2.5,Mexico,,12814,Mexico,,Mexico
Argentina,0,3,0,2.5,Colombia,,12814,Colombia,,Colombia
Argentina,0,3,0,2.5,Brazil,,12814,Brazil,,Brazil
Argentina,0,3,0,2.5,Dominican Republic,,12814,Dominican Republic,,Dominican Republic
Argentina,0,3,0,2.5,Colombia,,12814,Colombia,,Colombia
Argentina,0,3,0,2.5,Cuba,,12814,Cuba,,Cuba
Argentina,0,3,0,2.5,Italy,,12814,Italy,,Italy
Argentina,0,3,0,2.5,Maldives,,12814,Maldives,,Maldives
Argentina,0,3,0,2.5,Germany,,12814,Germany,,Germany
Argentina,0,3,0,2.5,Russia,,12814,Russia,,Russia
Argentina,0,3,0,2.5,Belarus,,12814,Belarus,,Belarus
Argentina,0,3,0,2.5,Poland,,12814,Poland,,Poland
Argentina,0,3,0,2.5,Honduras,,12814,Honduras,,Honduras
Argentina,0,3,0,2.5,Norway,,12814,Norway,,Norway
Argentina,0,3,0,2.5,Brazil,,12814,Brazil,,Brazil
Argentina,0,3,0,2.5,Argentina,,12814,Argentina,,Argentina
Argentina,0,3,0,2.5,Japan,,12814,Japan,,Japan
Argentina,0,3,0,2.5,Colombia,,12814,Colombia,,Colombia
Argentina,0,3,0,2.5,Egypt,,12814,Egypt,,Egypt
Argentina,0,3,0,2.5,United States,,12814,United States,,United States
Argentina,0,3,0,2.5,Bolivia,,12814,Bolivia,,Bolivia
Argentina,0,3,0,2.5,China,,12814,China,,China
Argentina,0,3,0,2.5,Yemen,,12814,Yemen,,Yemen
Argentina,0,3,0,2.5,Brazil,,12814,Brazil,,Brazil
Argentina,0,3,0,2.5,Uruguay,,12814,Uruguay,,Uruguay
Argentina,0,3,0,2.5,Argentina,,12814,Argentina,,Argentina
Argentina,0,3,0,2.5,Italy,,12814,Italy,,Italy
Argentina,0,3,0,2.5,North Korea,,12814,North Korea,,North Korea
Argentina,0,3,0,2.5,Bahamas,,12814,Bahamas,,Bahamas
Argentina,0,3,0,2.5,Argentina,,12814,Argentina,,Argentina
Argentina,0,3,0,2.5,Argentina,,12814,Argentina,,Argentina
Argentina,0,3,0,2.5,Germany,,12814,Germany,,Germany
Argentina,0,3,0,2.5,Cuba,,12814,Cuba,,Cuba
Argentina,0,3,0,2.5,Italy,,12814,Italy,,Italy
Argentina,0,3,0,2.5,Finland,,12814,Finland,,Finland
Argentina,0,3,0,2.5,United States,,12814,United States,,United States
Argentina,0,3,0,2.5,Argentina,,12814,Argentina,,Argentina
Argentina,0,3,0,2.5,United States,,12814,United States,,United States
Argentina,0,3,0,2.5,Argentina,,12814,Argentina,,Argentina
Argentina,0,3,0,2.5,Argentina,,12814,Argentina,,Argentina
Argentina,0,3,0,2.5,Argentina,,12814,Argentina,,Argentina
Argentina,0,3,0,2.5,United States,,12814,United States,,United States
Argentina,0,3,0,2.5,Argentina,,12814,Argentina,,Argentina
Argentina,0,3,0,2.5,China,,12814,China,,China
Argentina,0,3,0,2.5,Argentina,,12814,Argentina,,Argentina
Argentina,0,3,0,2.5,Argentina,,12814,Argentina,,Argentina
Argentina,0,3,0,2.5,France,,12814,France,,France
Argentina,0,3,0,2.5,Brazil,,12814,Brazil,,Brazil
Argentina,0,3,0,2.5,Italy,,12814,Italy,,Italy
Argentina,0,3,0,2.5,Canada,,12814,Canada,,Canada
Argentina,0,3,0,2.5,Argentina,,12814,Argentina,,Argentina
Argentina,0,3,0,2.5,Colombia,,12814,Colombia,,Colombia
Argentina,0,3,0,2.5,Argentina,,12814,Argentina,,Argentina
Argentina,0,3,0,2.5,Argentina,,12814,Argentina,,Argentina
Argentina,0,3,0,2.5,Japan,,12814,Japan,,Japan
Argentina,0,3,0,2.5,Cuba,,12814,Cuba,,Cuba
Argentina,0,3,0,2.5,Antigua and Barbuda,,12814,Antigua and Barbuda,,Antigua and Barbuda
Argentina,0,3,0,2.5,Bolivia,,12814,Bolivia,,Bolivia
Argentina,0,3,0,2.5,Uruguay,,12814,Uruguay,,Uruguay
Argentina,0,3,0,2.5,Chile,,12814,Chile,,Chile
Argentina,0,3,0,2.5,Australia,,12814,Australia,,Australia
Argentina,0,3,0,2.5,Uruguay,,12814,Uruguay,,Uruguay
Argentina,0,3,0,2.5,India,,12814,India,,India
Argentina,0,3,0,2.5,Argentina,,12814,Argentina,,Argentina
Argentina,0,3,0,2.5,Dominican Republic,,12814,Dominican Republic,,Dominican Republic
Argentina,0,3,0,2.5,Argentina,,12814,Argentina,,Argentina
Argentina,0,3,0,2.5,Brazil,,12814,Brazil,,Brazil
Argentina,0,3,0,2.5,Argentina,,12814,Argentina,,Argentina
Argentina,0,3,0,2.5,Brazil,,12814,Brazil,,Brazil
Argentina,0,3,0,2.5,Canada,,12814,Canada,,Canada
Argentina,0,3,0,2.5,Argentina,,12814,Argentina,,Argentina
Argentina,0,3,0,2.5,Jamaica,,12814,Jamaica,,Jamaica
Argentina,0,3,0,2.5,Canada,,12814,Canada,,Canada
Argentina,0,3,0,2.5,Ukraine,,12814,Ukraine,,Ukraine
Argentina,0,3,0,2.5,Brazil,,12814,Brazil,,Brazil
Argentina,0,3,0,2.5,Brazil,,12814,Brazil,,Brazil
Argentina,0,3,0,2.5,Costa Rica,,12814,Costa Rica,,Costa Rica
Argentina,0,3,0,2.5,Cuba,,12814,Cuba,,Cuba
Argentina,0,3,0,2.5,Dominican Republic,,12814,Dominican Republic,,Dominican Republic
Argentina,0,3,0,2.5,Mexico,,12814,Mexico,,Mexico
Argentina,0,3,0,2.5,Argentina,,12814,Argentina,,Argentina
Argentina,0,3,0,2.5,Brazil,,12814,Brazil,,Brazil
Argentina,0,3,0,2.5,Brazil,,12814,Brazil,,Brazil
Argentina,0,3,0,2.5,Dominican Republic,,12814,Dominican Republic,,Dominican Republic
Argentina,0,3,0,2.5,Iran,,12814,Iran,,Iran
Argentina,0,3,0,2.5,Peru,,12814,Peru,,Peru
Argentina,0,3,0,2.5,Colombia,,12814,Colombia,,Colombia
Argentina,0,3,0,2.5,Argentina,,12814,Argentina,,Argentina
Argentina,0,3,0,2.5,China,,12814,China,,China
Argentina,0,3,0,2.5,Bolivia,,12814,Bolivia,,Bolivia
Argentina,0,3,0,2.5,Australia,,12814,Australia,,Australia
Argentina,0,3,0,2.5,Brazil,,12814,Brazil,,Brazil
Argentina,0,3,0,2.5,United Kingdom,,12814,United Kingdom,,United Kingdom
Argentina,0,3,0,2.5,Argentina,,12814,Argentina,,Argentina
Argentina,0,3,0,2.5,Argentina,,12814,Argentina,,Argentina
Argentina,0,3,0,2.5,Brazil,,12814,Brazil,,Brazil
Argentina,0,3,0,2.5,Brazil,,12814,Brazil,,Brazil
Argentina,0,3,0,2.5,Canada,,12814,Canada,,Canada
Argentina,0,3,0,2.5,China,,12814,China,,China
Argentina,0,3,0,2.5,Albania,,12814,Albania,,Albania
Argentina,0,3,0,2.5,Austria,,12814,Austria,,Austria
Argentina,0,3,0,2.5,Canada,,12814,Canada,,Canada
Argentina,0,3,0,2.5,Denmark,,12814,Denmark,,Denmark
Argentina,0,3,0,2.5,Brazil,,12814,Brazil,,Brazil
Argentina,0,3,0,2.5,Canada,,12814,Canada,,Canada
Argentina,0,3,0,2.5,Argentina,,12814,Argentina,,Argentina
Argentina,0,3,0,2.5,Iraq,,12814,Iraq,,Iraq
Argentina,0,3,0,2.5,Bahrain,,12814,Bahrain,,Bahrain
Argentina,0,3,0,2.5,Colombia,,12814,Colombia,,Colombia
Argentina,0,3,0,2.5,Portugal,,12814,Portugal,,Portugal
Argentina,0,3,0,2.5,Ukraine,,12814,Ukraine,,Ukraine
Argentina,0,3,0,2.5,Argentina,,12814,Argentina,,Argentina
Argentina,0,3,0,2.5,United Kingdom,,12814,United Kingdom,,United Kingdom
Argentina,0,3,0,2.5,Argentina,,12814,Argentina,,Argentina
Argentina,0,3,0,2.5,Japan,,12814,Japan,,Japan
Argentina,0,3,0,2.5,United States,,12814,United States,,United States
Argentina,0,3,0,2.5,Argentina,,12814,Argentina,,Argentina
Argentina,0,3,0,2.5,Indonesia,,12814,Indonesia,,Indonesia
Argentina,0,3,0,2.5,Singapore,,12814,Singapore,,Singapore
Argentina,0,3,0,2.5,New Zealand,,12814,New Zealand,,New Zealand
Argentina,0,3,0,2.5,United States,,12814,United States,,United States
Argentina,0,3,0,2.5,Argentina,,12814,Argentina,,Argentina
Argentina,0,3,0,2.5,Argentina,,12814,Argentina,,Argentina
Argentina,0,3,0,2.5,Argentina,,12814,Argentina,,Argentina
Argentina,0,3,0,2.5,Morocco,,12814,Morocco,,Morocco
Argentina,0,3,0,2.5,Argentina,,12814,Argentina,,Argentina
Argentina,0,3,0,2.5,Bolivia,,12814,Bolivia,,Bolivia
Argentina,0,3,0,2.5,Argentina,,12814,Argentina,,Argentina
Argentina,0,3,0,2.5,China,,12814,China,,China
Argentina,0,3,0,2.5,Argentina,,12814,Argentina,,Argentina
Argentina,0,3,0,2.5,Argentina,,12814,Argentina,,Argentina
Argentina,0,3,0,2.5,Dominican Republic,,12814,Dominican Republic,,Dominican Republic
Argentina,0,3,0,2.5,Argentina,,12814,Argentina,,Argentina
Argentina,0,3,0,2.5,Argentina,,12814,Argentina,,Argentina
Argentina,0,3,0,2.5,Argentina,,12814,Argentina,,Argentina
Argentina,0,3,0,2.5,Argentina,,12814,Argentina,,Argentina
Argentina,0,3,0,2.5,Argentina,,12814,Argentina,,Argentina
Argentina,0,3,0,2.5,Argentina,,12814,Argentina,,Argentina
Argentina,0,3,0,2.5,Venezuela,,12814,Venezuela,,Venezuela
Argentina,0,3,0,2.5,Brazil,,12814,Brazil,,Brazil
Argentina,0,3,0,2.5,Argentina,,12814,Argentina,,Argentina
Argentina,0,3,0,2.5,Peru,,12814,Peru,,Peru
Argentina,0,3,0,2.5,Argentina,,12814,Argentina,,Argentina
Argentina,0,3,0,2.5,Türkiye,,12814,Türkiye,,Türkiye
Argentina,0,3,0,2.5,Brazil,,12814,Brazil,,Brazil
Argentina,0,3,0,2.5,Argentina,,12814,Argentina,,Argentina
Argentina,0,3,0,2.5,Argentina,,12814,Argentina,,Argentina
Argentina,0,3,0,2.5,Peru,,12814,Peru,,Peru
Argentina,0,3,0,2.5,France,,12814,France,,France
Argentina,0,3,0,2.5,Brazil,,12814,Brazil,,Brazil
Argentina,0,3,0,2.5,Brazil,,12814,Brazil,,Brazil
Argentina,0,3,0,2.5,Antigua and Barbuda,,12814,Antigua and Barbuda,,Antigua and Barbuda
Argentina,0,3,0,2.5,Mexico,,12814,Mexico,,Mexico
Argentina,0,3,0,2.5,Afghanistan,,12814,Afghanistan,,Afghanistan
Argentina,0,3,0,2.5,Russia,,12814,Russia,,Russia
Argentina,0,3,0,2.5,Australia,,12814,Australia,,Australia
Argentina,0,3,0,2.5,Argentina,,12814,Argentina,,Argentina
Argentina,0,3,0,2.5,Mexico,,12814,Mexico,,Mexico
Argentina,0,3,0,2.5,United States,,12814,United States,,United States
Argentina,0,3,0,2.5,Argentina,,12814,Argentina,,Argentina
Argentina,0,3,0,2.5,Argentina,,12814,Argentina,,Argentina
Argentina,0,3,0,2.5,Algeria,,12814,Algeria,,Algeria
Argentina,0,3,0,2.5,Benin,,12814,Benin,,Benin
Argentina,0,3,0,2.5,Argentina,,12814,Argentina,,Argentina
Argentina,0,3,0,2.5,Argentina,,12814,Argentina,,Argentina
Argentina,0,3,0,2.5,Argentina,,12814,Argentina,,Argentina
Argentina,0,3,0,2.5,Palestine,,12814,Palestine,,Palestine
Argentina,0,3,0,2.5,Russia,,12814,Russia,,Russia
Argentina,0,3,0,2.5,Argentina,,12814,Argentina,,Argentina
Argentina,0,3,0,2.5,Spain,,12814,Spain,,Spain
Argentina,0,3,0,2.5,Mexico,,12814,Mexico,,Mexico
Argentina,0,3,0,2.5,Brazil,,12814,Brazil,,Brazil
Argentina,0,3,0,2.5,United States,,12814,United States,,United States
Argentina,0,3,0,2.5,Japan,,12814,Japan,,Japan
Argentina,0,3,0,2.5,Finland,,12814,Finland,,Finland
Argentina,0,3,0,2.5,Argentina,,12814,Argentina,,Argentina
Argentina,0,3,0,2.5,Argentina,,12814,Argentina,,Argentina
Argentina,0,3,0,2.5,Brazil,,12814,Brazil,,Brazil
Argentina,0,3,0,2.5,Bolivia,,12814,Bolivia,,Bolivia
Argentina,0,3,0,2.5,Argentina,,12814,Argentina,,Argentina
Argentina,0,3,0,2.5,Argentina,,12814,Argentina,,Argentina
Argentina,0,3,0,2.5,Argentina,,12814,Argentina,,Argentina
Argentina,0,3,0,2.5,Argentina,,12814,Argentina,,Argentina
Argentina,0,3,0,2.5,Argentina,,12814,Argentina,,Argentina
Argentina,0,3,0,2.5,Brazil,,12814,Brazil,,Brazil
Argentina,0,3,0,2.5,Armenia,,12814,Armenia,,Armenia
Argentina,0,3,0,2.5,Argentina,,12814,Argentina,,Argentina
Argentina,0,3,0,2.5,Argentina,,12814,Argentina,,Argentina
Argentina,0,3,0,2.5,Chile,,12814,Chile,,Chile
Argentina,0,3,0,2.5,Australia,,12814,Australia,,Australia
Argentina,0,3,0,2.5,Argentina,,12814,Argentina,,Argentina
Argentina,0,3,0,2.5,Argentina,,12814,Argentina,,Argentina
Argentina,0,3,0,2.5,Haiti,,12814,Haiti,,Haiti
Argentina,0,3,0,2.5,Bahamas,,12814,Bahamas,,Bahamas
Argentina,0,3,0,2.5,Brazil,,12814,Brazil,,Brazil
Argentina,0,3,0,2.5,France,,12814,France,,France
Argentina,0,3,0,2.5,Greece,,12814,Greece,,Greece
Argentina,0,3,0,2.5,Japan,,12814,Japan,,Japan
Argentina,0,3,0,2.5,Bolivia,,12814,Bolivia,,Bolivia
Argentina,0,3,0,2.5,Peru,,12814,Peru,,Peru
Argentina,0,3,0,2.5,Argentina,,12814,Argentina,,Argentina
Argentina,0,3,0,2.5,Brazil,,12814,Brazil,,Brazil
Argentina,0,3,0,2.5,Andorra,,12814,Andorra,,Andorra
Argentina,0,3,0,2.5,Brazil,,12814,Brazil,,Brazil
Argentina,0,3,0,2.5,Argentina,,12814,Argentina,,Argentina
Argentina,0,3,0,2.5,Argentina,,12814,Argentina,,Argentina
Argentina,0,3,0,2.5,Brazil,,12814,Brazil,,Brazil
Argentina,0,3,0,2.5,Italy,,12814,Italy,,Italy
Argentina,0,3,0,2.5,Denmark,,12814,Denmark,,Denmark
Argentina,0,3,0,2.5,China,,12814,China,,China
Argentina,0,3,0,2.5,Chile,,12814,Chile,,Chile
Argentina,0,3,0,2.5,Russia,,12814,Russia,,Russia
Argentina,0,3,0,2.5,Croatia,,12814,Croatia,,Croatia
Argentina,0,3,0,2.5,Italy,,12814,Italy,,Italy
Argentina,0,3,0,2.5,Argentina,,12814,Argentina,,Argentina
Argentina,0,3,0,2.5,Paraguay,,12814,Paraguay,,Paraguay
Argentina,0,3,0,2.5,Argentina,,12814,Argentina,,Argentina
Argentina,0,3,0,2.5,Uruguay,,12814,Uruguay,,Uruguay
Argentina,0,3,0,2.5,Egypt,,12814,Egypt,,Egypt
Argentina,0,3,0,2.5,Paraguay,,12814,Paraguay,,Paraguay
Argentina,0,3,0,2.5,Argentina,,12814,Argentina,,Argentina
Argentina,0,3,0,2.5,Colombia,,12814,Colombia,,Colombia
Argentina,0,3,0,2.5,Egypt,,12814,Egypt,,Egypt
Argentina,0,3,0,2.5,Argentina,,12814,Argentina,,Argentina
Argentina,0,3,0,2.5,Argentina,,12814,Argentina,,Argentina
Argentina,0,3,0,2.5,Argentina,,12814,Argentina,,Argentina
Argentina,0,3,0,2.5,Argentina,,12814,Argentina,,Argentina
Argentina,0,3,0,2.5,Argentina,,12814,Argentina,,Argentina
Argentina,0,3,0,2.5,Brazil,,12814,Brazil,,Brazil
Argentina,0,3,0,2.5,Colombia,,12814,Colombia,,Colombia
Argentina,0,3,0,2.5,Mexico,,12814,Mexico,,Mexico
Argentina,0,3,0,2.5,Argentina,,12814,Argentina,,Argentina
Argentina,0,3,0,2.5,Argentina,,12814,Argentina,,Argentina
Argentina,0,3,0,2.5,Argentina,,12814,Argentina,,Argentina
Argentina,0,3,0,2.5,Argentina,,12814,Argentina,,Argentina
Argentina,0,3,0,2.5,Brazil,,12814,Brazil,,Brazil
Argentina,0,3,0,2.5,Colombia,,12814,Colombia,,Colombia
Argentina,0,3,0,2.5,Mexico,,12814,Mexico,,Mexico
Argentina,0,3,0,2.5,Argentina,,12814,Argentina,,Argentina
Argentina,0,3,0,2.5,Argentina,,12814,Argentina,,Argentina
Argentina,0,3,0,2.5,Argentina,,12814,Argentina,,Argentina
Argentina,0,3,0,2.5,Brazil,,12814,Brazil,,Brazil
Argentina,0,3,0,2.5,Colombia,,12814,Colombia,,Colombia
Argentina,0,3,0,2.5,Mexico,,12814,Mexico,,Mexico
Argentina,0,3,0,2.5,United States,,12814,United States,,United States
Argentina,0,3,0,2.5,Argentina,,12814,Argentina,,Argentina
Argentina,0,3,0,2.5,Cameroon,,12814,Cameroon,,Cameroon
Argentina,0,3,0,2.5,Argentina,,12814,Argentina,,Argentina
Argentina,0,3,0,2.5,Argentina,,12814,Argentina,,Argentina
Argentina,0,3,0,2.5,Argentina,,12814,Argentina,,Argentina
Argentina,0,3,0,2.5,Argentina,,12814,Argentina,,Argentina
Argentina,0,3,0,2.5,Argentina,,12814,Argentina,,Argentina
Argentina,0,3,0,2.5,Brazil,,12814,Brazil,,Brazil
Argentina,0,3,0,2.5,France,,12814,France,,France
Argentina,0,3,0,2.5,Argentina,,12814,Argentina,,Argentina
Argentina,0,3,0,2.5,Colombia,,12814,Colombia,,Colombia
Argentina,0,3,0,2.5,Argentina,,12814,Argentina,,Argentina
Argentina,0,3,0,2.5,Argentina,,12814,Argentina,,Argentina
Argentina,0,3,0,2.5,Argentina,,12814,Argentina,,Argentina
Argentina,0,3,0,2.5,Cuba,,12814,Cuba,,Cuba
Argentina,0,3,0,2.5,Paraguay,,12814,Paraguay,,Paraguay
Argentina,0,3,0,2.5,Peru,,12814,Peru,,Peru
Argentina,0,3,0,2.5,Japan,,12814,Japan,,Japan
Argentina,0,3,0,2.5,Sweden,,12814,Sweden,,Sweden
Argentina,0,3,0,2.5,Germany,,12814,Germany,,Germany
Argentina,0,3,0,2.5,Japan,,12814,Japan,,Japan
Argentina,0,3,0,2.5,Brazil,,12814,Brazil,,Brazil
Argentina,0,3,0,2.5,Brazil,,12814,Brazil,,Brazil
Argentina,0,3,0,2.5,China,,12814,China,,China
Argentina,0,3,0,2.5,Brazil,,12814,Brazil,,Brazil
Argentina,0,3,0,2.5,Türkiye,,12814,Türkiye,,Türkiye
Argentina,0,3,0,2.5,Brazil,,12814,Brazil,,Brazil
Argentina,0,3,0,2.5,China,,12814,China,,China
Argentina,0,3,0,2.5,Japan,,12814,Japan,,Japan
Argentina,0,3,0,2.5,Venezuela,,12814,Venezuela,,Venezuela
Argentina,0,3,0,2.5,Saudi Arabia,,12814,Saudi Arabia,,Saudi Arabia
Argentina,0,3,0,2.5,Congo Republic,,12814,Congo Republic,,Congo Republic
Argentina,0,3,0,2.5,Italy,,12814,Italy,,Italy
Argentina,0,3,0,2.5,France,,12814,France,,France
Argentina,0,3,0,2.5,Spain,,12814,Spain,,Spain
Argentina,0,3,0,2.5,United Kingdom,,12814,United Kingdom,,United Kingdom
Argentina,0,3,0,2.5,Brazil,,12814,Brazil,,Brazil
Argentina,0,3,0,2.5,United States,,12814,United States,,United States
Argentina,0,3,0,2.5,Italy,,12814,Italy,,Italy
Argentina,0,3,0,2.5,Argentina,,12814,Argentina,,Argentina
Argentina,0,3,0,2.5,China,,12814,China,,China
Argentina,0,3,0,2.5,Argentina,,12814,Argentina,,Argentina
Argentina,0,3,0,2.5,Peru,,12814,Peru,,Peru
Argentina,0,3,0,2.5,Angola,,12814,Angola,,Angola
Argentina,0,3,0,2.5,Argentina,,12814,Argentina,,Argentina
Argentina,0,3,0,2.5,United States,,12814,United States,,United States
Argentina,0,3,0,2.5,Finland,,12814,Finland,,Finland
Argentina,0,3,0,2.5,Brazil,,12814,Brazil,,Brazil
Argentina,0,3,0,2.5,Brazil,,12814,Brazil,,Brazil
Argentina,0,3,0,2.5,Bolivia,,12814,Bolivia,,Bolivia
Argentina,0,3,0,2.5,Finland,,12814,Finland,,Finland
Argentina,0,3,0,2.5,Belgium,,12814,Belgium,,Belgium
Argentina,0,3,0,2.5,Canada,,12814,Canada,,Canada
Argentina,0,3,0,2.5,Central African Republic,,12814,Central African Republic,,Central African Republic
Argentina,0,3,0,2.5,Argentina,,12814,Argentina,,Argentina
Argentina,0,3,0,2.5,Netherlands,,12814,Netherlands,,Netherlands
Argentina,0,3,0,2.5,DR Congo,,12814,DR Congo,,DR Congo
Argentina,0,3,0,2.5,Norway,,12814,Norway,,Norway
Argentina,0,3,0,2.5,Morocco,,12814,Morocco,,Morocco
Argentina,0,3,0,2.5,Italy,,12814,Italy,,Italy
Argentina,0,3,0,2.5,Austria,,12814,Austria,,Austria
Argentina,0,3,0,2.5,Cuba,,12814,Cuba,,Cuba
Argentina,0,3,0,2.5,United Kingdom,,12814,United Kingdom,,United Kingdom
Argentina,0,3,0,2.5,Brazil,,12814,Brazil,,Brazil
Argentina,0,3,0,2.5,Argentina,,12814,Argentina,,Argentina
Argentina,0,3,0,2.5,Bolivia,,12814,Bolivia,,Bolivia
Argentina,0,3,0,2.5,Brazil,,12814,Brazil,,Brazil
Argentina,0,3,0,2.5,Cuba,,12814,Cuba,,Cuba
Argentina,0,3,0,2.5,Sweden,,12814,Sweden,,Sweden
Argentina,0,3,0,2.5,Paraguay,,12814,Paraguay,,Paraguay
Argentina,0,3,0,2.5,Argentina,,12814,Argentina,,Argentina
Argentina,0,3,0,2.5,Venezuela,,12814,Venezuela,,Venezuela
Argentina,0,3,0,2.5,Israel,,12814,Israel,,Israel
Argentina,0,3,0,2.5,Colombia,,12814,Colombia,,Colombia
Argentina,0,3,0,2.5,Argentina,,12814,Argentina,,Argentina
Argentina,0,3,0,2.5,Brazil,,12814,Brazil,,Brazil
Argentina,0,3,0,2.5,Guyana,,12814,Guyana,,Guyana
Argentina,0,3,0,2.5,Belgium,,12814,Belgium,,Belgium
Argentina,0,3,0,2.5,Brazil,,12814,Brazil,,Brazil
Argentina,0,3,0,2.5,United States,,12814,United States,,United States
Argentina,0,3,0,2.5,Argentina,,12814,Argentina,,Argentina
Argentina,0,3,0,2.5,Brazil,,12814,Brazil,,Brazil
Argentina,0,3,0,2.5,United States,,12814,United States,,United States
Argentina,0,3,0,2.5,China,,12814,China,,China
Argentina,0,3,0,2.5,Brazil,,12814,Brazil,,Brazil
Argentina,0,3,0,2.5,Mexico,,12814,Mexico,,Mexico
Argentina,0,3,0,2.5,Bolivia,,12814,Bolivia,,Bolivia
Argentina,0,3,0,2.5,Uruguay,,12814,Uruguay,,Uruguay
Argentina,0,3,0,2.5,China,,12814,China,,China
Argentina,0,3,0,2.5,Argentina,,12814,Argentina,,Argentina
Argentina,0,3,0,2.5,Peru,,12814,Peru,,Peru
Argentina,0,3,0,2.5,Argentina,,12814,Argentina,,Argentina
Argentina,0,3,0,2.5,Spain,,12814,Spain,,Spain
Argentina,0,3,0,2.5,Angola,,12814,Angola,,Angola
Argentina,0,3,0,2.5,Denmark,,12814,Denmark,,Denmark
Argentina,0,3,0,2.5,Italy,,12814,Italy,,Italy
Argentina,0,3,0,2.5,Spain,,12814,Spain,,Spain
Argentina,0,3,0,2.5,Argentina,,12814,Argentina,,Argentina
Argentina,0,3,0,2.5,Argentina,,12814,Argentina,,Argentina
Argentina,0,3,0,2.5,Chile,,12814,Chile,,Chile
Argentina,0,3,0,2.5,Brazil,,12814,Brazil,,Brazil
Argentina,0,3,0,2.5,Colombia,,12814,Colombia,,Colombia
Argentina,0,3,0,2.5,Mexico,,12814,Mexico,,Mexico
Argentina,0,3,0,2.5,Cuba,,12814,Cuba,,Cuba
Argentina,0,3,0,2.5,Dominican Republic,,12814,Dominican Republic,,Dominican Republic
Argentina,0,3,0,2.5,Argentina,,12814,Argentina,,Argentina
Argentina,0,3,0,2.5,Ukraine,,12814,Ukraine,,Ukraine
Argentina,0,3,0,2.5,Argentina,,12814,Argentina,,Argentina
Argentina,0,3,0,2.5,Argentina,,12814,Argentina,,Argentina
Argentina,0,3,0,2.5,Argentina,,12814,Argentina,,Argentina
Argentina,0,3,0,2.5,Argentina,,12814,Argentina,,Argentina
Argentina,0,3,0,2.5,Argentina,,12814,Argentina,,Argentina
Argentina,0,3,0,2.5,Argentina,,12814,Argentina,,Argentina
Argentina,0,3,0,2.5,Cuba,,12814,Cuba,,Cuba
Argentina,0,3,0,2.5,Mexico,,12814,Mexico,,Mexico
Argentina,0,3,0,2.5,Germany,,12814,Germany,,Germany
Argentina,0,3,0,2.5,Russia,,12814,Russia,,Russia
Argentina,0,3,0,2.5,United States,,12814,United States,,United States
Argentina,0,3,0,2.5,Iceland,,12814,Iceland,,Iceland
Argentina,0,3,0,2.5,Norway,,12814,Norway,,Norway
Argentina,0,3,0,2.5,Serbia,,12814,Serbia,,Serbia
Argentina,0,3,0,2.5,Ukraine,,12814,Ukraine,,Ukraine
Argentina,0,3,0,2.5,Poland,,12814,Poland,,Poland
Argentina,0,3,0,2.5,Canada,,12814,Canada,,Canada
Argentina,0,3,0,2.5,Germany,,12814,Germany,,Germany
Argentina,0,3,0,2.5,Sweden,,12814,Sweden,,Sweden
Argentina,0,3,0,2.5,Switzerland,,12814,Switzerland,,Switzerland
Argentina,0,3,0,2.5,Singapore,,12814,Singapore,,Singapore
Argentina,0,3,0,2.5,Jamaica,,12814,Jamaica,,Jamaica
Argentina,0,3,0,2.5,Cuba,,12814,Cuba,,Cuba
Argentina,0,3,0,2.5,Dominican Republic,,12814,Dominican Republic,,Dominican Republic
Argentina,0,3,0,2.5,Trinidad and Tobago,,12814,Trinidad and Tobago,,Trinidad and Tobago
Argentina,0,3,0,2.5,Brazil,,12814,Brazil,,Brazil
Argentina,0,3,0,2.5,Colombia,,12814,Colombia,,Colombia
Argentina,0,3,0,2.5,Cuba,,12814,Cuba,,Cuba
Argentina,0,3,0,2.5,Canada,,12814,Canada,,Canada
Argentina,0,3,0,2.5,New Zealand,,12814,New Zealand,,New Zealand
Argentina,0,3,0,2.5,Finland,,12814,Finland,,Finland
Argentina,0,3,0,2.5,Costa Rica,,12814,Costa Rica,,Costa Rica
Argentina,0,3,0,2.5,Brazil,,12814,Brazil,,Brazil
Argentina,0,3,0,2.5,Argentina,,12814,Argentina,,Argentina
Argentina,0,3,0,2.5,Paraguay,,12814,Paraguay,,Paraguay
Argentina,0,3,0,2.5,Bolivia,,12814,Bolivia,,Bolivia
Argentina,0,3,0,2.5,Brazil,,12814,Brazil,,Brazil
Argentina,0,3,0,2.5,Colombia,,12814,Colombia,,Colombia
Argentina,0,3,0,2.5,Italy,,12814,Italy,,Italy
Argentina,0,3,0,2.5,Spain,,12814,Spain,,Spain
Argentina,0,3,0,2.5,Greece,,12814,Greece,,Greece
Argentina,0,3,0,2.5,Italy,,12814,Italy,,Italy
Argentina,0,3,0,2.5,Egypt,,12814,Egypt,,Egypt
Argentina,0,3,0,2.5,China,,12814,China,,China
Argentina,0,3,0,2.5,United Kingdom,,12814,United Kingdom,,United Kingdom
Argentina,0,3,0,2.5,Brazil,,12814,Brazil,,Brazil
Argentina,0,3,0,2.5,United States,,12814,United States,,United States
Argentina,0,3,0,2.5,Argentina,,12814,Argentina,,Argentina
Argentina,0,3,0,2.5,Spain,,12814,Spain,,Spain
Argentina,0,3,0,2.5,Jamaica,,12814,Jamaica,,Jamaica
Argentina,0,3,0,2.5,Kenya,,12814,Kenya,,Kenya
Argentina,0,3,0,2.5,Morocco,,12814,Morocco,,Morocco
Argentina,0,3,0,2.5,Saudi Arabia,,12814,Saudi Arabia,,Saudi Arabia
Argentina,0,3,0,2.5,United Arab Emirates,,12814,United Arab Emirates,,United Arab Emirates
Argentina,0,3,0,2.5,Jordan,,12814,Jordan,,Jordan
Argentina,0,3,0,2.5,Saudi Arabia,,12814,Saudi Arabia,,Saudi Arabia
Argentina,0,3,0,2.5,Russia,,12814,Russia,,Russia
Argentina,0,3,0,2.5,Iraq,,12814,Iraq,,Iraq
Argentina,0,3,0,2.5,Venezuela,,12814,Venezuela,,Venezuela
Argentina,0,3,0,2.5,Saudi Arabia,,12814,Saudi Arabia,,Saudi Arabia
Argentina,0,3,0,2.5,Egypt,,12814,Egypt,,Egypt
Argentina,0,3,0,2.5,United Arab Emirates,,12814,United Arab Emirates,,United Arab Emirates
Argentina,0,3,0,2.5,Jordan,,12814,Jordan,,Jordan
Argentina,0,3,0,2.5,Morocco,,12814,Morocco,,Morocco
Argentina,0,3,0,2.5,Bolivia,,12814,Bolivia,,Bolivia
Argentina,0,3,0,2.5,Azerbaijan,,12814,Azerbaijan,,Azerbaijan
Argentina,0,3,0,2.5,Argentina,,12814,Argentina,,Argentina
Argentina,0,3,0,2.5,Argentina,,12814,Argentina,,Argentina
Argentina,0,3,0,2.5,Argentina,,12814,Argentina,,Argentina
Argentina,0,3,0,2.5,Argentina,,12814,Argentina,,Argentina
Argentina,0,3,0,2.5,Argentina,,12814,Argentina,,Argentina
Argentina,0,3,0,2.5,Argentina,,12814,Argentina,,Argentina
Argentina,0,3,0,2.5,Greece,,12814,Greece,,Greece
Argentina,0,3,0,2.5,Mexico,,12814,Mexico,,Mexico
Argentina,0,3,0,2.5,Argentina,,12814,Argentina,,Argentina
Argentina,0,3,0,2.5,Brazil,,12814,Brazil,,Brazil
Argentina,0,3,0,2.5,Cuba,,12814,Cuba,,Cuba
Argentina,0,3,0,2.5,Russia,,12814,Russia,,Russia
Argentina,0,3,0,2.5,Argentina,,12814,Argentina,,Argentina
Argentina,0,3,0,2.5,Colombia,,12814,Colombia,,Colombia
Argentina,0,3,0,2.5,Argentina,,12814,Argentina,,Argentina
Argentina,0,3,0,2.5,Canada,,12814,Canada,,Canada
Argentina,0,3,0,2.5,Argentina,,12814,Argentina,,Argentina
Argentina,0,3,0,2.5,Argentina,,12814,Argentina,,Argentina
Argentina,0,3,0,2.5,Colombia,,12814,Colombia,,Colombia
Argentina,0,3,0,2.5,Mexico,,12814,Mexico,,Mexico
Argentina,0,3,0,2.5,Argentina,,12814,Argentina,,Argentina
Argentina,0,3,0,2.5,Brazil,,12814,Brazil,,Brazil
Argentina,0,3,0,2.5,Colombia,,12814,Colombia,,Colombia
Argentina,0,3,0,2.5,Bahrain,,12814,Bahrain,,Bahrain
Argentina,0,3,0,2.5,Argentina,,12814,Argentina,,Argentina
Argentina,0,3,0,2.5,Colombia,,12814,Colombia,,Colombia
Argentina,0,3,0,2.5,Brazil,,12814,Brazil,,Brazil
Argentina,0,3,0,2.5,Russia,,12814,Russia,,Russia
Argentina,0,3,0,2.5,Colombia,,12814,Colombia,,Colombia
Argentina,0,3,0,2.5,Japan,,12814,Japan,,Japan
Argentina,0,3,0,2.5,Argentina,,12814,Argentina,,Argentina
Argentina,0,3,0,2.5,Armenia,,12814,Armenia,,Armenia
Argentina,0,3,0,2.5,Senegal,,12814,Senegal,,Senegal
Argentina,0,3,0,2.5,Argentina,,12814,Argentina,,Argentina
Argentina,0,3,0,2.5,Japan,,12814,Japan,,Japan
Argentina,0,3,0,2.5,Argentina,,12814,Argentina,,Argentina
Argentina,0,3,0,2.5,Japan,,12814,Japan,,Japan
Argentina,0,3,0,2.5,Brazil,,12814,Brazil,,Brazil
Argentina,0,3,0,2.5,Argentina,,12814,Argentina,,Argentina
Argentina,0,3,0,2.5,Argentina,,12814,Argentina,,Argentina
Argentina,0,3,0,2.5,Argentina,,12814,Argentina,,Argentina
Argentina,0,3,0,2.5,Argentina,,12814,Argentina,,Argentina
Argentina,0,3,0,2.5,Bahrain,,12814,Bahrain,,Bahrain
Argentina,0,3,0,2.5,Bahrain,,12814,Bahrain,,Bahrain
Argentina,0,3,0,2.5,Argentina,,12814,Argentina,,Argentina
Argentina,0,3,0,2.5,Brazil,,12814,Brazil,,Brazil
Argentina,0,3,0,2.5,Afghanistan,,12814,Afghanistan,,Afghanistan
Argentina,0,3,0,2.5,Argentina,,12814,Argentina,,Argentina
Argentina,0,3,0,2.5,Belarus,,12814,Belarus,,Belarus
Argentina,0,3,0,2.5,Bolivia,,12814,Bolivia,,Bolivia
Argentina,0,3,0,2.5,Mexico,,12814,Mexico,,Mexico
Argentina,0,3,0,2.5,Dominican Republic,,12814,Dominican Republic,,Dominican Republic
Argentina,0,3,0,2.5,Argentina,,12814,Argentina,,Argentina
Argentina,0,3,0,2.5,Brazil,,12814,Brazil,,Brazil
Argentina,0,3,0,2.5,Brazil,,12814,Brazil,,Brazil
Argentina,0,3,0,2.5,Costa Rica,,12814,Costa Rica,,Costa Rica
Argentina,0,3,0,2.5,Brazil,,12814,Brazil,,Brazil
Argentina,0,3,0,2.5,Bolivia,,12814,Bolivia,,Bolivia
Argentina,0,3,0,2.5,Egypt,,12814,Egypt,,Egypt
Argentina,0,3,0,2.5,Japan,,12814,Japan,,Japan
Argentina,0,3,0,2.5,Brazil,,12814,Brazil,,Brazil
Argentina,0,3,0,2.5,Paraguay,,12814,Paraguay,,Paraguay
Argentina,0,3,0,2.5,Brazil,,12814,Brazil,,Brazil
Argentina,0,3,0,2.5,Uruguay,,12814,Uruguay,,Uruguay
Argentina,0,3,0,2.5,Paraguay,,12814,Paraguay,,Paraguay
Argentina,0,3,0,2.5,Brazil,,12814,Brazil,,Brazil
Argentina,0,3,0,2.5,Argentina,,12814,Argentina,,Argentina
Argentina,0,3,0,2.5,Uruguay,,12814,Uruguay,,Uruguay
Argentina,0,3,0,2.5,Argentina,,12814,Argentina,,Argentina
Argentina,0,3,0,2.5,Argentina,,12814,Argentina,,Argentina
Argentina,0,3,0,2.5,Argentina,,12814,Argentina,,Argentina
Argentina,0,3,0,2.5,Italy,,12814,Italy,,Italy
Argentina,0,3,0,2.5,Brazil,,12814,Brazil,,Brazil
Argentina,0,3,0,2.5,United States,,12814,United States,,United States
Argentina,0,3,0,2.5,Israel,,12814,Israel,,Israel
Argentina,0,3,0,2.5,Germany,,12814,Germany,,Germany
Argentina,0,3,0,2.5,South Africa,,12814,South Africa,,South Africa
Argentina,0,3,0,2.5,Uruguay,,12814,Uruguay,,Uruguay
Argentina,0,3,0,2.5,Australia,,12814,Australia,,Australia
Argentina,0,3,0,2.5,Antigua and Barbuda,,12814,Antigua and Barbuda,,Antigua and Barbuda
Argentina,0,3,0,2.5,Argentina,,12814,Argentina,,Argentina
Argentina,0,3,0,2.5,Bulgaria,,12814,Bulgaria,,Bulgaria
Argentina,0,3,0,2.5,Portugal,,12814,Portugal,,Portugal
Argentina,0,3,0,2.5,Uruguay,,12814,Uruguay,,Uruguay
Argentina,0,3,0,2.5,Bolivia,,12814,Bolivia,,Bolivia
Argentina,0,3,0,2.5,Peru,,12814,Peru,,Peru
Argentina,0,3,0,2.5,United States,,12814,United States,,United States
Argentina,0,3,0,2.5,Colombia,,12814,Colombia,,Colombia
Argentina,0,3,0,2.5,Argentina,,12814,Argentina,,Argentina
Argentina,0,3,0,2.5,Spain,,12814,Spain,,Spain
Argentina,0,3,0,2.5,Uruguay,,12814,Uruguay,,Uruguay
Argentina,0,3,0,2.5,Uruguay,,12814,Uruguay,,Uruguay
Argentina,0,3,0,2.5,Brazil,,12814,Brazil,,Brazil
Argentina,0,3,0,2.5,Argentina,,12814,Argentina,,Argentina
Argentina,0,3,0,2.5,Chile,,12814,Chile,,Chile
Argentina,0,3,0,2.5,Argentina,,12814,Argentina,,Argentina
Argentina,0,3,0,2.5,Brazil,,12814,Brazil,,Brazil
Argentina,0,3,0,2.5,Spain,,12814,Spain,,Spain
Argentina,0,3,0,2.5,United States,,12814,United States,,United States
Argentina,0,3,0,2.5,China,,12814,China,,China
Argentina,0,3,0,2.5,Chile,,12814,Chile,,Chile
Argentina,0,3,0,2.5,Uruguay,,12814,Uruguay,,Uruguay
Argentina,0,3,0,2.5,Paraguay,,12814,Paraguay,,Paraguay
Argentina,0,3,0,2.5,Brazil,,12814,Brazil,,Brazil
Argentina,0,3,0,2.5,United States,,12814,United States,,United States
Argentina,0,3,0,2.5,Spain,,12814,Spain,,Spain
Argentina,0,3,0,2.5,Brazil,,12814,Brazil,,Brazil
Argentina,0,3,0,2.5,United States,,12814,United States,,United States
Argentina,0,3,0,2.5,Argentina,,12814,Argentina,,Argentina
Argentina,0,3,0,2.5,Australia,,12814,Australia,,Australia
Argentina,0,3,0,2.5,Belgium,,12814,Belgium,,Belgium
Argentina,0,3,0,2.5,Japan,,12814,Japan,,Japan
Argentina,0,3,0,2.5,China,,12814,China,,China
Argentina,0,3,0,2.5,Canada,,12814,Canada,,Canada
Argentina,0,3,0,2.5,Netherlands,,12814,Netherlands,,Netherlands
Argentina,0,3,0,2.5,Norway,,12814,Norway,,Norway
Argentina,0,3,0,2.5,Switzerland,,12814,Switzerland,,Switzerland
Argentina,0,3,0,2.5,Sweden,,12814,Sweden,,Sweden
Argentina,0,3,0,2.5,Finland,,12814,Finland,,Finland
Argentina,0,3,0,2.5,Bolivia,,12814,Bolivia,,Bolivia
Argentina,0,3,0,2.5,China,,12814,China,,China
Argentina,0,3,0,2.5,Japan,,12814,Japan,,Japan
Argentina,0,3,0,2.5,Brazil,,12814,Brazil,,Brazil
Argentina,0,3,0,2.5,Algeria,,12814,Algeria,,Algeria
Argentina,0,3,0,2.5,Bahrain,,12814,Bahrain,,Bahrain
Argentina,0,3,0,2.5,Brazil,,12814,Brazil,,Brazil
Argentina,0,3,0,2.5,Colombia,,12814,Colombia,,Colombia
Argentina,0,3,0,2.5,Argentina,,12814,Argentina,,Argentina
Argentina,0,3,0,2.5,Dominica,,12814,Dominica,,Dominica
Argentina,0,3,0,2.5,Antigua and Barbuda,,12814,Antigua and Barbuda,,Antigua and Barbuda
Argentina,0,3,0,2.5,Argentina,,12814,Argentina,,Argentina
Argentina,0,3,0,2.5,Argentina,,12814,Argentina,,Argentina
Argentina,0,3,0,2.5,Argentina,,12814,Argentina,,Argentina
Argentina,0,3,0,2.5,Brazil,,12814,Brazil,,Brazil
Argentina,0,3,0,2.5,Colombia,,12814,Colombia,,Colombia
Argentina,0,3,0,2.5,Costa Rica,,12814,Costa Rica,,Costa Rica
Argentina,0,3,0,2.5,Cuba,,12814,Cuba,,Cuba
Argentina,0,3,0,2.5,El Salvador,,12814,El Salvador,,El Salvador
Argentina,0,3,0,2.5,Dominican Republic,,12814,Dominican Republic,,Dominican Republic
Argentina,0,3,0,2.5,Ecuador,,12814,Ecuador,,Ecuador
Argentina,0,3,0,2.5,Germany,,12814,Germany,,Germany
Argentina,0,3,0,2.5,Germany,,12814,Germany,,Germany
Argentina,0,3,0,2.5,Switzerland,,12814,Switzerland,,Switzerland
Argentina,0,3,0,2.5,Spain,,12814,Spain,,Spain
Argentina,0,3,0,2.5,United Kingdom,,12814,United Kingdom,,United Kingdom
Argentina,0,3,0,2.5,United States,,12814,United States,,United States
Argentina,0,3,0,2.5,Austria,,12814,Austria,,Austria
Argentina,0,3,0,2.5,Peru,,12814,Peru,,Peru
Argentina,0,3,0,2.5,Bolivia,,12814,Bolivia,,Bolivia
Argentina,0,3,0,2.5,Qatar,,12814,Qatar,,Qatar
Argentina,0,3,0,2.5,Argentina,,12814,Argentina,,Argentina
Argentina,0,3,0,2.5,Argentina,,12814,Argentina,,Argentina
Argentina,0,3,0,2.5,Italy,,12814,Italy,,Italy
Argentina,0,3,0,2.5,Canada,,12814,Canada,,Canada
Argentina,0,3,0,2.5,Bahrain,,12814,Bahrain,,Bahrain
Argentina,0,3,0,2.5,Argentina,,12814,Argentina,,Argentina
Argentina,0,3,0,2.5,Brazil,,12814,Brazil,,Brazil
Argentina,0,3,0,2.5,Cuba,,12814,Cuba,,Cuba
Argentina,0,3,0,2.5,United States,,12814,United States,,United States
Argentina,0,3,0,2.5,New Zealand,,12814,New Zealand,,New Zealand
Argentina,0,3,0,2.5,Canada,,12814,Canada,,Canada
Argentina,0,3,0,2.5,Canada,,12814,Canada,,Canada
Argentina,0,3,0,2.5,United States,,12814,United States,,United States
Argentina,0,3,0,2.5,Japan,,12814,Japan,,Japan
Argentina,0,3,0,2.5,China,,12814,China,,China
Argentina,0,3,0,2.5,Brazil,,12814,Brazil,,Brazil
Argentina,0,3,0,2.5,Cuba,,12814,Cuba,,Cuba
Argentina,0,3,0,2.5,Dominican Republic,,12814,Dominican Republic,,Dominican Republic
Argentina,0,3,0,2.5,Brazil,,12814,Brazil,,Brazil
Argentina,0,3,0,2.5,New Zealand,,12814,New Zealand,,New Zealand
Argentina,0,3,0,2.5,Germany,,12814,Germany,,Germany
Argentina,0,3,0,2.5,Russia,,12814,Russia,,Russia
Argentina,0,3,0,2.5,Ukraine,,12814,Ukraine,,Ukraine
Argentina,0,3,0,2.5,Argentina,,12814,Argentina,,Argentina
Argentina,0,3,0,2.5,Argentina,,12814,Argentina,,Argentina
Argentina,0,3,0,2.5,Bahamas,,12814,Bahamas,,Bahamas
Argentina,0,3,0,2.5,China,,12814,China,,China
Argentina,0,3,0,2.5,Japan,,12814,Japan,,Japan
Argentina,0,3,0,2.5,Uruguay,,12814,Uruguay,,Uruguay
Argentina,0,3,0,2.5,Paraguay,,12814,Paraguay,,Paraguay
Argentina,0,3,0,2.5,Brazil,,12814,Brazil,,Brazil
Argentina,0,3,0,2.5,Chile,,12814,Chile,,Chile
Argentina,0,3,0,2.5,Colombia,,12814,Colombia,,Colombia
Argentina,0,3,0,2.5,Mexico,,12814,Mexico,,Mexico
Argentina,0,3,0,2.5,Bolivia,,12814,Bolivia,,Bolivia
Argentina,0,3,0,2.5,Philippines,,12814,Philippines,,Philippines
Argentina,0,3,0,2.5,China,,12814,China,,China
Argentina,0,3,0,2.5,Japan,,12814,Japan,,Japan
Argentina,0,3,0,2.5,Russia,,12814,Russia,,Russia
Argentina,0,3,0,2.5,United States,,12814,United States,,United States
Argentina,0,3,0,2.5,Honduras,,12814,Honduras,,Honduras
Argentina,0,3,0,2.5,El Salvador,,12814,El Salvador,,El Salvador
Argentina,0,3,0,2.5,Suriname,,12814,Suriname,,Suriname
Argentina,0,3,0,2.5,Guatemala,,12814,Guatemala,,Guatemala
Argentina,0,3,0,2.5,Nicaragua,,12814,Nicaragua,,Nicaragua
Argentina,0,3,0,2.5,Australia,,12814,Australia,,Australia
Argentina,0,3,0,2.5,Benin,,12814,Benin,,Benin
Argentina,0,3,0,2.5,Bhutan,,12814,Bhutan,,Bhutan
Argentina,0,3,0,2.5,China,,12814,China,,China
Argentina,0,3,0,2.5,Denmark,,12814,Denmark,,Denmark
Argentina,0,3,0,2.5,Italy,,12814,Italy,,Italy
Argentina,0,3,0,2.5,Argentina,,12814,Argentina,,Argentina
Argentina,0,3,0,2.5,Argentina,,12814,Argentina,,Argentina
Argentina,0,3,0,2.5,Argentina,,12814,Argentina,,Argentina
Argentina,0,3,0,2.5,Argentina,,12814,Argentina,,Argentina
Argentina,0,3,0,2.5,Argentina,,12814,Argentina,,Argentina
Argentina,0,3,0,2.5,Dominica,,12814,Dominica,,Dominica
Argentina,0,3,0,2.5,Brazil,,12814,Brazil,,Brazil
Argentina,0,3,0,2.5,Brazil,,12814,Brazil,,Brazil
Argentina,0,3,0,2.5,Brazil,,12814,Brazil,,Brazil
Argentina,0,3,0,2.5,Uruguay,,12814,Uruguay,,Uruguay
Argentina,0,3,0,2.5,Argentina,,12814,Argentina,,Argentina
Argentina,0,3,0,2.5,Bahrain,,12814,Bahrain,,Bahrain
Argentina,0,3,0,2.5,United States,,12814,United States,,United States
Argentina,0,3,0,2.5,Argentina,,12814,Argentina,,Argentina
Argentina,0,3,0,2.5,United States,,12814,United States,,United States
Argentina,0,3,0,2.5,Venezuela,,12814,Venezuela,,Venezuela
Argentina,0,3,0,2.5,Brazil,,12814,Brazil,,Brazil
Argentina,0,3,0,2.5,Argentina,,12814,Argentina,,Argentina
Argentina,0,3,0,2.5,Venezuela,,12814,Venezuela,,Venezuela
Argentina,0,3,0,2.5,El Salvador,,12814,El Salvador,,El Salvador
Argentina,0,3,0,2.5,Japan,,12814,Japan,,Japan
Argentina,0,3,0,2.5,Norway,,12814,Norway,,Norway
Argentina,0,3,0,2.5,Brazil,,12814,Brazil,,Brazil
Argentina,0,3,0,2.5,Argentina,,12814,Argentina,,Argentina
Argentina,0,3,0,2.5,Argentina,,12814,Argentina,,Argentina
Argentina,0,3,0,2.5,Brazil,,12814,Brazil,,Brazil
Argentina,0,3,0,2.5,Sweden,,12814,Sweden,,Sweden
Argentina,0,3,0,2.5,Venezuela,,12814,Venezuela,,Venezuela
Argentina,0,3,0,2.5,Mexico,,12814,Mexico,,Mexico
Argentina,0,3,0,2.5,Argentina,,12814,Argentina,,Argentina
Argentina,0,3,0,2.5,Argentina,,12814,Argentina,,Argentina
Argentina,0,3,0,2.5,Bolivia,,12814,Bolivia,,Bolivia
Argentina,0,3,0,2.5,Brazil,,12814,Brazil,,Brazil
Argentina,0,3,0,2.5,Brazil,,12814,Brazil,,Brazil
Argentina,0,3,0,2.5,Brazil,,12814,Brazil,,Brazil
Argentina,0,3,0,2.5,Greece,,12814,Greece,,Greece
Argentina,0,3,0,2.5,Mexico,,12814,Mexico,,Mexico
Argentina,0,3,0,2.5,Russia,,12814,Russia,,Russia
Argentina,0,3,0,2.5,Belgium,,12814,Belgium,,Belgium
Argentina,0,3,0,2.5,Argentina,,12814,Argentina,,Argentina
Argentina,0,3,0,2.5,Denmark,,12814,Denmark,,Denmark
Argentina,0,3,0,2.5,India,,12814,India,,India
Argentina,0,3,0,2.5,Australia,,12814,Australia,,Australia
Argentina,0,3,0,2.5,Switzerland,,12814,Switzerland,,Switzerland
Argentina,0,3,0,2.5,France,,12814,France,,France
Argentina,0,3,0,2.5,Argentina,,12814,Argentina,,Argentina
Argentina,0,3,0,2.5,Brazil,,12814,Brazil,,Brazil
Argentina,0,3,0,2.5,Cambodia,,12814,Cambodia,,Cambodia
Argentina,0,3,0,2.5,Argentina,,12814,Argentina,,Argentina
Argentina,0,3,0,2.5,Israel,,12814,Israel,,Israel
Argentina,0,3,0,2.5,Argentina,,12814,Argentina,,Argentina
Argentina,0,3,0,2.5,Afghanistan,,12814,Afghanistan,,Afghanistan
Argentina,0,3,0,2.5,Bahamas,,12814,Bahamas,,Bahamas
Argentina,0,3,0,2.5,Canada,,12814,Canada,,Canada
Argentina,0,3,0,2.5,United Kingdom,,12814,United Kingdom,,United Kingdom
Argentina,0,3,0,2.5,Argentina,,12814,Argentina,,Argentina
Argentina,0,3,0,2.5,Argentina,,12814,Argentina,,Argentina
Argentina,0,3,0,2.5,Argentina,,12814,Argentina,,Argentina
Argentina,0,3,0,2.5,Chile,,12814,Chile,,Chile
Argentina,0,3,0,2.5,Argentina,,12814,Argentina,,Argentina
Argentina,0,3,0,2.5,Argentina,,12814,Argentina,,Argentina
Argentina,0,3,0,2.5,Argentina,,12814,Argentina,,Argentina
Argentina,0,3,0,2.5,Argentina,,12814,Argentina,,Argentina
Argentina,0,3,0,2.5,Chile,,12814,Chile,,Chile
Argentina,0,3,0,2.5,Argentina,,12814,Argentina,,Argentina
Argentina,0,3,0,2.5,Argentina,,12814,Argentina,,Argentina
Argentina,0,3,0,2.5,Argentina,,12814,Argentina,,Argentina
Argentina,0,3,0,2.5,Australia,,12814,Australia,,Australia
Argentina,0,3,0,2.5,Andorra,,12814,Andorra,,Andorra
Argentina,0,3,0,2.5,Afghanistan,,12814,Afghanistan,,Afghanistan
Argentina,0,3,0,2.5,Argentina,,12814,Argentina,,Argentina
Argentina,0,3,0,2.5,Argentina,,12814,Argentina,,Argentina
Argentina,0,3,0,2.5,Belize,,12814,Belize,,Belize
Argentina,0,3,0,2.5,Argentina,,12814,Argentina,,Argentina
Argentina,0,3,0,2.5,Andorra,,12814,Andorra,,Andorra
Argentina,0,3,0,2.5,Argentina,,12814,Argentina,,Argentina
Argentina,0,3,0,2.5,Argentina,,12814,Argentina,,Argentina
Argentina,0,3,0,2.5,Argentina,,12814,Argentina,,Argentina
Argentina,0,3,0,2.5,Argentina,,12814,Argentina,,Argentina
Argentina,0,3,0,2.5,Argentina,,12814,Argentina,,Argentina
Argentina,0,3,0,2.5,Argentina,,12814,Argentina,,Argentina
Argentina,0,3,0,2.5,France,,12814,France,,France
Argentina,0,3,0,2.5,Japan,,12814,Japan,,Japan
Argentina,0,3,0,2.5,Brazil,,12814,Brazil,,Brazil
Argentina,0,3,0,2.5,Russia,,12814,Russia,,Russia
Argentina,0,3,0,2.5,France,,12814,France,,France
Argentina,0,3,0,2.5,Argentina,,12814,Argentina,,Argentina
Argentina,0,3,0,2.5,Mexico,,12814,Mexico,,Mexico
Argentina,0,3,0,2.5,France,,12814,France,,France
Argentina,0,3,0,2.5,Mexico,,12814,Mexico,,Mexico
Argentina,0,3,0,2.5,Brazil,,12814,Brazil,,Brazil
Argentina,0,3,0,2.5,Peru,,12814,Peru,,Peru
Argentina,0,3,0,2.5,Haiti,,12814,Haiti,,Haiti
Argentina,0,3,0,2.5,Italy,,12814,Italy,,Italy
Argentina,0,3,0,2.5,Argentina,,12814,Argentina,,Argentina
Argentina,0,3,0,2.5,China,,12814,China,,China
Argentina,0,3,0,2.5,Finland,,12814,Finland,,Finland
Argentina,0,3,0,2.5,Brazil,,12814,Brazil,,Brazil
Argentina,0,3,0,2.5,France,,12814,France,,France
Argentina,0,3,0,2.5,Costa Rica,,12814,Costa Rica,,Costa Rica
Argentina,0,3,0,2.5,Uruguay,,12814,Uruguay,,Uruguay
Argentina,0,3,0,2.5,Argentina,,12814,Argentina,,Argentina
Argentina,0,3,0,2.5,Saudi Arabia,,12814,Saudi Arabia,,Saudi Arabia
Argentina,0,3,0,2.5,Egypt,,12814,Egypt,,Egypt
Argentina,0,3,0,2.5,Argentina,,12814,Argentina,,Argentina
Argentina,0,3,0,2.5,Argentina,,12814,Argentina,,Argentina
Argentina,0,3,0,2.5,Argentina,,12814,Argentina,,Argentina
Argentina,0,3,0,2.5,China,,12814,China,,China
Argentina,0,3,0,2.5,Japan,,12814,Japan,,Japan
Argentina,0,3,0,2.5,Uruguay,,12814,Uruguay,,Uruguay
Argentina,0,3,0,2.5,Argentina,,12814,Argentina,,Argentina
Argentina,0,3,0,2.5,Argentina,,12814,Argentina,,Argentina
Argentina,0,3,0,2.5,Argentina,,12814,Argentina,,Argentina
Argentina,0,3,0,2.5,Argentina,,12814,Argentina,,Argentina
Argentina,0,3,0,2.5,Argentina,,12814,Argentina,,Argentina
Argentina,0,3,0,2.5,Argentina,,12814,Argentina,,Argentina
Argentina,0,3,0,2.5,Argentina,,12814,Argentina,,Argentina
Argentina,0,3,0,2.5,Saudi Arabia,,12814,Saudi Arabia,,Saudi Arabia
Argentina,0,3,0,2.5,United States,,12814,United States,,United States
Argentina,0,3,0,2.5,Argentina,,12814,Argentina,,Argentina
Argentina,0,3,0,2.5,Brazil,,12814,Brazil,,Brazil
Argentina,0,3,0,2.5,Colombia,,12814,Colombia,,Colombia
Argentina,0,3,0,2.5,Cameroon,,12814,Cameroon,,Cameroon
Argentina,0,3,0,2.5,Argentina,,12814,Argentina,,Argentina
Argentina,0,3,0,2.5,Brazil,,12814,Brazil,,Brazil
Argentina,0,3,0,2.5,Italy,,12814,Italy,,Italy
Argentina,0,3,0,2.5,Japan,,12814,Japan,,Japan
Argentina,0,3,0,2.5,Uruguay,,12814,Uruguay,,Uruguay
Argentina,0,3,0,2.5,Brazil,,12814,Brazil,,Brazil
Argentina,0,3,0,2.5,Argentina,,12814,Argentina,,Argentina
Argentina,0,3,0,2.5,Switzerland,,12814,Switzerland,,Switzerland
Argentina,0,3,0,2.5,Argentina,,12814,Argentina,,Argentina
Argentina,0,3,0,2.5,Argentina,,12814,Argentina,,Argentina
Argentina,0,3,0,2.5,Australia,,12814,Australia,,Australia
Argentina,0,3,0,2.5,Spain,,12814,Spain,,Spain
Argentina,0,3,0,2.5,Egypt,,12814,Egypt,,Egypt
Argentina,0,3,0,2.5,Argentina,,12814,Argentina,,Argentina
Argentina,0,3,0,2.5,Peru,,12814,Peru,,Peru
Argentina,0,3,0,2.5,Costa Rica,,12814,Costa Rica,,Costa Rica
Argentina,0,3,0,2.5,Japan,,12814,Japan,,Japan
Argentina,0,3,0,2.5,Indonesia,,12814,Indonesia,,Indonesia
Argentina,0,3,0,2.5,Japan,,12814,Japan,,Japan
Argentina,0,3,0,2.5,Brazil,,12814,Brazil,,Brazil
Argentina,0,3,0,2.5,Austria,,12814,Austria,,Austria
Argentina,0,3,0,2.5,Uruguay,,12814,Uruguay,,Uruguay
Argentina,0,3,0,2.5,Japan,,12814,Japan,,Japan
Argentina,0,3,0,2.5,Kuwait,,12814,Kuwait,,Kuwait
Argentina,0,3,0,2.5,Qatar,,12814,Qatar,,Qatar
Argentina,0,3,0,2.5,Argentina,,12814,Argentina,,Argentina
Argentina,0,3,0,2.5,Chile,,12814,Chile,,Chile
Argentina,0,3,0,2.5,France,,12814,France,,France
Argentina,0,3,0,2.5,Bahrain,,12814,Bahrain,,Bahrain
Argentina,0,3,0,2.5,China,,12814,China,,China
Argentina,0,3,0,2.5,Brazil,,12814,Brazil,,Brazil
Argentina,0,3,0,2.5,Bolivia,,12814,Bolivia,,Bolivia
Argentina,0,3,0,2.5,Argentina,,12814,Argentina,,Argentina
Argentina,0,3,0,2.5,Australia,,12814,Australia,,Australia
Argentina,0,3,0,2.5,Brazil,,12814,Brazil,,Brazil
Argentina,0,3,0,2.5,Italy,,12814,Italy,,Italy
Argentina,0,3,0,2.5,Chile,,12814,Chile,,Chile
Argentina,0,3,0,2.5,Sweden,,12814,Sweden,,Sweden
Argentina,0,3,0,2.5,Argentina,,12814,Argentina,,Argentina
Argentina,0,3,0,2.5,Netherlands,,12814,Netherlands,,Netherlands
Argentina,0,3,0,2.5,Brazil,,12814,Brazil,,Brazil
Argentina,0,3,0,2.5,Belarus,,12814,Belarus,,Belarus
Argentina,0,3,0,2.5,Denmark,,12814,Denmark,,Denmark
Argentina,0,3,0,2.5,Eswatini,,12814,Eswatini,,Eswatini
Argentina,0,3,0,2.5,Brazil,,12814,Brazil,,Brazil
Argentina,0,3,0,2.5,Uruguay,,12814,Uruguay,,Uruguay
Argentina,0,3,0,2.5,Japan,,12814,Japan,,Japan
Argentina,0,3,0,2.5,United States,,12814,United States,,United States
Argentina,0,3,0,2.5,Argentina,,12814,Argentina,,Argentina
Argentina,0,3,0,2.5,Russia,,12814,Russia,,Russia
Argentina,0,3,0,2.5,Germany,,12814,Germany,,Germany
Argentina,0,3,0,2.5,Antigua and Barbuda,,12814,Antigua and Barbuda,,Antigua and Barbuda
Argentina,0,3,0,2.5,Germany,,12814,Germany,,Germany
Argentina,0,3,0,2.5,Argentina,,12814,Argentina,,Argentina
Argentina,0,3,0,2.5,Japan,,12814,Japan,,Japan
Argentina,0,3,0,2.5,United States,,12814,United States,,United States
Argentina,0,3,0,2.5,Greece,,12814,Greece,,Greece
Argentina,0,3,0,2.5,Brazil,,12814,Brazil,,Brazil
Argentina,0,3,0,2.5,Brazil,,12814,Brazil,,Brazil
Argentina,0,3,0,2.5,Argentina,,12814,Argentina,,Argentina
Argentina,0,3,0,2.5,Argentina,,12814,Argentina,,Argentina
Argentina,0,3,0,2.5,Brazil,,12814,Brazil,,Brazil
Argentina,0,3,0,2.5,Brazil,,12814,Brazil,,Brazil
Argentina,0,3,0,2.5,Iraq,,12814,Iraq,,Iraq
Argentina,0,3,0,2.5,United Arab Emirates,,12814,United Arab Emirates,,United Arab Emirates
Argentina,0,3,0,2.5,Brazil,,12814,Brazil,,Brazil
Argentina,0,3,0,2.5,Spain,,12814,Spain,,Spain
Argentina,0,3,0,2.5,Germany,,12814,Germany,,Germany
Argentina,0,3,0,2.5,Argentina,,12814,Argentina,,Argentina
Argentina,0,3,0,2.5,Russia,,12814,Russia,,Russia
Argentina,0,3,0,2.5,Germany,,12814,Germany,,Germany
Argentina,0,3,0,2.5,Argentina,,12814,Argentina,,Argentina
Argentina,0,3,0,2.5,Argentina,,12814,Argentina,,Argentina
Argentina,0,3,0,2.5,South Korea,,12814,South Korea,,South Korea
Argentina,0,3,0,2.5,Switzerland,,12814,Switzerland,,Switzerland
Argentina,0,3,0,2.5,Cuba,,12814,Cuba,,Cuba
Argentina,0,3,0,2.5,Brazil,,12814,Brazil,,Brazil
Argentina,0,3,0,2.5,Argentina,,12814,Argentina,,Argentina
Argentina,0,3,0,2.5,Angola,,12814,Angola,,Angola
Argentina,0,3,0,2.5,Bulgaria,,12814,Bulgaria,,Bulgaria
Argentina,0,3,0,2.5,Argentina,,12814,Argentina,,Argentina
Argentina,0,3,0,2.5,Bahrain,,12814,Bahrain,,Bahrain
Argentina,0,3,0,2.5,Costa Rica,,12814,Costa Rica,,Costa Rica
Argentina,0,3,0,2.5,Mexico,,12814,Mexico,,Mexico
Argentina,0,3,0,2.5,Paraguay,,12814,Paraguay,,Paraguay
Argentina,0,3,0,2.5,Australia,,12814,Australia,,Australia
Argentina,0,3,0,2.5,Chile,,12814,Chile,,Chile
Argentina,0,3,0,2.5,Argentina,,12814,Argentina,,Argentina
Argentina,0,3,0,2.5,Afghanistan,,12814,Afghanistan,,Afghanistan
Argentina,0,3,0,2.5,Colombia,,12814,Colombia,,Colombia
Argentina,0,3,0,2.5,Venezuela,,12814,Venezuela,,Venezuela
Argentina,0,3,0,2.5,Türkiye,,12814,Türkiye,,Türkiye
Argentina,0,3,0,2.5,Argentina,,12814,Argentina,,Argentina
Argentina,0,3,0,2.5,Argentina,,12814,Argentina,,Argentina
Argentina,0,3,0,2.5,Australia,,12814,Australia,,Australia
Argentina,0,3,0,2.5,Mexico,,12814,Mexico,,Mexico
Argentina,0,3,0,2.5,Mexico,,12814,Mexico,,Mexico
Argentina,0,3,0,2.5,Canada,,12814,Canada,,Canada
Argentina,0,3,0,2.5,Argentina,,12814,Argentina,,Argentina
Argentina,0,3,0,2.5,Argentina,,12814,Argentina,,Argentina
Argentina,0,3,0,2.5,Paraguay,,12814,Paraguay,,Paraguay
Argentina,0,3,0,2.5,Germany,,12814,Germany,,Germany
Argentina,0,3,0,2.5,Australia,,12814,Australia,,Australia
Argentina,0,3,0,2.5,Mexico,,12814,Mexico,,Mexico
Argentina,0,3,0,2.5,Argentina,,12814,Argentina,,Argentina
Argentina,0,3,0,2.5,Argentina,,12814,Argentina,,Argentina
Argentina,0,3,0,2.5,Argentina,,12814,Argentina,,Argentina
Argentina,0,3,0,2.5,Argentina,,12814,Argentina,,Argentina
Argentina,0,3,0,2.5,Argentina,,12814,Argentina,,Argentina
Argentina,0,3,0,2.5,Afghanistan,,12814,Afghanistan,,Afghanistan
Argentina,0,3,0,2.5,Albania,,12814,Albania,,Albania
Argentina,0,3,0,2.5,Venezuela,,12814,Venezuela,,Venezuela
Argentina,0,3,0,2.5,Argentina,,12814,Argentina,,Argentina
Argentina,0,3,0,2.5,Argentina,,12814,Argentina,,Argentina
Argentina,0,3,0,2.5,Argentina,,12814,Argentina,,Argentina
Argentina,0,3,0,2.5,Japan,,12814,Japan,,Japan
Argentina,0,3,0,2.5,China,,12814,China,,China
Argentina,0,3,0,2.5,Italy,,12814,Italy,,Italy
Argentina,0,3,0,2.5,Egypt,,12814,Egypt,,Egypt
Argentina,0,3,0,2.5,Albania,,12814,Albania,,Albania
Argentina,0,3,0,2.5,Mexico,,12814,Mexico,,Mexico
Argentina,0,3,0,2.5,Mexico,,12814,Mexico,,Mexico
Argentina,0,3,0,2.5,Colombia,,12814,Colombia,,Colombia
Argentina,0,3,0,2.5,Argentina,,12814,Argentina,,Argentina
Argentina,0,3,0,2.5,Argentina,,12814,Argentina,,Argentina
Argentina,0,3,0,2.5,Bolivia,,12814,Bolivia,,Bolivia
Argentina,0,3,0,2.5,Argentina,,12814,Argentina,,Argentina
Argentina,0,3,0,2.5,India,,12814,India,,India
Argentina,0,3,0,2.5,Argentina,,12814,Argentina,,Argentina
Argentina,0,3,0,2.5,Argentina,,12814,Argentina,,Argentina
Argentina,0,3,0,2.5,Venezuela,,12814,Venezuela,,Venezuela
Argentina,0,3,0,2.5,Venezuela,,12814,Venezuela,,Venezuela
Argentina,0,3,0,2.5,Argentina,,12814,Argentina,,Argentina
Argentina,0,3,0,2.5,Argentina,,12814,Argentina,,Argentina
Argentina,0,3,0,2.5,Sudan,,12814,Sudan,,Sudan
Argentina,0,3,0,2.5,Haiti,,12814,Haiti,,Haiti
Argentina,0,3,0,2.5,Haiti,,12814,Haiti,,Haiti
Argentina,0,3,0,2.5,Antigua and Barbuda,,12814,Antigua and Barbuda,,Antigua and Barbuda
Argentina,0,3,0,2.5,Germany,,12814,Germany,,Germany
Argentina,0,3,0,2.5,United States,,12814,United States,,United States
Argentina,0,3,0,2.5,Pakistan,,12814,Pakistan,,Pakistan
Argentina,0,3,0,2.5,Egypt,,12814,Egypt,,Egypt
Argentina,0,3,0,2.5,Uruguay,,12814,Uruguay,,Uruguay
Argentina,0,3,0,2.5,Morocco,,12814,Morocco,,Morocco
Argentina,0,3,0,2.5,South Korea,,12814,South Korea,,South Korea
Argentina,0,3,0,2.5,Germany,,12814,Germany,,Germany
Argentina,0,3,0,2.5,Israel,,12814,Israel,,Israel
Argentina,0,3,0,2.5,France,,12814,France,,France
Argentina,0,3,0,2.5,Argentina,,12814,Argentina,,Argentina
Argentina,0,3,0,2.5,Bolivia,,12814,Bolivia,,Bolivia
Argentina,0,3,0,2.5,Bolivia,,12814,Bolivia,,Bolivia
Argentina,0,3,0,2.5,Brazil,,12814,Brazil,,Brazil
Argentina,0,3,0,2.5,China,,12814,China,,China
Argentina,0,3,0,2.5,South Africa,,12814,South Africa,,South Africa
Argentina,0,3,0,2.5,Senegal,,12814,Senegal,,Senegal
Argentina,0,3,0,2.5,Argentina,,12814,Argentina,,Argentina
Argentina,0,3,0,2.5,Australia,,12814,Australia,,Australia
Argentina,0,3,0,2.5,Brazil,,12814,Brazil,,Brazil
Argentina,0,3,0,2.5,Canada,,12814,Canada,,Canada
Argentina,0,3,0,2.5,Germany,,12814,Germany,,Germany
Argentina,0,3,0,2.5,Iceland,,12814,Iceland,,Iceland
Argentina,0,3,0,2.5,China,,12814,China,,China
Argentina,0,3,0,2.5,Argentina,,12814,Argentina,,Argentina
Argentina,0,3,0,2.5,Brazil,,12814,Brazil,,Brazil
Argentina,0,3,0,2.5,China,,12814,China,,China
Argentina,0,3,0,2.5,Afghanistan,,12814,Afghanistan,,Afghanistan
Argentina,0,3,0,2.5,India,,12814,India,,India
Argentina,0,3,0,2.5,Angola,,12814,Angola,,Angola
Argentina,0,3,0,2.5,Argentina,,12814,Argentina,,Argentina
Argentina,0,3,0,2.5,Argentina,,12814,Argentina,,Argentina
Argentina,0,3,0,2.5,United States,,12814,United States,,United States
Argentina,0,3,0,2.5,Italy,,12814,Italy,,Italy
Argentina,0,3,0,2.5,Peru,,12814,Peru,,Peru
Argentina,0,3,0,2.5,South Korea,,12814,South Korea,,South Korea
Argentina,0,3,0,2.5,Chile,,12814,Chile,,Chile
Argentina,0,3,0,2.5,Argentina,,12814,Argentina,,Argentina
Argentina,0,3,0,2.5,Japan,,12814,Japan,,Japan
Argentina,0,3,0,2.5,Switzerland,,12814,Switzerland,,Switzerland
Argentina,0,3,0,2.5,Brazil,,12814,Brazil,,Brazil
Argentina,0,3,0,2.5,Bahamas,,12814,Bahamas,,Bahamas
Argentina,0,3,0,2.5,Pakistan,,12814,Pakistan,,Pakistan
Argentina,0,3,0,2.5,Argentina,,12814,Argentina,,Argentina
Argentina,0,3,0,2.5,Brazil,,12814,Brazil,,Brazil
Argentina,0,3,0,2.5,Colombia,,12814,Colombia,,Colombia
Argentina,0,3,0,2.5,Bolivia,,12814,Bolivia,,Bolivia
Argentina,0,3,0,2.5,Central African Republic,,12814,Central African Republic,,Central African Republic
Argentina,0,3,0,2.5,Brazil,,12814,Brazil,,Brazil
Argentina,0,3,0,2.5,France,,12814,France,,France
Argentina,0,3,0,2.5,Italy,,12814,Italy,,Italy
Argentina,0,3,0,2.5,Japan,,12814,Japan,,Japan
Argentina,0,3,0,2.5,United States,,12814,United States,,United States
Argentina,0,3,0,2.5,United Kingdom,,12814,United Kingdom,,United Kingdom
Argentina,0,3,0,2.5,Brazil,,12814,Brazil,,Brazil
Argentina,0,3,0,2.5,Colombia,,12814,Colombia,,Colombia
Argentina,0,3,0,2.5,Mexico,,12814,Mexico,,Mexico
Argentina,0,3,0,2.5,Argentina,,12814,Argentina,,Argentina
Argentina,0,3,0,2.5,Brazil,,12814,Brazil,,Brazil
Argentina,0,3,0,2.5,DR Congo,,12814,DR Congo,,DR Congo
Argentina,0,3,0,2.5,Ethiopia,,12814,Ethiopia,,Ethiopia
Argentina,0,3,0,2.5,India,,12814,India,,India
Argentina,0,3,0,2.5,Namibia,,12814,Namibia,,Namibia
Argentina,0,3,0,2.5,Brazil,,12814,Brazil,,Brazil
Argentina,0,3,0,2.5,Jamaica,,12814,Jamaica,,Jamaica
Argentina,0,3,0,2.5,Thailand,,12814,Thailand,,Thailand
Argentina,0,3,0,2.5,Egypt,,12814,Egypt,,Egypt
Argentina,0,3,0,2.5,Morocco,,12814,Morocco,,Morocco
Argentina,0,3,0,2.5,India,,12814,India,,India
Argentina,0,3,0,2.5,Indonesia,,12814,Indonesia,,Indonesia
Argentina,0,3,0,2.5,Paraguay,,12814,Paraguay,,Paraguay
Argentina,0,3,0,2.5,Uruguay,,12814,Uruguay,,Uruguay
Argentina,0,3,0,2.5,Brazil,,12814,Brazil,,Brazil
Argentina,0,3,0,2.5,Colombia,,12814,Colombia,,Colombia
Argentina,0,3,0,2.5,Brazil,,12814,Brazil,,Brazil
Argentina,0,3,0,2.5,Bolivia,,12814,Bolivia,,Bolivia
Argentina,0,3,0,2.5,Venezuela,,12814,Venezuela,,Venezuela
Argentina,0,3,0,2.5,South Africa,,12814,South Africa,,South Africa
Argentina,0,3,0,2.5,Argentina,,12814,Argentina,,Argentina
Argentina,0,3,0,2.5,Cambodia,,12814,Cambodia,,Cambodia
Argentina,0,3,0,2.5,Andorra,,12814,Andorra,,Andorra
Argentina,0,3,0,2.5,Ecuador,,12814,Ecuador,,Ecuador
Argentina,0,3,0,2.5,Paraguay,,12814,Paraguay,,Paraguay
Argentina,0,3,0,2.5,Vietnam,,12814,Vietnam,,Vietnam
Argentina,0,3,0,2.5,Egypt,,12814,Egypt,,Egypt
Argentina,0,3,0,2.5,Argentina,,12814,Argentina,,Argentina
Argentina,0,3,0,2.5,Egypt,,12814,Egypt,,Egypt
Argentina,0,3,0,2.5,Bolivia,,12814,Bolivia,,Bolivia
Argentina,0,3,0,2.5,Brazil,,12814,Brazil,,Brazil
Argentina,0,3,0,2.5,Colombia,,12814,Colombia,,Colombia
Argentina,0,3,0,2.5,Brazil,,12814,Brazil,,Brazil
Argentina,0,3,0,2.5,Argentina,,12814,Argentina,,Argentina
Argentina,0,3,0,2.5,Albania,,12814,Albania,,Albania
Argentina,0,3,0,2.5,Bolivia,,12814,Bolivia,,Bolivia
Argentina,0,3,0,2.5,Costa Rica,,12814,Costa Rica,,Costa Rica
Argentina,0,3,0,2.5,Dominican Republic,,12814,Dominican Republic,,Dominican Republic
Argentina,0,3,0,2.5,Argentina,,12814,Argentina,,Argentina
Argentina,0,3,0,2.5,Colombia,,12814,Colombia,,Colombia
Argentina,0,3,0,2.5,France,,12814,France,,France
Argentina,0,3,0,2.5,Italy,,12814,Italy,,Italy
Argentina,0,3,0,2.5,Austria,,12814,Austria,,Austria
Argentina,0,3,0,2.5,Canada,,12814,Canada,,Canada
Argentina,0,3,0,2.5,Belgium,,12814,Belgium,,Belgium
Argentina,0,3,0,2.5,Bolivia,,12814,Bolivia,,Bolivia
Argentina,0,3,0,2.5,China,,12814,China,,China
Argentina,0,3,0,2.5,Austria,,12814,Austria,,Austria
Argentina,0,3,0,2.5,Belarus,,12814,Belarus,,Belarus
Argentina,0,3,0,2.5,Afghanistan,,12814,Afghanistan,,Afghanistan
Argentina,0,3,0,2.5,Lebanon,,12814,Lebanon,,Lebanon
Argentina,0,3,0,2.5,Ghana,,12814,Ghana,,Ghana
Argentina,0,3,0,2.5,Russia,,12814,Russia,,Russia
Argentina,0,3,0,2.5,Brazil,,12814,Brazil,,Brazil
Argentina,0,3,0,2.5,Argentina,,12814,Argentina,,Argentina
Argentina,0,3,0,2.5,Argentina,,12814,Argentina,,Argentina
Argentina,0,3,0,2.5,Egypt,,12814,Egypt,,Egypt
Argentina,0,3,0,2.5,Egypt,,12814,Egypt,,Egypt
Argentina,0,3,0,2.5,Argentina,,12814,Argentina,,Argentina
Argentina,0,3,0,2.5,Argentina,,12814,Argentina,,Argentina
Argentina,0,3,0,2.5,Angola,,12814,Angola,,Angola
Argentina,0,3,0,2.5,Argentina,,12814,Argentina,,Argentina
Argentina,0,3,0,2.5,Cuba,,12814,Cuba,,Cuba
Argentina,0,3,0,2.5,Argentina,,12814,Argentina,,Argentina
Argentina,0,3,0,2.5,Peru,,12814,Peru,,Peru
Argentina,0,3,0,2.5,Bolivia,,12814,Bolivia,,Bolivia
Argentina,0,3,0,2.5,Afghanistan,,12814,Afghanistan,,Afghanistan
Argentina,0,3,0,2.5,Paraguay,,12814,Paraguay,,Paraguay
Argentina,0,3,0,2.5,Algeria,,12814,Algeria,,Algeria
Argentina,0,3,0,2.5,Venezuela,,12814,Venezuela,,Venezuela
Argentina,0,3,0,2.5,Italy,,12814,Italy,,Italy
Argentina,0,3,0,2.5,Haiti,,12814,Haiti,,Haiti
Argentina,0,3,0,2.5,Bolivia,,12814,Bolivia,,Bolivia
Argentina,0,3,0,2.5,South Korea,,12814,South Korea,,South Korea
Argentina,0,3,0,2.5,Australia,,12814,Australia,,Australia
Argentina,0,3,0,2.5,Bahrain,,12814,Bahrain,,Bahrain
Argentina,0,3,0,2.5,Argentina,,12814,Argentina,,Argentina
Argentina,0,3,0,2.5,Armenia,,12814,Armenia,,Armenia
Argentina,0,3,0,2.5,Antigua and Barbuda,,12814,Antigua and Barbuda,,Antigua and Barbuda
Argentina,0,3,0,2.5,Australia,,12814,Australia,,Australia
Argentina,0,3,0,2.5,Argentina,,12814,Argentina,,Argentina
Argentina,0,3,0,2.5,South Africa,,12814,South Africa,,South Africa
Argentina,0,3,0,2.5,United States,,12814,United States,,United States
Argentina,0,3,0,2.5,Germany,,12814,Germany,,Germany
Argentina,0,3,0,2.5,Colombia,,12814,Colombia,,Colombia
Argentina,0,3,0,2.5,Israel,,12814,Israel,,Israel
Argentina,0,3,0,2.5,United Kingdom,,12814,United Kingdom,,United Kingdom
Argentina,0,3,0,2.5,Brazil,,12814,Brazil,,Brazil
Argentina,0,3,0,2.5,Argentina,,12814,Argentina,,Argentina
Argentina,0,3,0,2.5,Paraguay,,12814,Paraguay,,Paraguay
Argentina,0,3,0,2.5,France,,12814,France,,France
Argentina,0,3,0,2.5,Italy,,12814,Italy,,Italy
Argentina,0,3,0,2.5,Bolivia,,12814,Bolivia,,Bolivia
Argentina,0,3,0,2.5,United States,,12814,United States,,United States
Argentina,0,3,0,2.5,Argentina,,12814,Argentina,,Argentina
Argentina,0,3,0,2.5,Sudan,,12814,Sudan,,Sudan
Argentina,0,3,0,2.5,Haiti,,12814,Haiti,,Haiti
Argentina,0,3,0,2.5,Bangladesh,,12814,Bangladesh,,Bangladesh
Argentina,0,3,0,2.5,Bangladesh,,12814,Bangladesh,,Bangladesh
Argentina,0,3,0,2.5,Sudan,,12814,Sudan,,Sudan
Argentina,0,3,0,2.5,India,,12814,India,,India
Argentina,0,3,0,2.5,India,,12814,India,,India
Argentina,0,3,0,2.5,Japan,,12814,Japan,,Japan
Argentina,0,3,0,2.5,Brazil,,12814,Brazil,,Brazil
Argentina,0,3,0,2.5,Mexico,,12814,Mexico,,Mexico
Argentina,0,3,0,2.5,Argentina,,12814,Argentina,,Argentina
Afghanistan,0,3,0,2.5,Argentina,,1,Argentina,,Argentina
Argentina,0,3,0,2.5,Argentina,,12814,Argentina,,Argentina
Argentina,0,3,0,2.5,Bolivia,,12814,Bolivia,,Bolivia
Argentina,0,3,0,2.5,Haiti,,12814,Haiti,,Haiti
Argentina,0,3,0,2.5,Venezuela,,12814,Venezuela,,Venezuela
Argentina,0,3,0,2.5,Peru,,12814,Peru,,Peru
Argentina,0,3,0,2.5,Spain,,12814,Spain,,Spain
Argentina,0,3,0,2.5,Germany,,12814,Germany,,Germany
Argentina,0,3,0,2.5,Nepal,,12814,Nepal,,Nepal
Argentina,0,3,0,2.5,United States,,12814,United States,,United States
Argentina,0,3,0,2.5,United Arab Emirates,,12814,United Arab Emirates,,United Arab Emirates
Argentina,0,3,0,2.5,Brazil,,12814,Brazil,,Brazil
Argentina,0,3,0,2.5,Cuba,,12814,Cuba,,Cuba
Argentina,0,3,0,2.5,Peru,,12814,Peru,,Peru
Argentina,0,3,0,2.5,Mexico,,12814,Mexico,,Mexico
Argentina,0,3,0,2.5,Chile,,12814,Chile,,Chile
Argentina,0,3,0,2.5,United States,,12814,United States,,United States
Argentina,0,3,0,2.5,United States,,12814,United States,,United States
Argentina,0,3,0,2.5,Dominican Republic,,12814,Dominican Republic,,Dominican Republic
Argentina,0,3,0,2.5,Brazil,,12814,Brazil,,Brazil
Argentina,0,3,0,2.5,Paraguay,,12814,Paraguay,,Paraguay
Argentina,0,3,0,2.5,Peru,,12814,Peru,,Peru
Argentina,0,3,0,2.5,Italy,,12814,Italy,,Italy
Argentina,0,3,0,2.5,Germany,,12814,Germany,,Germany
Argentina,0,3,0,2.5,Finland,,12814,Finland,,Finland
Argentina,0,3,0,2.5,Congo Republic,,12814,Congo Republic,,Congo Republic
Argentina,0,3,0,2.5,Canada,,12814,Canada,,Canada
Argentina,0,3,0,2.5,Brazil,,12814,Brazil,,Brazil
Argentina,0,3,0,2.5,Argentina,,12814,Argentina,,Argentina
Argentina,0,3,0,2.5,Argentina,,12814,Argentina,,Argentina
Argentina,0,3,0,2.5,Argentina,,12814,Argentina,,Argentina
Argentina,0,3,0,2.5,Cuba,,12814,Cuba,,Cuba
Argentina,0,3,0,2.5,Spain,,12814,Spain,,Spain
Argentina,0,3,0,2.5,Venezuela,,12814,Venezuela,,Venezuela
Argentina,0,3,0,2.5,China,,12814,China,,China
Argentina,0,3,0,2.5,Japan,,12814,Japan,,Japan
Argentina,0,3,0,2.5,Egypt,,12814,Egypt,,Egypt
Argentina,0,3,0,2.5,Uruguay,,12814,Uruguay,,Uruguay
Argentina,0,3,0,2.5,Bolivia,,12814,Bolivia,,Bolivia
Argentina,0,3,0,2.5,DR Congo,,12814,DR Congo,,DR Congo
Argentina,0,3,0,2.5,Haiti,,12814,Haiti,,Haiti
Argentina,0,3,0,2.5,Sudan,,12814,Sudan,,Sudan
Argentina,0,3,0,2.5,Türkiye,,12814,Türkiye,,Türkiye
Argentina,0,3,0,2.5,Argentina,,12814,Argentina,,Argentina
Argentina,0,3,0,2.5,North Korea,,12814,North Korea,,North Korea
Argentina,0,3,0,2.5,United Kingdom,,12814,United Kingdom,,United Kingdom
Argentina,0,3,0,2.5,United States,,12814,United States,,United States
Argentina,0,3,0,2.5,Brazil,,12814,Brazil,,Brazil
Argentina,0,3,0,2.5,China,,12814,China,,China
Argentina,0,3,0,2.5,Italy,,12814,Italy,,Italy
Argentina,0,3,0,2.5,Brazil,,12814,Brazil,,Brazil
Argentina,0,3,0,2.5,Türkiye,,12814,Türkiye,,Türkiye
Argentina,0,3,0,2.5,Japan,,12814,Japan,,Japan
Argentina,0,3,0,2.5,United Kingdom,,12814,United Kingdom,,United Kingdom
Argentina,0,3,0,2.5,China,,12814,China,,China
Argentina,0,3,0,2.5,Japan,,12814,Japan,,Japan
Argentina,0,3,0,2.5,Brazil,,12814,Brazil,,Brazil
Argentina,0,3,0,2.5,Paraguay,,12814,Paraguay,,Paraguay
Argentina,0,3,0,2.5,Vietnam,,12814,Vietnam,,Vietnam
Argentina,0,3,0,2.5,Venezuela,,12814,Venezuela,,Venezuela
Argentina,0,3,0,2.5,United States,,12814,United States,,United States
Argentina,0,3,0,2.5,Mexico,,12814,Mexico,,Mexico
Argentina,0,3,0,2.5,Chile,,12814,Chile,,Chile
Argentina,0,3,0,2.5,Argentina,,12814,Argentina,,Argentina
Argentina,0,3,0,2.5,Canada,,12814,Canada,,Canada
Argentina,0,3,0,2.5,Chile,,12814,Chile,,Chile
Argentina,0,3,0,2.5,Costa Rica,,12814,Costa Rica,,Costa Rica
Argentina,0,3,0,2.5,Argentina,,12814,Argentina,,Argentina
Argentina,0,3,0,2.5,France,,12814,France,,France
Argentina,0,3,0,2.5,Italy,,12814,Italy,,Italy
Argentina,0,3,0,2.5,Spain,,12814,Spain,,Spain
Argentina,0,3,0,2.5,Spain,,12814,Spain,,Spain
Argentina,0,3,0,2.5,Greece,,12814,Greece,,Greece
Argentina,0,3,0,2.5,Japan,,12814,Japan,,Japan
Argentina,0,3,0,2.5,Peru,,12814,Peru,,Peru
Argentina,0,3,0,2.5,Panama,,12814,Panama,,Panama
Argentina,0,3,0,2.5,Guatemala,,12814,Guatemala,,Guatemala
Argentina,0,3,0,2.5,Nicaragua,,12814,Nicaragua,,Nicaragua
Argentina,0,3,0,2.5,Dominican Republic,,12814,Dominican Republic,,Dominican Republic
Argentina,0,3,0,2.5,Honduras,,12814,Honduras,,Honduras
Argentina,0,3,0,2.5,Argentina,,12814,Argentina,,Argentina
Argentina,0,3,0,2.5,Argentina,,12814,Argentina,,Argentina
Argentina,0,3,0,2.5,Egypt,,12814,Egypt,,Egypt
Argentina,0,3,0,2.5,India,,12814,India,,India
Argentina,0,3,0,2.5,Bolivia,,12814,Bolivia,,Bolivia
Argentina,0,3,0,2.5,Bolivia,,12814,Bolivia,,Bolivia
Argentina,0,3,0,2.5,Bolivia,,12814,Bolivia,,Bolivia
Argentina,0,3,0,2.5,Argentina,,12814,Argentina,,Argentina
Argentina,0,3,0,2.5,Peru,,12814,Peru,,Peru
Argentina,0,3,0,2.5,Brazil,,12814,Brazil,,Brazil
Argentina,0,3,0,2.5,Chile,,12814,Chile,,Chile
Argentina,0,3,0,2.5,Uruguay,,12814,Uruguay,,Uruguay
Argentina,0,3,0,2.5,France,,12814,France,,France
Argentina,0,3,0,2.5,China,,12814,China,,China
Argentina,0,3,0,2.5,Mexico,,12814,Mexico,,Mexico
Argentina,0,3,0,2.5,Ecuador,,12814,Ecuador,,Ecuador
Argentina,0,3,0,2.5,Spain,,12814,Spain,,Spain
Argentina,0,3,0,2.5,Switzerland,,12814,Switzerland,,Switzerland
Argentina,0,3,0,2.5,Norway,,12814,Norway,,Norway
Argentina,0,3,0,2.5,Canada,,12814,Canada,,Canada
Argentina,0,3,0,2.5,Germany,,12814,Germany,,Germany
Argentina,0,3,0,2.5,Brazil,,12814,Brazil,,Brazil
Argentina,0,3,0,2.5,Colombia,,12814,Colombia,,Colombia
Argentina,0,3,0,2.5,Argentina,,12814,Argentina,,Argentina
Argentina,0,3,0,2.5,Iran,,12814,Iran,,Iran
Argentina,0,3,0,2.5,Kenya,,12814,Kenya,,Kenya
Argentina,0,3,0,2.5,Nigeria,,12814,Nigeria,,Nigeria
Argentina,0,3,0,2.5,Kazakhstan,,12814,Kazakhstan,,Kazakhstan
Argentina,0,3,0,2.5,Jordan,,12814,Jordan,,Jordan
Argentina,0,3,0,2.5,Brazil,,12814,Brazil,,Brazil
Argentina,0,3,0,2.5,Colombia,,12814,Colombia,,Colombia
Argentina,0,3,0,2.5,Peru,,12814,Peru,,Peru
Argentina,0,3,0,2.5,Brazil,,12814,Brazil,,Brazil
Argentina,0,3,0,2.5,China,,12814,China,,China
Argentina,0,3,0,2.5,United States,,12814,United States,,United States
Argentina,0,3,0,2.5,Russia,,12814,Russia,,Russia
Argentina,0,3,0,2.5,Germany,,12814,Germany,,Germany
Argentina,0,3,0,2.5,Peru,,12814,Peru,,Peru
Argentina,0,3,0,2.5,Ecuador,,12814,Ecuador,,Ecuador
Argentina,0,3,0,2.5,Chile,,12814,Chile,,Chile
Argentina,0,3,0,2.5,Argentina,,12814,Argentina,,Argentina
Argentina,0,3,0,2.5,China,,12814,China,,China
Argentina,0,3,0,2.5,North Korea,,12814,North Korea,,North Korea
Argentina,0,3,0,2.5,India,,12814,India,,India
Argentina,0,3,0,2.5,Thailand,,12814,Thailand,,Thailand
Argentina,0,3,0,2.5,China,,12814,China,,China
Argentina,0,3,0,2.5,Mexico,,12814,Mexico,,Mexico
Argentina,0,3,0,2.5,United States,,12814,United States,,United States
Argentina,0,3,0,2.5,Germany,,12814,Germany,,Germany
Argentina,0,3,0,2.5,India,,12814,India,,India
Argentina,0,3,0,2.5,Peru,,12814,Peru,,Peru
Argentina,0,3,0,2.5,Brazil,,12814,Brazil,,Brazil
Argentina,0,3,0,2.5,Brazil,,12814,Brazil,,Brazil
Argentina,0,3,0,2.5,Uruguay,,12814,Uruguay,,Uruguay
Argentina,0,3,0,2.5,North Korea,,12814,North Korea,,North Korea
Argentina,0,3,0,2.5,United States,,12814,United States,,United States
Argentina,0,3,0,2.5,Israel,,12814,Israel,,Israel
Argentina,0,3,0,2.5,Argentina,,12814,Argentina,,Argentina
Argentina,0,3,0,2.5,Argentina,,12814,Argentina,,Argentina
Argentina,0,3,0,2.5,Argentina,,12814,Argentina,,Argentina
Argentina,0,3,0,2.5,Argentina,,12814,Argentina,,Argentina
Argentina,0,3,0,2.5,Argentina,,12814,Argentina,,Argentina
Argentina,0,3,0,2.5,Argentina,,12814,Argentina,,Argentina
Argentina,0,3,0,2.5,Argentina,,12814,Argentina,,Argentina
Argentina,0,3,0,2.5,Argentina,,12814,Argentina,,Argentina
Argentina,0,3,0,2.5,Argentina,,12814,Argentina,,Argentina
Argentina,0,3,0,2.5,Argentina,,12814,Argentina,,Argentina
Argentina,0,3,0,2.5,Argentina,,12814,Argentina,,Argentina
Argentina,0,3,0,2.5,Argentina,,12814,Argentina,,Argentina
Argentina,0,3,0,2.5,Argentina,,12814,Argentina,,Argentina
Argentina,0,3,0,2.5,Argentina,,12814,Argentina,,Argentina
Argentina,0,3,0,2.5,Argentina,,12814,Argentina,,Argentina
Argentina,0,3,0,2.5,Argentina,,12814,Argentina,,Argentina
Argentina,0,3,0,2.5,Argentina,,12814,Argentina,,Argentina
Argentina,0,3,0,2.5,Argentina,,12814,Argentina,,Argentina
Argentina,0,3,0,2.5,Argentina,,12814,Argentina,,Argentina
Argentina,0,3,0,2.5,Argentina,,12814,Argentina,,Argentina
Argentina,0,3,0,2.5,Argentina,,12814,Argentina,,Argentina
Argentina,0,3,0,2.5,Argentina,,12814,Argentina,,Argentina
Argentina,0,3,0,2.5,Argentina,,12814,Argentina,,Argentina
Argentina,0,3,0,2.5,Bolivia,,12814,Bolivia,,Bolivia
Argentina,0,3,0,2.5,Bolivia,,12814,Bolivia,,Bolivia
Argentina,0,3,0,2.5,Bolivia,,12814,Bolivia,,Bolivia
Argentina,0,3,0,2.5,Bolivia,,12814,Bolivia,,Bolivia
Argentina,0,3,0,2.5,Brazil,,12814,Brazil,,Brazil
Argentina,0,3,0,2.5,Argentina,,12814,Argentina,,Argentina
Argentina,0,3,0,2.5,Congo Republic,,12814,Congo Republic,,Congo Republic
Argentina,0,3,0,2.5,Uruguay,,12814,Uruguay,,Uruguay
Argentina,0,3,0,2.5,Bahamas,,12814,Bahamas,,Bahamas
Argentina,0,3,0,2.5,Italy,,12814,Italy,,Italy
Argentina,0,3,0,2.5,United States,,12814,United States,,United States
Argentina,0,3,0,2.5,Cambodia,,12814,Cambodia,,Cambodia
Argentina,0,3,0,2.5,DR Congo,,12814,DR Congo,,DR Congo
Argentina,0,3,0,2.5,Dominican Republic,,12814,Dominican Republic,,Dominican Republic
Argentina,0,3,0,2.5,Guinea-Bissau,,12814,Guinea-Bissau,,Guinea-Bissau
Argentina,0,3,0,2.5,Ethiopia,,12814,Ethiopia,,Ethiopia
Argentina,0,3,0,2.5,Guinea,,12814,Guinea,,Guinea
Argentina,0,3,0,2.5,Brazil,,12814,Brazil,,Brazil
Argentina,0,3,0,2.5,Colombia,,12814,Colombia,,Colombia
Argentina,0,3,0,2.5,Cuba,,12814,Cuba,,Cuba
Argentina,0,3,0,2.5,Chile,,12814,Chile,,Chile
Argentina,0,3,0,2.5,Mexico,,12814,Mexico,,Mexico
Argentina,0,3,0,2.5,Morocco,,12814,Morocco,,Morocco
Argentina,0,3,0,2.5,Venezuela,,12814,Venezuela,,Venezuela
Argentina,0,3,0,2.5,Brazil,,12814,Brazil,,Brazil
Argentina,0,3,0,2.5,Colombia,,12814,Colombia,,Colombia
Argentina,0,3,0,2.5,Chile,,12814,Chile,,Chile
Argentina,0,3,0,2.5,Ecuador,,12814,Ecuador,,Ecuador
Argentina,0,3,0,2.5,Germany,,12814,Germany,,Germany
Argentina,0,3,0,2.5,El Salvador,,12814,El Salvador,,El Salvador
Argentina,0,3,0,2.5,Argentina,,12814,Argentina,,Argentina
Argentina,0,3,0,2.5,Colombia,,12814,Colombia,,Colombia
Argentina,0,3,0,2.5,Australia,,12814,Australia,,Australia
Argentina,0,3,0,2.5,Greece,,12814,Greece,,Greece
Argentina,0,3,0,2.5,Ecuador,,12814,Ecuador,,Ecuador
Argentina,0,3,0,2.5,Armenia,,12814,Armenia,,Armenia
Argentina,0,3,0,2.5,Germany,,12814,Germany,,Germany
Argentina,0,3,0,2.5,China,,12814,China,,China
Argentina,0,3,0,2.5,Greece,,12814,Greece,,Greece
Argentina,0,3,0,2.5,Italy,,12814,Italy,,Italy
Argentina,0,3,0,2.5,Jamaica,,12814,Jamaica,,Jamaica
Argentina,0,3,0,2.5,Palestine,,12814,Palestine,,Palestine
Argentina,0,3,0,2.5,Japan,,12814,Japan,,Japan
Argentina,0,3,0,2.5,Israel,,12814,Israel,,Israel
Argentina,0,3,0,2.5,China,,12814,China,,China
Argentina,0,3,0,2.5,Greece,,12814,Greece,,Greece
Argentina,0,3,0,2.5,Afghanistan,,12814,Afghanistan,,Afghanistan
Argentina,0,3,0,2.5,Kuwait,,12814,Kuwait,,Kuwait
Argentina,0,3,0,2.5,Venezuela,,12814,Venezuela,,Venezuela
Argentina,0,3,0,2.5,Switzerland,,12814,Switzerland,,Switzerland
Argentina,0,3,0,2.5,Afghanistan,,12814,Afghanistan,,Afghanistan
Argentina,0,3,0,2.5,Bulgaria,,12814,Bulgaria,,Bulgaria
Argentina,0,3,0,2.5,Italy,,12814,Italy,,Italy
Argentina,0,3,0,2.5,Italy,,12814,Italy,,Italy
Argentina,0,3,0,2.5,Argentina,,12814,Argentina,,Argentina
Argentina,0,3,0,2.5,Dominican Republic,,12814,Dominican Republic,,Dominican Republic
Argentina,0,3,0,2.5,Brazil,,12814,Brazil,,Brazil
Argentina,0,3,0,2.5,Argentina,,12814,Argentina,,Argentina
Argentina,0,3,0,2.5,Colombia,,12814,Colombia,,Colombia
Argentina,0,3,0,2.5,China,,12814,China,,China
Argentina,0,3,0,2.5,Maldives,,12814,Maldives,,Maldives
Argentina,0,3,0,2.5,Brazil,,12814,Brazil,,Brazil
Argentina,0,3,0,2.5,Mexico,,12814,Mexico,,Mexico
Argentina,0,3,0,2.5,France,,12814,France,,France
Argentina,0,3,0,2.5,Costa Rica,,12814,Costa Rica,,Costa Rica
Argentina,0,3,0,2.5,China,,12814,China,,China
Argentina,0,3,0,2.5,Chile,,12814,Chile,,Chile
Argentina,0,3,0,2.5,Peru,,12814,Peru,,Peru
Argentina,0,3,0,2.5,Angola,,12814,Angola,,Angola
Argentina,0,3,0,2.5,Argentina,,12814,Argentina,,Argentina
Argentina,0,3,0,2.5,Haiti,,12814,Haiti,,Haiti
Argentina,0,3,0,2.5,Italy,,12814,Italy,,Italy
Argentina,0,3,0,2.5,Brazil,,12814,Brazil,,Brazil
Argentina,0,3,0,2.5,Argentina,,12814,Argentina,,Argentina
Argentina,0,3,0,2.5,Brazil,,12814,Brazil,,Brazil
Argentina,0,3,0,2.5,Argentina,,12814,Argentina,,Argentina
Argentina,0,3,0,2.5,Argentina,,12814,Argentina,,Argentina
Argentina,0,3,0,2.5,Chile,,12814,Chile,,Chile
Argentina,0,3,0,2.5,Argentina,,12814,Argentina,,Argentina
Argentina,0,3,0,2.5,Germany,,12814,Germany,,Germany
Argentina,0,3,0,2.5,Germany,,12814,Germany,,Germany
Argentina,0,3,0,2.5,Argentina,,12814,Argentina,,Argentina
Argentina,0,3,0,2.5,France,,12814,France,,France
Argentina,0,3,0,2.5,Brazil,,12814,Brazil,,Brazil
Argentina,0,3,0,2.5,France,,12814,France,,France
Argentina,0,3,0,2.5,Cuba,,12814,Cuba,,Cuba
Argentina,0,3,0,2.5,Canada,,12814,Canada,,Canada
Argentina,0,3,0,2.5,Egypt,,12814,Egypt,,Egypt
Argentina,0,3,0,2.5,Argentina,,12814,Argentina,,Argentina
Argentina,0,3,0,2.5,India,,12814,India,,India
Argentina,0,3,0,2.5,Argentina,,12814,Argentina,,Argentina
Argentina,0,3,0,2.5,Ireland,,12814,Ireland,,Ireland
Argentina,0,3,0,2.5,Brazil,,12814,Brazil,,Brazil
Argentina,0,3,0,2.5,Central African Republic,,12814,Central African Republic,,Central African Republic
Argentina,0,3,0,2.5,Cote d'Ivoire,,12814,Cote d'Ivoire,,Cote d'Ivoire
Argentina,0,3,0,2.5,Colombia,,12814,Colombia,,Colombia
Argentina,0,3,0,2.5,Angola,,12814,Angola,,Angola
Argentina,0,3,0,2.5,Ethiopia,,12814,Ethiopia,,Ethiopia
Argentina,0,3,0,2.5,Bangladesh,,12814,Bangladesh,,Bangladesh
Argentina,0,3,0,2.5,Botswana,,12814,Botswana,,Botswana
Argentina,0,3,0,2.5,Mexico,,12814,Mexico,,Mexico
Argentina,0,3,0,2.5,Saudi Arabia,,12814,Saudi Arabia,,Saudi Arabia
Argentina,0,3,0,2.5,Bolivia,,12814,Bolivia,,Bolivia
Argentina,0,3,0,2.5,Afghanistan,,12814,Afghanistan,,Afghanistan
Argentina,0,3,0,2.5,Argentina,,12814,Argentina,,Argentina
Argentina,0,3,0,2.5,Angola,,12814,Angola,,Angola
Argentina,0,3,0,2.5,Argentina,,12814,Argentina,,Argentina
Argentina,0,3,0,2.5,Argentina,,12814,Argentina,,Argentina
Argentina,0,3,0,2.5,Argentina,,12814,Argentina,,Argentina
Argentina,0,3,0,2.5,Brazil,,12814,Brazil,,Brazil
Argentina,0,3,0,2.5,Argentina,,12814,Argentina,,Argentina
Argentina,0,3,0,2.5,Angola,,12814,Angola,,Angola
Argentina,0,3,0,2.5,Italy,,12814,Italy,,Italy
Argentina,0,3,0,2.5,Uruguay,,12814,Uruguay,,Uruguay
Argentina,0,3,0,2.5,China,,12814,China,,China
Argentina,0,3,0,2.5,Cameroon,,12814,Cameroon,,Cameroon
Argentina,0,3,0,2.5,Paraguay,,12814,Paraguay,,Paraguay
Argentina,0,3,0,2.5,Venezuela,,12814,Venezuela,,Venezuela
Argentina,0,3,0,2.5,Eritrea,,12814,Eritrea,,Eritrea
Argentina,0,3,0,2.5,Haiti,,12814,Haiti,,Haiti
Argentina,0,3,0,2.5,Italy,,12814,Italy,,Italy
Argentina,0,3,0,2.5,Sweden,,12814,Sweden,,Sweden
Argentina,0,3,0,2.5,Netherlands,,12814,Netherlands,,Netherlands
Argentina,0,3,0,2.5,Russia,,12814,Russia,,Russia
Argentina,0,3,0,2.5,India,,12814,India,,India
Argentina,0,3,0,2.5,Mexico,,12814,Mexico,,Mexico
Argentina,0,3,0,2.5,Spain,,12814,Spain,,Spain
Argentina,0,3,0,2.5,Iran,,12814,Iran,,Iran
Argentina,0,3,0,2.5,Iraq,,12814,Iraq,,Iraq
Argentina,0,3,0,2.5,Palestine,,12814,Palestine,,Palestine
Argentina,0,3,0,2.5,Israel,,12814,Israel,,Israel
Argentina,0,3,0,2.5,Germany,,12814,Germany,,Germany
Argentina,0,3,0,2.5,Argentina,,12814,Argentina,,Argentina
Argentina,0,3,0,2.5,Peru,,12814,Peru,,Peru
Argentina,0,3,0,2.5,Spain,,12814,Spain,,Spain
Argentina,0,3,0,2.5,Italy,,12814,Italy,,Italy
Argentina,0,3,0,2.5,France,,12814,France,,France
Argentina,0,3,0,2.5,Portugal,,12814,Portugal,,Portugal
Argentina,0,3,0,2.5,Saudi Arabia,,12814,Saudi Arabia,,Saudi Arabia
Argentina,0,3,0,2.5,Uruguay,,12814,Uruguay,,Uruguay
Argentina,0,3,0,2.5,Ireland,,12814,Ireland,,Ireland
Argentina,0,3,0,2.5,United States,,12814,United States,,United States
Argentina,0,3,0,2.5,France,,12814,France,,France
Argentina,0,3,0,2.5,Germany,,12814,Germany,,Germany
Argentina,0,3,0,2.5,Japan,,12814,Japan,,Japan
Argentina,0,3,0,2.5,China,,12814,China,,China
Argentina,0,3,0,2.5,Peru,,12814,Peru,,Peru
Argentina,0,3,0,2.5,Bolivia,,12814,Bolivia,,Bolivia
Argentina,0,3,0,2.5,Suriname,,12814,Suriname,,Suriname
Argentina,0,3,0,2.5,Guyana,,12814,Guyana,,Guyana
Argentina,0,3,0,2.5,Finland,,12814,Finland,,Finland
Argentina,0,3,0,2.5,Netherlands,,12814,Netherlands,,Netherlands
Argentina,0,3,0,2.5,China,,12814,China,,China
Argentina,0,3,0,2.5,India,,12814,India,,India
Argentina,0,3,0,2.5,Japan,,12814,Japan,,Japan
Argentina,0,3,0,2.5,Spain,,12814,Spain,,Spain
Argentina,0,3,0,2.5,United Kingdom,,12814,United Kingdom,,United Kingdom
Argentina,0,3,0,2.5,Canada,,12814,Canada,,Canada
Argentina,0,3,0,2.5,Paraguay,,12814,Paraguay,,Paraguay
Argentina,0,3,0,2.5,Bolivia,,12814,Bolivia,,Bolivia
Argentina,0,3,0,2.5,Argentina,,12814,Argentina,,Argentina
Argentina,0,3,0,2.5,Germany,,12814,Germany,,Germany
Argentina,0,3,0,2.5,Mexico,,12814,Mexico,,Mexico
Argentina,0,3,0,2.5,Chile,,12814,Chile,,Chile
Argentina,0,3,0,2.5,United States,,12814,United States,,United States
Argentina,0,3,0,2.5,Argentina,,12814,Argentina,,Argentina
Argentina,0,3,0,2.5,Uruguay,,12814,Uruguay,,Uruguay
Argentina,0,3,0,2.5,Chile,,12814,Chile,,Chile
Argentina,0,3,0,2.5,Bolivia,,12814,Bolivia,,Bolivia
Argentina,0,3,0,2.5,Peru,,12814,Peru,,Peru
Argentina,0,3,0,2.5,Ecuador,,12814,Ecuador,,Ecuador
Argentina,0,3,0,2.5,Colombia,,12814,Colombia,,Colombia
Argentina,0,3,0,2.5,Venezuela,,12814,Venezuela,,Venezuela
Argentina,0,3,0,2.5,Panama,,12814,Panama,,Panama
Argentina,0,3,0,2.5,Costa Rica,,12814,Costa Rica,,Costa Rica
Argentina,0,3,0,2.5,Guatemala,,12814,Guatemala,,Guatemala
Argentina,0,3,0,2.5,Nicaragua,,12814,Nicaragua,,Nicaragua
Argentina,0,3,0,2.5,El Salvador,,12814,El Salvador,,El Salvador
Argentina,0,3,0,2.5,Spain,,12814,Spain,,Spain
Argentina,0,3,0,2.5,Cuba,,12814,Cuba,,Cuba
Argentina,0,3,0,2.5,Mexico,,12814,Mexico,,Mexico
Argentina,0,3,0,2.5,Haiti,,12814,Haiti,,Haiti
Argentina,0,3,0,2.5,Chile,,12814,Chile,,Chile
Argentina,0,3,0,2.5,Iceland,,12814,Iceland,,Iceland
Argentina,0,3,0,2.5,Bolivia,,12814,Bolivia,,Bolivia
Argentina,0,3,0,2.5,Cuba,,12814,Cuba,,Cuba
Argentina,0,3,0,2.5,Paraguay,,12814,Paraguay,,Paraguay
Argentina,0,3,0,2.5,Mexico,,12814,Mexico,,Mexico
Argentina,0,3,0,2.5,Italy,,12814,Italy,,Italy
Argentina,0,3,0,2.5,Cuba,,12814,Cuba,,Cuba
Argentina,0,3,0,2.5,Uruguay,,12814,Uruguay,,Uruguay
Argentina,0,3,0,2.5,Congo Republic,,12814,Congo Republic,,Congo Republic
Argentina,0,3,0,2.5,Mexico,,12814,Mexico,,Mexico
Argentina,0,3,0,2.5,San Marino,,12814,San Marino,,San Marino
Argentina,0,3,0,2.5,Spain,,12814,Spain,,Spain
Argentina,0,3,0,2.5,Congo Republic,,12814,Congo Republic,,Congo Republic
Argentina,0,3,0,2.5,Ecuador,,12814,Ecuador,,Ecuador
Argentina,0,3,0,2.5,Japan,,12814,Japan,,Japan
Argentina,0,3,0,2.5,Argentina,,12814,Argentina,,Argentina
Argentina,0,3,0,2.5,Argentina,,12814,Argentina,,Argentina
Argentina,0,3,0,2.5,Argentina,,12814,Argentina,,Argentina
Argentina,0,3,0,2.5,Bolivia,,12814,Bolivia,,Bolivia
Argentina,0,3,0,2.5,Afghanistan,,12814,Afghanistan,,Afghanistan
Argentina,0,3,0,2.5,Angola,,12814,Angola,,Angola
Argentina,0,3,0,2.5,Burundi,,12814,Burundi,,Burundi
Argentina,0,3,0,2.5,Belgium,,12814,Belgium,,Belgium
Argentina,0,3,0,2.5,Brazil,,12814,Brazil,,Brazil
Argentina,0,3,0,2.5,Brazil,,12814,Brazil,,Brazil
Argentina,0,3,0,2.5,Argentina,,12814,Argentina,,Argentina
Argentina,0,3,0,2.5,France,,12814,France,,France
Argentina,0,3,0,2.5,Chile,,12814,Chile,,Chile
Argentina,0,3,0,2.5,Cuba,,12814,Cuba,,Cuba
Argentina,0,3,0,2.5,Colombia,,12814,Colombia,,Colombia
Argentina,0,3,0,2.5,Albania,,12814,Albania,,Albania
Argentina,0,3,0,2.5,Sierra Leone,,12814,Sierra Leone,,Sierra Leone
Argentina,0,3,0,2.5,Libya,,12814,Libya,,Libya
Argentina,0,3,0,2.5,Argentina,,12814,Argentina,,Argentina
Argentina,0,3,0,2.5,Brazil,,12814,Brazil,,Brazil
Argentina,0,3,0,2.5,United Kingdom,,12814,United Kingdom,,United Kingdom
Argentina,0,3,0,2.5,Mexico,,12814,Mexico,,Mexico
Argentina,0,3,0,2.5,Peru,,12814,Peru,,Peru
Argentina,0,3,0,2.5,Cuba,,12814,Cuba,,Cuba
Argentina,0,3,0,2.5,Norway,,12814,Norway,,Norway
Argentina,0,3,0,2.5,Italy,,12814,Italy,,Italy
Argentina,0,3,0,2.5,Uruguay,,12814,Uruguay,,Uruguay
Argentina,0,3,0,2.5,Brazil,,12814,Brazil,,Brazil
Argentina,0,3,0,2.5,Indonesia,,12814,Indonesia,,Indonesia
Argentina,0,3,0,2.5,Uruguay,,12814,Uruguay,,Uruguay
Argentina,0,3,0,2.5,Spain,,12814,Spain,,Spain
Argentina,0,3,0,2.5,Angola,,12814,Angola,,Angola
Argentina,0,3,0,2.5,India,,12814,India,,India
Argentina,0,3,0,2.5,India,,12814,India,,India
Argentina,0,3,0,2.5,Mali,,12814,Mali,,Mali
Argentina,0,3,0,2.5,Jordan,,12814,Jordan,,Jordan
Argentina,0,3,0,2.5,Argentina,,12814,Argentina,,Argentina
Argentina,0,3,0,2.5,Azerbaijan,,12814,Azerbaijan,,Azerbaijan
Argentina,0,3,0,2.5,Egypt,,12814,Egypt,,Egypt
Argentina,0,3,0,2.5,Argentina,,12814,Argentina,,Argentina
Argentina,0,3,0,2.5,Argentina,,12814,Argentina,,Argentina
Argentina,0,3,0,2.5,Morocco,,12814,Morocco,,Morocco
Argentina,0,3,0,2.5,Argentina,,12814,Argentina,,Argentina
Argentina,0,3,0,2.5,Austria,,12814,Austria,,Austria
Argentina,0,3,0,2.5,Bulgaria,,12814,Bulgaria,,Bulgaria
Argentina,0,3,0,2.5,Cuba,,12814,Cuba,,Cuba
Argentina,0,3,0,2.5,Brazil,,12814,Brazil,,Brazil
Argentina,0,3,0,2.5,Cuba,,12814,Cuba,,Cuba
Argentina,0,3,0,2.5,Argentina,,12814,Argentina,,Argentina
Argentina,0,3,0,2.5,Cameroon,,12814,Cameroon,,Cameroon
Argentina,0,3,0,2.5,India,,12814,India,,India
Argentina,0,3,0,2.5,Afghanistan,,12814,Afghanistan,,Afghanistan
Argentina,0,3,0,2.5,Afghanistan,,12814,Afghanistan,,Afghanistan
Argentina,0,3,0,2.5,Congo Republic,,12814,Congo Republic,,Congo Republic
Argentina,0,3,0,2.5,Brazil,,12814,Brazil,,Brazil
Argentina,0,3,0,2.5,India,,12814,India,,India
Argentina,0,3,0,2.5,Cuba,,12814,Cuba,,Cuba
Argentina,0,3,0,2.5,Cuba,,12814,Cuba,,Cuba
Argentina,0,3,0,2.5,Venezuela,,12814,Venezuela,,Venezuela
Argentina,0,3,0,2.5,Senegal,,12814,Senegal,,Senegal
Argentina,0,3,0,2.5,Haiti,,12814,Haiti,,Haiti
Argentina,0,3,0,2.5,Sweden,,12814,Sweden,,Sweden
Argentina,0,3,0,2.5,Bolivia,,12814,Bolivia,,Bolivia
Argentina,0,3,0,2.5,India,,12814,India,,India
Argentina,0,3,0,2.5,Switzerland,,12814,Switzerland,,Switzerland
Argentina,0,3,0,2.5,Japan,,12814,Japan,,Japan
Argentina,0,3,0,2.5,Argentina,,12814,Argentina,,Argentina
Argentina,0,3,0,2.5,Peru,,12814,Peru,,Peru
Argentina,0,3,0,2.5,Argentina,,12814,Argentina,,Argentina
Argentina,0,3,0,2.5,Argentina,,12814,Argentina,,Argentina
Argentina,0,3,0,2.5,Spain,,12814,Spain,,Spain
Argentina,0,3,0,2.5,Peru,,12814,Peru,,Peru
Argentina,0,3,0,2.5,Brazil,,12814,Brazil,,Brazil
Argentina,0,3,0,2.5,Germany,,12814,Germany,,Germany
Argentina,0,3,0,2.5,Italy,,12814,Italy,,Italy
Argentina,0,3,0,2.5,France,,12814,France,,France
Argentina,0,3,0,2.5,Cuba,,12814,Cuba,,Cuba
Argentina,0,3,0,2.5,Argentina,,12814,Argentina,,Argentina
Argentina,0,3,0,2.5,Brazil,,12814,Brazil,,Brazil
Argentina,0,3,0,2.5,Armenia,,12814,Armenia,,Armenia
Argentina,0,3,0,2.5,Peru,,12814,Peru,,Peru
Argentina,0,3,0,2.5,Bolivia,,12814,Bolivia,,Bolivia
Argentina,0,3,0,2.5,Argentina,,12814,Argentina,,Argentina
Argentina,0,3,0,2.5,Germany,,12814,Germany,,Germany
Argentina,0,3,0,2.5,Iran,,12814,Iran,,Iran
Argentina,0,3,0,2.5,Paraguay,,12814,Paraguay,,Paraguay
Argentina,0,3,0,2.5,Brazil,,12814,Brazil,,Brazil
Argentina,0,3,0,2.5,Dominican Republic,,12814,Dominican Republic,,Dominican Republic
Argentina,0,3,0,2.5,Cuba,,12814,Cuba,,Cuba
Argentina,0,3,0,2.5,Italy,,12814,Italy,,Italy
Argentina,0,3,0,2.5,Colombia,,12814,Colombia,,Colombia
Argentina,0,3,0,2.5,France,,12814,France,,France
Argentina,0,3,0,2.5,India,,12814,India,,India
Argentina,0,3,0,2.5,Italy,,12814,Italy,,Italy
Argentina,0,3,0,2.5,Peru,,12814,Peru,,Peru
Argentina,0,3,0,2.5,Armenia,,12814,Armenia,,Armenia
Argentina,0,3,0,2.5,Bolivia,,12814,Bolivia,,Bolivia
Argentina,0,3,0,2.5,India,,12814,India,,India
Argentina,0,3,0,2.5,Japan,,12814,Japan,,Japan
Argentina,0,3,0,2.5,Egypt,,12814,Egypt,,Egypt
Argentina,0,3,0,2.5,Argentina,,12814,Argentina,,Argentina
Argentina,0,3,0,2.5,Brazil,,12814,Brazil,,Brazil
Argentina,0,3,0,2.5,Colombia,,12814,Colombia,,Colombia
Argentina,0,3,0,2.5,France,,12814,France,,France
Argentina,0,3,0,2.5,Dominican Republic,,12814,Dominican Republic,,Dominican Republic
Argentina,0,3,0,2.5,Chile,,12814,Chile,,Chile
Argentina,0,3,0,2.5,Mexico,,12814,Mexico,,Mexico
Argentina,0,3,0,2.5,Austria,,12814,Austria,,Austria
Argentina,0,3,0,2.5,Finland,,12814,Finland,,Finland
Argentina,0,3,0,2.5,Germany,,12814,Germany,,Germany
Argentina,0,3,0,2.5,Israel,,12814,Israel,,Israel
Argentina,0,3,0,2.5,Switzerland,,12814,Switzerland,,Switzerland
Argentina,0,3,0,2.5,Brazil,,12814,Brazil,,Brazil
Argentina,0,3,0,2.5,Jamaica,,12814,Jamaica,,Jamaica
Argentina,0,3,0,2.5,Peru,,12814,Peru,,Peru
Argentina,0,3,0,2.5,Afghanistan,,12814,Afghanistan,,Afghanistan
Argentina,0,3,0,2.5,Angola,,12814,Angola,,Angola
Argentina,0,3,0,2.5,Bolivia,,12814,Bolivia,,Bolivia
Argentina,0,3,0,2.5,Czechia,,12814,Czechia,,Czechia
Argentina,0,3,0,2.5,Paraguay,,12814,Paraguay,,Paraguay
Argentina,0,3,0,2.5,Mexico,,12814,Mexico,,Mexico
Argentina,0,3,0,2.5,Angola,,12814,Angola,,Angola
Argentina,0,3,0,2.5,Brazil,,12814,Brazil,,Brazil
Argentina,0,3,0,2.5,Kenya,,12814,Kenya,,Kenya
Argentina,0,3,0,2.5,Madagascar,,12814,Madagascar,,Madagascar
Argentina,0,3,0,2.5,Tanzania,,12814,Tanzania,,Tanzania
Argentina,0,3,0,2.5,Austria,,12814,Austria,,Austria
Argentina,0,3,0,2.5,Canada,,12814,Canada,,Canada
Argentina,0,3,0,2.5,Japan,,12814,Japan,,Japan
Argentina,0,3,0,2.5,United States,,12814,United States,,United States
Argentina,0,3,0,2.5,France,,12814,France,,France
Argentina,0,3,0,2.5,Nigeria,,12814,Nigeria,,Nigeria
Argentina,0,3,0,2.5,Angola,,12814,Angola,,Angola
Argentina,0,3,0,2.5,Paraguay,,12814,Paraguay,,Paraguay
Argentina,0,3,0,2.5,Argentina,,12814,Argentina,,Argentina
Argentina,0,3,0,2.5,Argentina,,12814,Argentina,,Argentina
Argentina,0,3,0,2.5,Haiti,,12814,Haiti,,Haiti
Argentina,0,3,0,2.5,Chile,,12814,Chile,,Chile
Argentina,0,3,0,2.5,Bolivia,,12814,Bolivia,,Bolivia
Argentina,0,3,0,2.5,United States,,12814,United States,,United States
Argentina,0,3,0,2.5,Russia,,12814,Russia,,Russia
Argentina,0,3,0,2.5,Israel,,12814,Israel,,Israel
Argentina,0,3,0,2.5,Argentina,,12814,Argentina,,Argentina
Argentina,0,3,0,2.5,Argentina,,12814,Argentina,,Argentina
Argentina,0,3,0,2.5,Central African Republic,,12814,Central African Republic,,Central African Republic
Argentina,0,3,0,2.5,Paraguay,,12814,Paraguay,,Paraguay
Argentina,0,3,0,2.5,Colombia,,12814,Colombia,,Colombia
Argentina,0,3,0,2.5,Iran,,12814,Iran,,Iran
Argentina,0,3,0,2.5,Afghanistan,,12814,Afghanistan,,Afghanistan
Argentina,0,3,0,2.5,Greece,,12814,Greece,,Greece
Argentina,0,3,0,2.5,Ecuador,,12814,Ecuador,,Ecuador
Argentina,0,3,0,2.5,Colombia,,12814,Colombia,,Colombia
Argentina,0,3,0,2.5,Brazil,,12814,Brazil,,Brazil
Argentina,0,3,0,2.5,Brazil,,12814,Brazil,,Brazil
Argentina,0,3,0,2.5,Peru,,12814,Peru,,Peru
Argentina,0,3,0,2.5,Brazil,,12814,Brazil,,Brazil
Argentina,0,3,0,2.5,Spain,,12814,Spain,,Spain
Argentina,0,3,0,2.5,Belgium,,12814,Belgium,,Belgium
Argentina,0,3,0,2.5,Dominican Republic,,12814,Dominican Republic,,Dominican Republic
Argentina,0,3,0,2.5,Qatar,,12814,Qatar,,Qatar
Argentina,0,3,0,2.5,Mexico,,12814,Mexico,,Mexico
Argentina,0,3,0,2.5,Argentina,,12814,Argentina,,Argentina
Argentina,0,3,0,2.5,Afghanistan,,12814,Afghanistan,,Afghanistan
Argentina,0,3,0,2.5,Croatia,,12814,Croatia,,Croatia
Argentina,0,3,0,2.5,Argentina,,12814,Argentina,,Argentina
Argentina,0,3,0,2.5,Paraguay,,12814,Paraguay,,Paraguay
Argentina,0,3,0,2.5,Peru,,12814,Peru,,Peru
Argentina,0,3,0,2.5,Afghanistan,,12814,Afghanistan,,Afghanistan
Argentina,0,3,0,2.5,Algeria,,12814,Algeria,,Algeria
Argentina,0,3,0,2.5,Israel,,12814,Israel,,Israel
Argentina,0,3,0,2.5,Argentina,,12814,Argentina,,Argentina
Argentina,0,3,0,2.5,Brazil,,12814,Brazil,,Brazil
Argentina,0,3,0,2.5,Chile,,12814,Chile,,Chile
Argentina,0,3,0,2.5,El Salvador,,12814,El Salvador,,El Salvador
Argentina,0,3,0,2.5,Argentina,,12814,Argentina,,Argentina
Argentina,0,3,0,2.5,Argentina,,12814,Argentina,,Argentina
Argentina,0,3,0,2.5,Afghanistan,,12814,Afghanistan,,Afghanistan
Argentina,0,3,0,2.5,Italy,,12814,Italy,,Italy
Argentina,0,3,0,2.5,Chile,,12814,Chile,,Chile
Argentina,0,3,0,2.5,Brazil,,12814,Brazil,,Brazil
Argentina,0,3,0,2.5,Argentina,,12814,Argentina,,Argentina
Argentina,0,3,0,2.5,Brazil,,12814,Brazil,,Brazil
Argentina,0,3,0,2.5,Iran,,12814,Iran,,Iran
Argentina,0,3,0,2.5,Iraq,,12814,Iraq,,Iraq
Argentina,0,3,0,2.5,Peru,,12814,Peru,,Peru
Argentina,0,3,0,2.5,Argentina,,12814,Argentina,,Argentina
Argentina,0,3,0,2.5,Brazil,,12814,Brazil,,Brazil
Argentina,0,3,0,2.5,Afghanistan,,12814,Afghanistan,,Afghanistan
Argentina,0,3,0,2.5,Nigeria,,12814,Nigeria,,Nigeria
Argentina,0,3,0,2.5,Venezuela,,12814,Venezuela,,Venezuela
Argentina,0,3,0,2.5,Brazil,,12814,Brazil,,Brazil
Argentina,0,3,0,2.5,Argentina,,12814,Argentina,,Argentina
Argentina,0,3,0,2.5,Argentina,,12814,Argentina,,Argentina
Argentina,0,3,0,2.5,Argentina,,12814,Argentina,,Argentina
Argentina,0,3,0,2.5,Mexico,,12814,Mexico,,Mexico
Argentina,0,3,0,2.5,Venezuela,,12814,Venezuela,,Venezuela
Argentina,0,3,0,2.5,Haiti,,12814,Haiti,,Haiti
Argentina,0,3,0,2.5,Paraguay,,12814,Paraguay,,Paraguay
Argentina,0,3,0,2.5,Chile,,12814,Chile,,Chile
Argentina,0,3,0,2.5,Bolivia,,12814,Bolivia,,Bolivia
Argentina,0,3,0,2.5,Cambodia,,12814,Cambodia,,Cambodia
Argentina,0,3,0,2.5,Haiti,,12814,Haiti,,Haiti
Argentina,0,3,0,2.5,Peru,,12814,Peru,,Peru
Argentina,0,3,0,2.5,Angola,,12814,Angola,,Angola
Argentina,0,3,0,2.5,United Kingdom,,12814,United Kingdom,,United Kingdom
Argentina,0,3,0,2.5,Brazil,,12814,Brazil,,Brazil
Argentina,0,3,0,2.5,Mexico,,12814,Mexico,,Mexico
Argentina,0,3,0,2.5,Brazil,,12814,Brazil,,Brazil
Argentina,0,3,0,2.5,Afghanistan,,12814,Afghanistan,,Afghanistan
Argentina,0,3,0,2.5,Argentina,,12814,Argentina,,Argentina
Argentina,0,3,0,2.5,India,,12814,India,,India
Argentina,0,3,0,2.5,Argentina,,12814,Argentina,,Argentina
Argentina,0,3,0,2.5,Argentina,,12814,Argentina,,Argentina
Argentina,0,3,0,2.5,Argentina,,12814,Argentina,,Argentina
Argentina,0,3,0,2.5,Spain,,12814,Spain,,Spain
Argentina,0,3,0,2.5,Brazil,,12814,Brazil,,Brazil
Argentina,0,3,0,2.5,France,,12814,France,,France
Argentina,0,3,0,2.5,Cote d'Ivoire,,12814,Cote d'Ivoire,,Cote d'Ivoire
Argentina,0,3,0,2.5,Argentina,,12814,Argentina,,Argentina
Argentina,0,3,0,2.5,Argentina,,12814,Argentina,,Argentina
Argentina,0,3,0,2.5,Argentina,,12814,Argentina,,Argentina
Argentina,0,3,0,2.5,Argentina,,12814,Argentina,,Argentina
Argentina,0,3,0,2.5,Argentina,,12814,Argentina,,Argentina
Argentina,0,3,0,2.5,Argentina,,12814,Argentina,,Argentina
Argentina,0,3,0,2.5,Argentina,,12814,Argentina,,Argentina
Argentina,0,3,0,2.5,Argentina,,12814,Argentina,,Argentina
Argentina,0,3,0,2.5,Bolivia,,12814,Bolivia,,Bolivia
Argentina,0,3,0,2.5,Greece,,12814,Greece,,Greece
Argentina,0,3,0,2.5,Egypt,,12814,Egypt,,Egypt
Argentina,0,3,0,2.5,Sweden,,12814,Sweden,,Sweden
Argentina,0,3,0,2.5,Italy,,12814,Italy,,Italy
Argentina,0,3,0,2.5,France,,12814,France,,France
Argentina,0,3,0,2.5,Cuba,,12814,Cuba,,Cuba
Argentina,0,3,0,2.5,Qatar,,12814,Qatar,,Qatar
Argentina,0,3,0,2.5,Brazil,,12814,Brazil,,Brazil
Argentina,0,3,0,2.5,Uruguay,,12814,Uruguay,,Uruguay
Argentina,0,3,0,2.5,Ecuador,,12814,Ecuador,,Ecuador
Argentina,0,3,0,2.5,Colombia,,12814,Colombia,,Colombia
Argentina,0,3,0,2.5,Mexico,,12814,Mexico,,Mexico
Argentina,0,3,0,2.5,Brazil,,12814,Brazil,,Brazil
Argentina,0,3,0,2.5,Colombia,,12814,Colombia,,Colombia
Argentina,0,3,0,2.5,Peru,,12814,Peru,,Peru
Argentina,0,3,0,2.5,Uruguay,,12814,Uruguay,,Uruguay
Argentina,0,3,0,2.5,Italy,,12814,Italy,,Italy
Argentina,0,3,0,2.5,United Kingdom,,12814,United Kingdom,,United Kingdom
Argentina,0,3,0,2.5,Germany,,12814,Germany,,Germany
Argentina,0,3,0,2.5,Paraguay,,12814,Paraguay,,Paraguay
Argentina,0,3,0,2.5,Argentina,,12814,Argentina,,Argentina
Argentina,0,3,0,2.5,Brazil,,12814,Brazil,,Brazil
Argentina,0,3,0,2.5,Uruguay,,12814,Uruguay,,Uruguay
Argentina,0,3,0,2.5,Iran,,12814,Iran,,Iran
Argentina,0,3,0,2.5,Venezuela,,12814,Venezuela,,Venezuela
Argentina,0,3,0,2.5,United Arab Emirates,,12814,United Arab Emirates,,United Arab Emirates
Argentina,0,3,0,2.5,Argentina,,12814,Argentina,,Argentina
Argentina,0,3,0,2.5,Argentina,,12814,Argentina,,Argentina
Argentina,0,3,0,2.5,Argentina,,12814,Argentina,,Argentina
Argentina,0,3,0,2.5,Spain,,12814,Spain,,Spain
Argentina,0,3,0,2.5,Italy,,12814,Italy,,Italy
Argentina,0,3,0,2.5,France,,12814,France,,France
Argentina,0,3,0,2.5,United Kingdom,,12814,United Kingdom,,United Kingdom
Argentina,0,3,0,2.5,United Kingdom,,12814,United Kingdom,,United Kingdom
Argentina,0,3,0,2.5,United States,,12814,United States,,United States
Argentina,0,3,0,2.5,China,,12814,China,,China
Argentina,0,3,0,2.5,Argentina,,12814,Argentina,,Argentina
Argentina,0,3,0,2.5,Spain,,12814,Spain,,Spain
Argentina,0,3,0,2.5,Italy,,12814,Italy,,Italy
Argentina,0,3,0,2.5,Brazil,,12814,Brazil,,Brazil
Argentina,0,3,0,2.5,Angola,,12814,Angola,,Angola
Argentina,0,3,0,2.5,Haiti,,12814,Haiti,,Haiti
Argentina,0,3,0,2.5,Brazil,,12814,Brazil,,Brazil
Argentina,0,3,0,2.5,Afghanistan,,12814,Afghanistan,,Afghanistan
Argentina,0,3,0,2.5,France,,12814,France,,France
Argentina,0,3,0,2.5,Uruguay,,12814,Uruguay,,Uruguay
Argentina,0,3,0,2.5,Peru,,12814,Peru,,Peru
Argentina,0,3,0,2.5,Argentina,,12814,Argentina,,Argentina
Argentina,0,3,0,2.5,Italy,,12814,Italy,,Italy
Argentina,0,3,0,2.5,Germany,,12814,Germany,,Germany
Argentina,0,3,0,2.5,Italy,,12814,Italy,,Italy
Argentina,0,3,0,2.5,Argentina,,12814,Argentina,,Argentina
Argentina,0,3,0,2.5,Germany,,12814,Germany,,Germany
Argentina,0,3,0,2.5,France,,12814,France,,France
Argentina,0,3,0,2.5,France,,12814,France,,France
Argentina,0,3,0,2.5,France,,12814,France,,France
Argentina,0,3,0,2.5,China,,12814,China,,China
Argentina,0,3,0,2.5,Italy,,12814,Italy,,Italy
Argentina,0,3,0,2.5,United States,,12814,United States,,United States
Argentina,0,3,0,2.5,Cuba,,12814,Cuba,,Cuba
Argentina,0,3,0,2.5,Argentina,,12814,Argentina,,Argentina
Argentina,0,3,0,2.5,Italy,,12814,Italy,,Italy
Argentina,0,3,0,2.5,France,,12814,France,,France
Argentina,0,3,0,2.5,Haiti,,12814,Haiti,,Haiti
Argentina,0,3,0,2.5,Angola,,12814,Angola,,Angola
Argentina,0,3,0,2.5,Brazil,,12814,Brazil,,Brazil
Argentina,0,3,0,2.5,Argentina,,12814,Argentina,,Argentina
Argentina,0,3,0,2.5,Bolivia,,12814,Bolivia,,Bolivia
Argentina,0,3,0,2.5,Ecuador,,12814,Ecuador,,Ecuador
Argentina,0,3,0,2.5,Colombia,,12814,Colombia,,Colombia
Argentina,0,3,0,2.5,Argentina,,12814,Argentina,,Argentina
Argentina,0,3,0,2.5,France,,12814,France,,France
Argentina,0,3,0,2.5,Germany,,12814,Germany,,Germany
Argentina,0,3,0,2.5,United States,,12814,United States,,United States
Argentina,0,3,0,2.5,Brazil,,12814,Brazil,,Brazil
Argentina,0,3,0,2.5,Bolivia,,12814,Bolivia,,Bolivia
Argentina,0,3,0,2.5,Haiti,,12814,Haiti,,Haiti
Argentina,0,3,0,2.5,China,,12814,China,,China
Argentina,0,3,0,2.5,India,,12814,India,,India
Argentina,0,3,0,2.5,Nigeria,,12814,Nigeria,,Nigeria
Argentina,0,3,0,2.5,Argentina,,12814,Argentina,,Argentina
Argentina,0,3,0,2.5,Colombia,,12814,Colombia,,Colombia
Argentina,0,3,0,2.5,Argentina,,12814,Argentina,,Argentina
Argentina,0,3,0,2.5,Paraguay,,12814,Paraguay,,Paraguay
Argentina,0,3,0,2.5,Argentina,,12814,Argentina,,Argentina
Argentina,0,3,0,2.5,Colombia,,12814,Colombia,,Colombia
Argentina,0,3,0,2.5,Bolivia,,12814,Bolivia,,Bolivia
Argentina,0,3,0,2.5,Nigeria,,12814,Nigeria,,Nigeria
Argentina,0,3,0,2.5,Paraguay,,12814,Paraguay,,Paraguay
Argentina,0,3,0,2.5,Argentina,,12814,Argentina,,Argentina
Argentina,0,3,0,2.5,Argentina,,12814,Argentina,,Argentina
Argentina,0,3,0,2.5,Brazil,,12814,Brazil,,Brazil
Argentina,0,3,0,2.5,Canada,,12814,Canada,,Canada
Argentina,0,3,0,2.5,Russia,,12814,Russia,,Russia
Argentina,0,3,0,2.5,Haiti,,12814,Haiti,,Haiti
Argentina,0,3,0,2.5,Brazil,,12814,Brazil,,Brazil
Argentina,0,3,0,2.5,Colombia,,12814,Colombia,,Colombia
Argentina,0,3,0,2.5,Bolivia,,12814,Bolivia,,Bolivia
Argentina,0,3,0,2.5,Peru,,12814,Peru,,Peru
Argentina,0,3,0,2.5,Italy,,12814,Italy,,Italy
Argentina,0,3,0,2.5,Uruguay,,12814,Uruguay,,Uruguay
Argentina,0,3,0,2.5,Colombia,,12814,Colombia,,Colombia
Argentina,0,3,0,2.5,Mexico,,12814,Mexico,,Mexico
Argentina,0,3,0,2.5,Afghanistan,,12814,Afghanistan,,Afghanistan
Argentina,0,3,0,2.5,Angola,,12814,Angola,,Angola
Argentina,0,3,0,2.5,Cambodia,,12814,Cambodia,,Cambodia
Argentina,0,3,0,2.5,Argentina,,12814,Argentina,,Argentina
Argentina,0,3,0,2.5,Afghanistan,,12814,Afghanistan,,Afghanistan
Argentina,0,3,0,2.5,Angola,,12814,Angola,,Angola
Argentina,0,3,0,2.5,Argentina,,12814,Argentina,,Argentina
Argentina,0,3,0,2.5,Paraguay,,12814,Paraguay,,Paraguay
Argentina,0,3,0,2.5,Uruguay,,12814,Uruguay,,Uruguay
Argentina,0,3,0,2.5,Bolivia,,12814,Bolivia,,Bolivia
Argentina,0,3,0,2.5,Argentina,,12814,Argentina,,Argentina
Argentina,0,3,0,2.5,Argentina,,12814,Argentina,,Argentina
Argentina,0,3,0,2.5,Italy,,12814,Italy,,Italy
Argentina,0,3,0,2.5,Brazil,,12814,Brazil,,Brazil
Argentina,0,3,0,2.5,Brazil,,12814,Brazil,,Brazil
Argentina,0,3,0,2.5,Colombia,,12814,Colombia,,Colombia
Argentina,0,3,0,2.5,Argentina,,12814,Argentina,,Argentina
Argentina,0,3,0,2.5,Brazil,,12814,Brazil,,Brazil
Argentina,0,3,0,2.5,Afghanistan,,12814,Afghanistan,,Afghanistan
Argentina,0,3,0,2.5,Bolivia,,12814,Bolivia,,Bolivia
Argentina,0,3,0,2.5,Australia,,12814,Australia,,Australia
Argentina,0,3,0,2.5,Argentina,,12814,Argentina,,Argentina
Argentina,0,3,0,2.5,Brazil,,12814,Brazil,,Brazil
Argentina,0,3,0,2.5,Cambodia,,12814,Cambodia,,Cambodia
Argentina,0,3,0,2.5,Argentina,,12814,Argentina,,Argentina
Argentina,0,3,0,2.5,Chile,,12814,Chile,,Chile
Argentina,0,3,0,2.5,Bolivia,,12814,Bolivia,,Bolivia
Argentina,0,3,0,2.5,Mexico,,12814,Mexico,,Mexico
Argentina,0,3,0,2.5,China,,12814,China,,China
Argentina,0,3,0,2.5,Costa Rica,,12814,Costa Rica,,Costa Rica
Argentina,0,3,0,2.5,South Korea,,12814,South Korea,,South Korea
Argentina,0,3,0,2.5,Bolivia,,12814,Bolivia,,Bolivia
Argentina,0,3,0,2.5,Chile,,12814,Chile,,Chile
Argentina,0,3,0,2.5,Bahamas,,12814,Bahamas,,Bahamas
Argentina,0,3,0,2.5,Barbados,,12814,Barbados,,Barbados
Argentina,0,3,0,2.5,Cabo Verde,,12814,Cabo Verde,,Cabo Verde
Argentina,0,3,0,2.5,Argentina,,12814,Argentina,,Argentina
Argentina,0,3,0,2.5,Brazil,,12814,Brazil,,Brazil
Argentina,0,3,0,2.5,United States,,12814,United States,,United States
Argentina,0,3,0,2.5,Australia,,12814,Australia,,Australia
Argentina,0,3,0,2.5,Denmark,,12814,Denmark,,Denmark
Argentina,0,3,0,2.5,Brazil,,12814,Brazil,,Brazil
Argentina,0,3,0,2.5,Colombia,,12814,Colombia,,Colombia
Argentina,0,3,0,2.5,Congo Republic,,12814,Congo Republic,,Congo Republic
Argentina,0,3,0,2.5,Argentina,,12814,Argentina,,Argentina
Argentina,0,3,0,2.5,Argentina,,12814,Argentina,,Argentina
Argentina,0,3,0,2.5,China,,12814,China,,China
Argentina,0,3,0,2.5,Brazil,,12814,Brazil,,Brazil
Argentina,0,3,0,2.5,Mexico,,12814,Mexico,,Mexico
Argentina,0,3,0,2.5,Argentina,,12814,Argentina,,Argentina
Argentina,0,3,0,2.5,Germany,,12814,Germany,,Germany
Argentina,0,3,0,2.5,Brazil,,12814,Brazil,,Brazil
Argentina,0,3,0,2.5,Japan,,12814,Japan,,Japan
Argentina,0,3,0,2.5,Mexico,,12814,Mexico,,Mexico
Argentina,0,3,0,2.5,Australia,,12814,Australia,,Australia
Argentina,0,3,0,2.5,Armenia,,12814,Armenia,,Armenia
Argentina,0,3,0,2.5,France,,12814,France,,France
Argentina,0,3,0,2.5,Chile,,12814,Chile,,Chile
Argentina,0,3,0,2.5,Central African Republic,,12814,Central African Republic,,Central African Republic
Argentina,0,3,0,2.5,Ireland,,12814,Ireland,,Ireland
Argentina,0,3,0,2.5,Italy,,12814,Italy,,Italy
Argentina,0,3,0,2.5,China,,12814,China,,China
Argentina,0,3,0,2.5,Italy,,12814,Italy,,Italy
Argentina,0,3,0,2.5,Mexico,,12814,Mexico,,Mexico
Argentina,0,3,0,2.5,Japan,,12814,Japan,,Japan
Argentina,0,3,0,2.5,India,,12814,India,,India
Argentina,0,3,0,2.5,Italy,,12814,Italy,,Italy
Argentina,0,3,0,2.5,Argentina,,12814,Argentina,,Argentina
Argentina,0,3,0,2.5,Central African Republic,,12814,Central African Republic,,Central African Republic
Argentina,0,3,0,2.5,Nigeria,,12814,Nigeria,,Nigeria
Argentina,0,3,0,2.5,Cuba,,12814,Cuba,,Cuba
Argentina,0,3,0,2.5,Argentina,,12814,Argentina,,Argentina
Argentina,0,3,0,2.5,Afghanistan,,12814,Afghanistan,,Afghanistan
Argentina,0,3,0,2.5,Brazil,,12814,Brazil,,Brazil
Argentina,0,3,0,2.5,Argentina,,12814,Argentina,,Argentina
Argentina,0,3,0,2.5,Dominican Republic,,12814,Dominican Republic,,Dominican Republic
Argentina,0,3,0,2.5,Argentina,,12814,Argentina,,Argentina
Argentina,0,3,0,2.5,Italy,,12814,Italy,,Italy
Argentina,0,3,0,2.5,Armenia,,12814,Armenia,,Armenia
Argentina,0,3,0,2.5,Ireland,,12814,Ireland,,Ireland
Argentina,0,3,0,2.5,Argentina,,12814,Argentina,,Argentina
Argentina,0,3,0,2.5,Israel,,12814,Israel,,Israel
Argentina,0,3,0,2.5,Saudi Arabia,,12814,Saudi Arabia,,Saudi Arabia
Argentina,0,3,0,2.5,United States,,12814,United States,,United States
Argentina,0,3,0,2.5,Argentina,,12814,Argentina,,Argentina
Argentina,0,3,0,2.5,Argentina,,12814,Argentina,,Argentina
Argentina,0,3,0,2.5,Angola,,12814,Angola,,Angola
Argentina,0,3,0,2.5,Bolivia,,12814,Bolivia,,Bolivia
Argentina,0,3,0,2.5,Australia,,12814,Australia,,Australia
Argentina,0,3,0,2.5,Angola,,12814,Angola,,Angola
Argentina,0,3,0,2.5,Mexico,,12814,Mexico,,Mexico
Argentina,0,3,0,2.5,Colombia,,12814,Colombia,,Colombia
Argentina,0,3,0,2.5,Kuwait,,12814,Kuwait,,Kuwait
Argentina,0,3,0,2.5,Afghanistan,,12814,Afghanistan,,Afghanistan
Argentina,0,3,0,2.5,China,,12814,China,,China
Argentina,0,3,0,2.5,Australia,,12814,Australia,,Australia
Argentina,0,3,0,2.5,Brazil,,12814,Brazil,,Brazil
Argentina,0,3,0,2.5,France,,12814,France,,France
Argentina,0,3,0,2.5,Egypt,,12814,Egypt,,Egypt
Argentina,0,3,0,2.5,Angola,,12814,Angola,,Angola
Argentina,0,3,0,2.5,Argentina,,12814,Argentina,,Argentina
Argentina,0,3,0,2.5,Afghanistan,,12814,Afghanistan,,Afghanistan
Argentina,0,3,0,2.5,Australia,,12814,Australia,,Australia
Argentina,0,3,0,2.5,Argentina,,12814,Argentina,,Argentina
Argentina,0,3,0,2.5,Angola,,12814,Angola,,Angola
Argentina,0,3,0,2.5,Argentina,,12814,Argentina,,Argentina
Argentina,0,3,0,2.5,Mexico,,12814,Mexico,,Mexico
Argentina,0,3,0,2.5,Costa Rica,,12814,Costa Rica,,Costa Rica
Argentina,0,3,0,2.5,Australia,,12814,Australia,,Australia
Argentina,0,3,0,2.5,Spain,,12814,Spain,,Spain
Argentina,0,3,0,2.5,Denmark,,12814,Denmark,,Denmark
Argentina,0,3,0,2.5,Finland,,12814,Finland,,Finland
Argentina,0,3,0,2.5,Ireland,,12814,Ireland,,Ireland
Argentina,0,3,0,2.5,Bahamas,,12814,Bahamas,,Bahamas
Argentina,0,3,0,2.5,Argentina,,12814,Argentina,,Argentina
Argentina,0,3,0,2.5,United States,,12814,United States,,United States
Argentina,0,3,0,2.5,Afghanistan,,12814,Afghanistan,,Afghanistan
Argentina,0,3,0,2.5,Uruguay,,12814,Uruguay,,Uruguay
Argentina,0,3,0,2.5,Uruguay,,12814,Uruguay,,Uruguay
Argentina,0,3,0,2.5,Paraguay,,12814,Paraguay,,Paraguay
Argentina,0,3,0,2.5,France,,12814,France,,France
Argentina,0,3,0,2.5,Uruguay,,12814,Uruguay,,Uruguay
Argentina,0,3,0,2.5,Greece,,12814,Greece,,Greece
Argentina,0,3,0,2.5,Egypt,,12814,Egypt,,Egypt
Argentina,0,3,0,2.5,Zambia,,12814,Zambia,,Zambia
Argentina,0,3,0,2.5,Argentina,,12814,Argentina,,Argentina
Argentina,0,3,0,2.5,Albania,,12814,Albania,,Albania
Argentina,0,3,0,2.5,Mexico,,12814,Mexico,,Mexico
Argentina,0,3,0,2.5,Venezuela,,12814,Venezuela,,Venezuela
Argentina,0,3,0,2.5,Morocco,,12814,Morocco,,Morocco
Argentina,0,3,0,2.5,Pakistan,,12814,Pakistan,,Pakistan
Argentina,0,3,0,2.5,Brazil,,12814,Brazil,,Brazil
Argentina,0,3,0,2.5,Sweden,,12814,Sweden,,Sweden
Argentina,0,3,0,2.5,Brazil,,12814,Brazil,,Brazil
Argentina,0,3,0,2.5,Peru,,12814,Peru,,Peru
Argentina,0,3,0,2.5,Japan,,12814,Japan,,Japan
Argentina,0,3,0,2.5,Brazil,,12814,Brazil,,Brazil
Argentina,0,3,0,2.5,Mexico,,12814,Mexico,,Mexico
Argentina,0,3,0,2.5,United States,,12814,United States,,United States
Argentina,0,3,0,2.5,Bahamas,,12814,Bahamas,,Bahamas
Argentina,0,3,0,2.5,United States,,12814,United States,,United States
Argentina,0,3,0,2.5,Peru,,12814,Peru,,Peru
Argentina,0,3,0,2.5,Argentina,,12814,Argentina,,Argentina
Argentina,0,3,0,2.5,Argentina,,12814,Argentina,,Argentina
Argentina,0,3,0,2.5,United States,,12814,United States,,United States
Argentina,0,3,0,2.5,Angola,,12814,Angola,,Angola
Argentina,0,3,0,2.5,Azerbaijan,,12814,Azerbaijan,,Azerbaijan
Argentina,0,3,0,2.5,Haiti,,12814,Haiti,,Haiti
Argentina,0,3,0,2.5,Argentina,,12814,Argentina,,Argentina
Argentina,0,3,0,2.5,United Kingdom,,12814,United Kingdom,,United Kingdom
Argentina,0,3,0,2.5,United States,,12814,United States,,United States
Argentina,0,3,0,2.5,Brazil,,12814,Brazil,,Brazil
Argentina,0,3,0,2.5,Argentina,,12814,Argentina,,Argentina
Argentina,0,3,0,2.5,India,,12814,India,,India
Argentina,0,3,0,2.5,Argentina,,12814,Argentina,,Argentina
Argentina,0,3,0,2.5,Argentina,,12814,Argentina,,Argentina
Argentina,0,3,0,2.5,Argentina,,12814,Argentina,,Argentina
Argentina,0,3,0,2.5,Argentina,,12814,Argentina,,Argentina
Argentina,0,3,0,2.5,Italy,,12814,Italy,,Italy
Argentina,0,3,0,2.5,Japan,,12814,Japan,,Japan
Argentina,0,3,0,2.5,Armenia,,12814,Armenia,,Armenia
Argentina,0,3,0,2.5,Angola,,12814,Angola,,Angola
Argentina,0,3,0,2.5,United Kingdom,,12814,United Kingdom,,United Kingdom
Argentina,0,3,0,2.5,Italy,,12814,Italy,,Italy
Argentina,0,3,0,2.5,Brazil,,12814,Brazil,,Brazil
Argentina,0,3,0,2.5,Bolivia,,12814,Bolivia,,Bolivia
Argentina,0,3,0,2.5,Bahamas,,12814,Bahamas,,Bahamas
Argentina,0,3,0,2.5,Armenia,,12814,Armenia,,Armenia
Argentina,0,3,0,2.5,Brazil,,12814,Brazil,,Brazil
Argentina,0,3,0,2.5,Brazil,,12814,Brazil,,Brazil
Argentina,0,3,0,2.5,Peru,,12814,Peru,,Peru
Argentina,0,3,0,2.5,Chile,,12814,Chile,,Chile
Argentina,0,3,0,2.5,Italy,,12814,Italy,,Italy
Argentina,0,3,0,2.5,Guatemala,,12814,Guatemala,,Guatemala
Argentina,0,3,0,2.5,Japan,,12814,Japan,,Japan
Argentina,0,3,0,2.5,Argentina,,12814,Argentina,,Argentina
Argentina,0,3,0,2.5,Cuba,,12814,Cuba,,Cuba
Argentina,0,3,0,2.5,Bolivia,,12814,Bolivia,,Bolivia
Argentina,0,3,0,2.5,Argentina,,12814,Argentina,,Argentina
Argentina,0,3,0,2.5,Portugal,,12814,Portugal,,Portugal
Argentina,0,3,0,2.5,United States,,12814,United States,,United States
Argentina,0,3,0,2.5,Argentina,,12814,Argentina,,Argentina
Argentina,0,3,0,2.5,Colombia,,12814,Colombia,,Colombia
Argentina,0,3,0,2.5,Brazil,,12814,Brazil,,Brazil
Argentina,0,3,0,2.5,China,,12814,China,,China
Argentina,0,3,0,2.5,Argentina,,12814,Argentina,,Argentina
Argentina,0,3,0,2.5,Argentina,,12814,Argentina,,Argentina
Argentina,0,3,0,2.5,Angola,,12814,Angola,,Angola
Argentina,0,3,0,2.5,Venezuela,,12814,Venezuela,,Venezuela
Argentina,0,3,0,2.5,Argentina,,12814,Argentina,,Argentina
Argentina,0,3,0,2.5,Germany,,12814,Germany,,Germany
Argentina,0,3,0,2.5,Barbados,,12814,Barbados,,Barbados
Argentina,0,3,0,2.5,Japan,,12814,Japan,,Japan
Argentina,0,3,0,2.5,Brazil,,12814,Brazil,,Brazil
Argentina,0,3,0,2.5,Japan,,12814,Japan,,Japan
Argentina,0,3,0,2.5,Brazil,,12814,Brazil,,Brazil
Argentina,0,3,0,2.5,Central African Republic,,12814,Central African Republic,,Central African Republic
Argentina,0,3,0,2.5,Cuba,,12814,Cuba,,Cuba
Argentina,0,3,0,2.5,Israel,,12814,Israel,,Israel
Argentina,0,3,0,2.5,Iraq,,12814,Iraq,,Iraq
Argentina,0,3,0,2.5,Russia,,12814,Russia,,Russia
Argentina,0,3,0,2.5,United States,,12814,United States,,United States
Argentina,0,3,0,2.5,Brazil,,12814,Brazil,,Brazil
Argentina,0,3,0,2.5,Armenia,,12814,Armenia,,Armenia
Argentina,0,3,0,2.5,Argentina,,12814,Argentina,,Argentina
Argentina,0,3,0,2.5,Maldives,,12814,Maldives,,Maldives
Argentina,0,3,0,2.5,Dominican Republic,,12814,Dominican Republic,,Dominican Republic
Argentina,0,3,0,2.5,Uruguay,,12814,Uruguay,,Uruguay
Argentina,0,3,0,2.5,Iran,,12814,Iran,,Iran
Argentina,0,3,0,2.5,Brazil,,12814,Brazil,,Brazil
Argentina,0,3,0,2.5,Cuba,,12814,Cuba,,Cuba
Argentina,0,3,0,2.5,Bolivia,,12814,Bolivia,,Bolivia
Argentina,0,3,0,2.5,Brazil,,12814,Brazil,,Brazil
Argentina,0,3,0,2.5,China,,12814,China,,China
Argentina,0,3,0,2.5,Iran,,12814,Iran,,Iran
Argentina,0,3,0,2.5,Iraq,,12814,Iraq,,Iraq
Argentina,0,3,0,2.5,Lebanon,,12814,Lebanon,,Lebanon
Argentina,0,3,0,2.5,Argentina,,12814,Argentina,,Argentina
Argentina,0,3,0,2.5,Bolivia,,12814,Bolivia,,Bolivia
Argentina,0,3,0,2.5,Egypt,,12814,Egypt,,Egypt
Argentina,0,3,0,2.5,Brazil,,12814,Brazil,,Brazil
Argentina,0,3,0,2.5,Bolivia,,12814,Bolivia,,Bolivia
Argentina,0,3,0,2.5,Bolivia,,12814,Bolivia,,Bolivia
Argentina,0,3,0,2.5,Peru,,12814,Peru,,Peru
Argentina,0,3,0,2.5,Brazil,,12814,Brazil,,Brazil
Argentina,0,3,0,2.5,Mexico,,12814,Mexico,,Mexico
Argentina,0,3,0,2.5,Haiti,,12814,Haiti,,Haiti
Argentina,0,3,0,2.5,Cyprus,,12814,Cyprus,,Cyprus
Argentina,0,3,0,2.5,Brazil,,12814,Brazil,,Brazil
Argentina,0,3,0,2.5,Argentina,,12814,Argentina,,Argentina
Argentina,0,3,0,2.5,Brazil,,12814,Brazil,,Brazil
Argentina,0,3,0,2.5,Dominican Republic,,12814,Dominican Republic,,Dominican Republic
Argentina,0,3,0,2.5,Germany,,12814,Germany,,Germany
Argentina,0,3,0,2.5,Italy,,12814,Italy,,Italy
Argentina,0,3,0,2.5,Mexico,,12814,Mexico,,Mexico
Argentina,0,3,0,2.5,Spain,,12814,Spain,,Spain
Argentina,0,3,0,2.5,Spain,,12814,Spain,,Spain
Argentina,0,3,0,2.5,Argentina,,12814,Argentina,,Argentina
Argentina,0,3,0,2.5,United States,,12814,United States,,United States
Argentina,0,3,0,2.5,Argentina,,12814,Argentina,,Argentina
Argentina,0,3,0,2.5,Argentina,,12814,Argentina,,Argentina
Argentina,0,3,0,2.5,Argentina,,12814,Argentina,,Argentina
Argentina,0,3,0,2.5,Italy,,12814,Italy,,Italy
Argentina,0,3,0,2.5,Spain,,12814,Spain,,Spain
Argentina,0,3,0,2.5,Germany,,12814,Germany,,Germany
Argentina,0,3,0,2.5,France,,12814,France,,France
Argentina,0,3,0,2.5,Brazil,,12814,Brazil,,Brazil
Argentina,0,3,0,2.5,Bolivia,,12814,Bolivia,,Bolivia
Argentina,0,3,0,2.5,Argentina,,12814,Argentina,,Argentina
Argentina,0,3,0,2.5,Haiti,,12814,Haiti,,Haiti
Argentina,0,3,0,2.5,Paraguay,,12814,Paraguay,,Paraguay
Argentina,0,3,0,2.5,Finland,,12814,Finland,,Finland
Argentina,0,3,0,2.5,Argentina,,12814,Argentina,,Argentina
Argentina,0,3,0,2.5,Brazil,,12814,Brazil,,Brazil
Argentina,0,3,0,2.5,Argentina,,12814,Argentina,,Argentina
Argentina,0,3,0,2.5,Argentina,,12814,Argentina,,Argentina
Argentina,0,3,0,2.5,Chile,,12814,Chile,,Chile
Argentina,0,3,0,2.5,Uruguay,,12814,Uruguay,,Uruguay
Argentina,0,3,0,2.5,Costa Rica,,12814,Costa Rica,,Costa Rica
Argentina,0,3,0,2.5,Paraguay,,12814,Paraguay,,Paraguay
Argentina,0,3,0,2.5,Spain,,12814,Spain,,Spain
Argentina,0,3,0,2.5,United States,,12814,United States,,United States
Argentina,0,3,0,2.5,Dominican Republic,,12814,Dominican Republic,,Dominican Republic
Argentina,0,3,0,2.5,Afghanistan,,12814,Afghanistan,,Afghanistan
Argentina,0,3,0,2.5,Colombia,,12814,Colombia,,Colombia
Argentina,0,3,0,2.5,Chile,,12814,Chile,,Chile
Argentina,0,3,0,2.5,Somalia,,12814,Somalia,,Somalia
Argentina,0,3,0,2.5,Niger,,12814,Niger,,Niger
Argentina,0,3,0,2.5,Argentina,,12814,Argentina,,Argentina
Argentina,0,3,0,2.5,Türkiye,,12814,Türkiye,,Türkiye
Argentina,0,3,0,2.5,Argentina,,12814,Argentina,,Argentina
Argentina,0,3,0,2.5,Dominican Republic,,12814,Dominican Republic,,Dominican Republic
Argentina,0,3,0,2.5,Luxembourg,,12814,Luxembourg,,Luxembourg
Argentina,0,3,0,2.5,Colombia,,12814,Colombia,,Colombia
Argentina,0,3,0,2.5,United States,,12814,United States,,United States
Argentina,0,3,0,2.5,Papua New Guinea,,12814,Papua New Guinea,,Papua New Guinea
Argentina,0,3,0,2.5,Sierra Leone,,12814,Sierra Leone,,Sierra Leone
Argentina,0,3,0,2.5,South Korea,,12814,South Korea,,South Korea
Argentina,0,3,0,2.5,Argentina,,12814,Argentina,,Argentina
Argentina,0,3,0,2.5,Italy,,12814,Italy,,Italy
Argentina,0,3,0,2.5,Morocco,,12814,Morocco,,Morocco
Argentina,0,3,0,2.5,Brazil,,12814,Brazil,,Brazil
Argentina,0,3,0,2.5,Cuba,,12814,Cuba,,Cuba
Argentina,0,3,0,2.5,Mexico,,12814,Mexico,,Mexico
Argentina,0,3,0,2.5,Argentina,,12814,Argentina,,Argentina
Argentina,0,3,0,2.5,Paraguay,,12814,Paraguay,,Paraguay
Argentina,0,3,0,2.5,Mexico,,12814,Mexico,,Mexico
Argentina,0,3,0,2.5,India,,12814,India,,India
Argentina,0,3,0,2.5,Paraguay,,12814,Paraguay,,Paraguay
Argentina,0,3,0,2.5,Venezuela,,12814,Venezuela,,Venezuela
Argentina,0,3,0,2.5,Japan,,12814,Japan,,Japan
Argentina,0,3,0,2.5,Afghanistan,,12814,Afghanistan,,Afghanistan
Argentina,0,3,0,2.5,Colombia,,12814,Colombia,,Colombia
Argentina,0,3,0,2.5,Australia,,12814,Australia,,Australia
Argentina,0,3,0,2.5,Brazil,,12814,Brazil,,Brazil
Argentina,0,3,0,2.5,Bolivia,,12814,Bolivia,,Bolivia
Argentina,0,3,0,2.5,Chile,,12814,Chile,,Chile
Argentina,0,3,0,2.5,France,,12814,France,,France
Argentina,0,3,0,2.5,China,,12814,China,,China
Argentina,0,3,0,2.5,Uruguay,,12814,Uruguay,,Uruguay
Argentina,0,3,0,2.5,Cuba,,12814,Cuba,,Cuba
Argentina,0,3,0,2.5,Argentina,,12814,Argentina,,Argentina
Argentina,0,3,0,2.5,Switzerland,,12814,Switzerland,,Switzerland
Argentina,0,3,0,2.5,Dominican Republic,,12814,Dominican Republic,,Dominican Republic
Argentina,0,3,0,2.5,Germany,,12814,Germany,,Germany
Argentina,0,3,0,2.5,Paraguay,,12814,Paraguay,,Paraguay
Argentina,0,3,0,2.5,Mexico,,12814,Mexico,,Mexico
Argentina,0,3,0,2.5,Italy,,12814,Italy,,Italy
Argentina,0,3,0,2.5,Argentina,,12814,Argentina,,Argentina
Argentina,0,3,0,2.5,Argentina,,12814,Argentina,,Argentina
Argentina,0,3,0,2.5,Argentina,,12814,Argentina,,Argentina
Argentina,0,3,0,2.5,Japan,,12814,Japan,,Japan
Argentina,0,3,0,2.5,Chile,,12814,Chile,,Chile
Argentina,0,3,0,2.5,Brazil,,12814,Brazil,,Brazil
Argentina,0,3,0,2.5,Argentina,,12814,Argentina,,Argentina
Argentina,0,3,0,2.5,Argentina,,12814,Argentina,,Argentina
Argentina,0,3,0,2.5,Argentina,,12814,Argentina,,Argentina
Argentina,0,3,0,2.5,Italy,,12814,Italy,,Italy
Argentina,0,3,0,2.5,Mexico,,12814,Mexico,,Mexico
Argentina,0,3,0,2.5,Brazil,,12814,Brazil,,Brazil
Argentina,0,3,0,2.5,Italy,,12814,Italy,,Italy
Argentina,0,3,0,2.5,Uruguay,,12814,Uruguay,,Uruguay
Argentina,0,3,0,2.5,Argentina,,12814,Argentina,,Argentina
Argentina,0,3,0,2.5,Japan,,12814,Japan,,Japan
Argentina,0,3,0,2.5,Italy,,12814,Italy,,Italy
Argentina,0,3,0,2.5,Italy,,12814,Italy,,Italy
Argentina,0,3,0,2.5,Colombia,,12814,Colombia,,Colombia
Argentina,0,3,0,2.5,Argentina,,12814,Argentina,,Argentina
Argentina,0,3,0,2.5,Argentina,,12814,Argentina,,Argentina
Argentina,0,3,0,2.5,Japan,,12814,Japan,,Japan
Argentina,0,3,0,2.5,Colombia,,12814,Colombia,,Colombia
Argentina,0,3,0,2.5,Italy,,12814,Italy,,Italy
Argentina,0,3,0,2.5,Japan,,12814,Japan,,Japan
Argentina,0,3,0,2.5,China,,12814,China,,China
Argentina,0,3,0,2.5,Paraguay,,12814,Paraguay,,Paraguay
Argentina,0,3,0,2.5,Italy,,12814,Italy,,Italy
Argentina,0,3,0,2.5,United States,,12814,United States,,United States
Argentina,0,3,0,2.5,Spain,,12814,Spain,,Spain
Argentina,0,3,0,2.5,Venezuela,,12814,Venezuela,,Venezuela
Argentina,0,3,0,2.5,Brazil,,12814,Brazil,,Brazil
Argentina,0,3,0,2.5,Argentina,,12814,Argentina,,Argentina
Argentina,0,3,0,2.5,Argentina,,12814,Argentina,,Argentina
Argentina,0,3,0,2.5,Argentina,,12814,Argentina,,Argentina
Argentina,0,3,0,2.5,Canada,,12814,Canada,,Canada
Argentina,0,3,0,2.5,Switzerland,,12814,Switzerland,,Switzerland
Argentina,0,3,0,2.5,Angola,,12814,Angola,,Angola
Argentina,0,3,0,2.5,Japan,,12814,Japan,,Japan
Argentina,0,3,0,2.5,Netherlands,,12814,Netherlands,,Netherlands
Argentina,0,3,0,2.5,Italy,,12814,Italy,,Italy
Argentina,0,3,0,2.5,China,,12814,China,,China
Argentina,0,3,0,2.5,Brazil,,12814,Brazil,,Brazil
Argentina,0,3,0,2.5,Japan,,12814,Japan,,Japan
Argentina,0,3,0,2.5,China,,12814,China,,China
Argentina,0,3,0,2.5,Argentina,,12814,Argentina,,Argentina
Argentina,0,3,0,2.5,Japan,,12814,Japan,,Japan
Argentina,0,3,0,2.5,Haiti,,12814,Haiti,,Haiti
Argentina,0,3,0,2.5,South Korea,,12814,South Korea,,South Korea
Argentina,0,3,0,2.5,Argentina,,12814,Argentina,,Argentina
Argentina,0,3,0,2.5,China,,12814,China,,China
Argentina,0,3,0,2.5,Colombia,,12814,Colombia,,Colombia
Argentina,0,3,0,2.5,Mexico,,12814,Mexico,,Mexico
Argentina,0,3,0,2.5,Mexico,,12814,Mexico,,Mexico
Argentina,0,3,0,2.5,Argentina,,12814,Argentina,,Argentina
Argentina,0,3,0,2.5,Sweden,,12814,Sweden,,Sweden
Argentina,0,3,0,2.5,Argentina,,12814,Argentina,,Argentina
Argentina,0,3,0,2.5,Argentina,,12814,Argentina,,Argentina
Argentina,0,3,0,2.5,Brazil,,12814,Brazil,,Brazil
Argentina,0,3,0,2.5,Chile,,12814,Chile,,Chile
Argentina,0,3,0,2.5,Finland,,12814,Finland,,Finland
Argentina,0,3,0,2.5,Argentina,,12814,Argentina,,Argentina
Argentina,0,3,0,2.5,Germany,,12814,Germany,,Germany
Argentina,0,3,0,2.5,Belgium,,12814,Belgium,,Belgium
Argentina,0,3,0,2.5,Brazil,,12814,Brazil,,Brazil
Argentina,0,3,0,2.5,Colombia,,12814,Colombia,,Colombia
Argentina,0,3,0,2.5,Costa Rica,,12814,Costa Rica,,Costa Rica
Argentina,0,3,0,2.5,Egypt,,12814,Egypt,,Egypt
Argentina,0,3,0,2.5,Brazil,,12814,Brazil,,Brazil
Argentina,0,3,0,2.5,Cuba,,12814,Cuba,,Cuba
Argentina,0,3,0,2.5,Argentina,,12814,Argentina,,Argentina
Argentina,0,3,0,2.5,Italy,,12814,Italy,,Italy
Argentina,0,3,0,2.5,France,,12814,France,,France
Argentina,0,3,0,2.5,Central African Republic,,12814,Central African Republic,,Central African Republic
Argentina,0,3,0,2.5,Argentina,,12814,Argentina,,Argentina
Argentina,0,3,0,2.5,Brazil,,12814,Brazil,,Brazil
Argentina,0,3,0,2.5,China,,12814,China,,China
Argentina,0,3,0,2.5,Argentina,,12814,Argentina,,Argentina
Argentina,0,3,0,2.5,Argentina,,12814,Argentina,,Argentina
Argentina,0,3,0,2.5,Japan,,12814,Japan,,Japan
Argentina,0,3,0,2.5,Argentina,,12814,Argentina,,Argentina
Argentina,0,3,0,2.5,Brazil,,12814,Brazil,,Brazil
Argentina,0,3,0,2.5,Brazil,,12814,Brazil,,Brazil
Argentina,0,3,0,2.5,Uruguay,,12814,Uruguay,,Uruguay
Argentina,0,3,0,2.5,Japan,,12814,Japan,,Japan
Argentina,0,3,0,2.5,Cuba,,12814,Cuba,,Cuba
Argentina,0,3,0,2.5,Italy,,12814,Italy,,Italy
Argentina,0,3,0,2.5,Austria,,12814,Austria,,Austria
Argentina,0,3,0,2.5,Argentina,,12814,Argentina,,Argentina
Argentina,0,3,0,2.5,France,,12814,France,,France
Argentina,0,3,0,2.5,Brazil,,12814,Brazil,,Brazil
Argentina,0,3,0,2.5,Chile,,12814,Chile,,Chile
Argentina,0,3,0,2.5,Dominican Republic,,12814,Dominican Republic,,Dominican Republic
Argentina,0,3,0,2.5,Argentina,,12814,Argentina,,Argentina
Argentina,0,3,0,2.5,Germany,,12814,Germany,,Germany
Argentina,0,3,0,2.5,Russia,,12814,Russia,,Russia
Argentina,0,3,0,2.5,Chile,,12814,Chile,,Chile
Argentina,0,3,0,2.5,Brazil,,12814,Brazil,,Brazil
Argentina,0,3,0,2.5,Peru,,12814,Peru,,Peru
Argentina,0,3,0,2.5,Afghanistan,,12814,Afghanistan,,Afghanistan
Argentina,0,3,0,2.5,Peru,,12814,Peru,,Peru
Argentina,0,3,0,2.5,Chile,,12814,Chile,,Chile
Argentina,0,3,0,2.5,Paraguay,,12814,Paraguay,,Paraguay
Argentina,0,3,0,2.5,Brazil,,12814,Brazil,,Brazil
Argentina,0,3,0,2.5,Chile,,12814,Chile,,Chile
Argentina,0,3,0,2.5,Canada,,12814,Canada,,Canada
Argentina,0,3,0,2.5,Argentina,,12814,Argentina,,Argentina
Argentina,0,3,0,2.5,Italy,,12814,Italy,,Italy
Argentina,0,3,0,2.5,Argentina,,12814,Argentina,,Argentina
Argentina,0,3,0,2.5,United States,,12814,United States,,United States
Argentina,0,3,0,2.5,Cuba,,12814,Cuba,,Cuba
Argentina,0,3,0,2.5,Italy,,12814,Italy,,Italy
Argentina,0,3,0,2.5,Iran,,12814,Iran,,Iran
Argentina,0,3,0,2.5,Brazil,,12814,Brazil,,Brazil
Argentina,0,3,0,2.5,Argentina,,12814,Argentina,,Argentina
Argentina,0,3,0,2.5,Bolivia,,12814,Bolivia,,Bolivia
Argentina,0,3,0,2.5,Bosnia and Herzegovina,,12814,Bosnia and Herzegovina,,Bosnia and Herzegovina
Argentina,0,3,0,2.5,United Kingdom,,12814,United Kingdom,,United Kingdom
Argentina,0,3,0,2.5,Maldives,,12814,Maldives,,Maldives
Argentina,0,3,0,2.5,Argentina,,12814,Argentina,,Argentina
Argentina,0,3,0,2.5,China,,12814,China,,China
Argentina,0,3,0,2.5,Egypt,,12814,Egypt,,Egypt
Argentina,0,3,0,2.5,United Kingdom,,12814,United Kingdom,,United Kingdom
Argentina,0,3,0,2.5,United Kingdom,,12814,United Kingdom,,United Kingdom
Argentina,0,3,0,2.5,China,,12814,China,,China
Argentina,0,3,0,2.5,El Salvador,,12814,El Salvador,,El Salvador
Argentina,0,3,0,2.5,Haiti,,12814,Haiti,,Haiti
Argentina,0,3,0,2.5,Canada,,12814,Canada,,Canada
Argentina,0,3,0,2.5,Iran,,12814,Iran,,Iran
Argentina,0,3,0,2.5,Peru,,12814,Peru,,Peru
Argentina,0,3,0,2.5,Cuba,,12814,Cuba,,Cuba
Argentina,0,3,0,2.5,Sweden,,12814,Sweden,,Sweden
Argentina,0,3,0,2.5,Switzerland,,12814,Switzerland,,Switzerland
Argentina,0,3,0,2.5,Argentina,,12814,Argentina,,Argentina
Argentina,0,3,0,2.5,Argentina,,12814,Argentina,,Argentina
Argentina,0,3,0,2.5,Argentina,,12814,Argentina,,Argentina
Argentina,0,3,0,2.5,Argentina,,12814,Argentina,,Argentina
Argentina,0,3,0,2.5,Argentina,,12814,Argentina,,Argentina
Argentina,0,3,0,2.5,Argentina,,12814,Argentina,,Argentina
Argentina,0,3,0,2.5,Japan,,12814,Japan,,Japan
Argentina,0,3,0,2.5,Japan,,12814,Japan,,Japan
Argentina,0,3,0,2.5,Switzerland,,12814,Switzerland,,Switzerland
Argentina,0,3,0,2.5,Argentina,,12814,Argentina,,Argentina
Argentina,0,3,0,2.5,Canada,,12814,Canada,,Canada
Argentina,0,3,0,2.5,United States,,12814,United States,,United States
Argentina,0,3,0,2.5,Norway,,12814,Norway,,Norway
Argentina,0,3,0,2.5,Argentina,,12814,Argentina,,Argentina
Argentina,0,3,0,2.5,Argentina,,12814,Argentina,,Argentina
Argentina,0,3,0,2.5,Uruguay,,12814,Uruguay,,Uruguay
Argentina,0,3,0,2.5,New Zealand,,12814,New Zealand,,New Zealand
Argentina,0,3,0,2.5,Bolivia,,12814,Bolivia,,Bolivia
Argentina,0,3,0,2.5,Denmark,,12814,Denmark,,Denmark
Argentina,0,3,0,2.5,China,,12814,China,,China
Argentina,0,3,0,2.5,Japan,,12814,Japan,,Japan
Argentina,0,3,0,2.5,Canada,,12814,Canada,,Canada
Argentina,0,3,0,2.5,Denmark,,12814,Denmark,,Denmark
Argentina,0,3,0,2.5,Australia,,12814,Australia,,Australia
Argentina,0,3,0,2.5,Belgium,,12814,Belgium,,Belgium
Argentina,0,3,0,2.5,Bahamas,,12814,Bahamas,,Bahamas
Argentina,0,3,0,2.5,Finland,,12814,Finland,,Finland
Argentina,0,3,0,2.5,Japan,,12814,Japan,,Japan
Argentina,0,3,0,2.5,Argentina,,12814,Argentina,,Argentina
Argentina,0,3,0,2.5,Jamaica,,12814,Jamaica,,Jamaica
Argentina,0,3,0,2.5,Mexico,,12814,Mexico,,Mexico
Argentina,0,3,0,2.5,Uruguay,,12814,Uruguay,,Uruguay
Argentina,0,3,0,2.5,Brazil,,12814,Brazil,,Brazil
Argentina,0,3,0,2.5,United States,,12814,United States,,United States
Argentina,0,3,0,2.5,Bolivia,,12814,Bolivia,,Bolivia
Argentina,0,3,0,2.5,Brazil,,12814,Brazil,,Brazil
Argentina,0,3,0,2.5,China,,12814,China,,China
Argentina,0,3,0,2.5,Morocco,,12814,Morocco,,Morocco
Argentina,0,3,0,2.5,Angola,,12814,Angola,,Angola
Argentina,0,3,0,2.5,Costa Rica,,12814,Costa Rica,,Costa Rica
Argentina,0,3,0,2.5,United States,,12814,United States,,United States
Argentina,0,3,0,2.5,Argentina,,12814,Argentina,,Argentina
Argentina,0,3,0,2.5,Brazil,,12814,Brazil,,Brazil
Argentina,0,3,0,2.5,Argentina,,12814,Argentina,,Argentina
Argentina,0,3,0,2.5,Iran,,12814,Iran,,Iran
Argentina,0,3,0,2.5,Iraq,,12814,Iraq,,Iraq
Argentina,0,3,0,2.5,India,,12814,India,,India
Argentina,0,3,0,2.5,Brazil,,12814,Brazil,,Brazil
Argentina,0,3,0,2.5,Central African Republic,,12814,Central African Republic,,Central African Republic
Argentina,0,3,0,2.5,Argentina,,12814,Argentina,,Argentina
Argentina,0,3,0,2.5,Japan,,12814,Japan,,Japan
Argentina,0,3,0,2.5,Brazil,,12814,Brazil,,Brazil
Argentina,0,3,0,2.5,Japan,,12814,Japan,,Japan
Argentina,0,3,0,2.5,Jamaica,,12814,Jamaica,,Jamaica
Argentina,0,3,0,2.5,Dominican Republic,,12814,Dominican Republic,,Dominican Republic
Argentina,0,3,0,2.5,Brazil,,12814,Brazil,,Brazil
Argentina,0,3,0,2.5,Argentina,,12814,Argentina,,Argentina
Argentina,0,3,0,2.5,Australia,,12814,Australia,,Australia
Argentina,0,3,0,2.5,Germany,,12814,Germany,,Germany
Argentina,0,3,0,2.5,Ireland,,12814,Ireland,,Ireland
Argentina,0,3,0,2.5,Cameroon,,12814,Cameroon,,Cameroon
Argentina,0,3,0,2.5,Argentina,,12814,Argentina,,Argentina
Argentina,0,3,0,2.5,Brazil,,12814,Brazil,,Brazil
Argentina,0,3,0,2.5,Cuba,,12814,Cuba,,Cuba
Argentina,0,3,0,2.5,Brazil,,12814,Brazil,,Brazil
Argentina,0,3,0,2.5,Dominican Republic,,12814,Dominican Republic,,Dominican Republic
Argentina,0,3,0,2.5,Uruguay,,12814,Uruguay,,Uruguay
Argentina,0,3,0,2.5,Bolivia,,12814,Bolivia,,Bolivia
Argentina,0,3,0,2.5,Italy,,12814,Italy,,Italy
Argentina,0,3,0,2.5,Brazil,,12814,Brazil,,Brazil
Argentina,0,3,0,2.5,Colombia,,12814,Colombia,,Colombia
Argentina,0,3,0,2.5,Portugal,,12814,Portugal,,Portugal
Argentina,0,3,0,2.5,Peru,,12814,Peru,,Peru
Argentina,0,3,0,2.5,Canada,,12814,Canada,,Canada
Argentina,0,3,0,2.5,Israel,,12814,Israel,,Israel
Argentina,0,3,0,2.5,Italy,,12814,Italy,,Italy
Argentina,0,3,0,2.5,Argentina,,12814,Argentina,,Argentina
Argentina,0,3,0,2.5,India,,12814,India,,India
Argentina,0,3,0,2.5,Argentina,,12814,Argentina,,Argentina
Argentina,0,3,0,2.5,Norway,,12814,Norway,,Norway
Argentina,0,3,0,2.5,Sweden,,12814,Sweden,,Sweden
Argentina,0,3,0,2.5,Finland,,12814,Finland,,Finland
Argentina,0,3,0,2.5,Uruguay,,12814,Uruguay,,Uruguay
Argentina,0,3,0,2.5,Canada,,12814,Canada,,Canada
Argentina,0,3,0,2.5,Japan,,12814,Japan,,Japan
Argentina,0,3,0,2.5,Switzerland,,12814,Switzerland,,Switzerland
Argentina,0,3,0,2.5,Argentina,,12814,Argentina,,Argentina
Argentina,0,3,0,2.5,Argentina,,12814,Argentina,,Argentina
Argentina,0,3,0,2.5,Argentina,,12814,Argentina,,Argentina
Argentina,0,3,0,2.5,United States,,12814,United States,,United States
Argentina,0,3,0,2.5,Australia,,12814,Australia,,Australia
Argentina,0,3,0,2.5,Afghanistan,,12814,Afghanistan,,Afghanistan
Argentina,0,3,0,2.5,Argentina,,12814,Argentina,,Argentina
Argentina,0,3,0,2.5,Angola,,12814,Angola,,Angola
Argentina,0,3,0,2.5,Argentina,,12814,Argentina,,Argentina
Argentina,0,3,0,2.5,Argentina,,12814,Argentina,,Argentina
Argentina,0,3,0,2.5,Argentina,,12814,Argentina,,Argentina
Argentina,0,3,0,2.5,Australia,,12814,Australia,,Australia
Argentina,0,3,0,2.5,Andorra,,12814,Andorra,,Andorra
Argentina,0,3,0,2.5,Argentina,,12814,Argentina,,Argentina
Argentina,0,3,0,2.5,Belgium,,12814,Belgium,,Belgium
Argentina,0,3,0,2.5,Brazil,,12814,Brazil,,Brazil
Argentina,0,3,0,2.5,Armenia,,12814,Armenia,,Armenia
Argentina,0,3,0,2.5,Cuba,,12814,Cuba,,Cuba
Argentina,0,3,0,2.5,Cuba,,12814,Cuba,,Cuba
Argentina,0,3,0,2.5,Argentina,,12814,Argentina,,Argentina
Argentina,0,3,0,2.5,Argentina,,12814,Argentina,,Argentina
Argentina,0,3,0,2.5,Australia,,12814,Australia,,Australia
Argentina,0,3,0,2.5,Egypt,,12814,Egypt,,Egypt
Argentina,0,3,0,2.5,Venezuela,,12814,Venezuela,,Venezuela
Argentina,0,3,0,2.5,Brazil,,12814,Brazil,,Brazil
Argentina,0,3,0,2.5,Bolivia,,12814,Bolivia,,Bolivia
Argentina,0,3,0,2.5,Chile,,12814,Chile,,Chile
Argentina,0,3,0,2.5,Japan,,12814,Japan,,Japan
Argentina,0,3,0,2.5,Colombia,,12814,Colombia,,Colombia
Argentina,0,3,0,2.5,United Arab Emirates,,12814,United Arab Emirates,,United Arab Emirates
Argentina,0,3,0,2.5,Argentina,,12814,Argentina,,Argentina
Argentina,0,3,0,2.5,Argentina,,12814,Argentina,,Argentina
Argentina,0,3,0,2.5,South Korea,,12814,South Korea,,South Korea
Argentina,0,3,0,2.5,Costa Rica,,12814,Costa Rica,,Costa Rica
Argentina,0,3,0,2.5,France,,12814,France,,France
Argentina,0,3,0,2.5,Chile,,12814,Chile,,Chile
Argentina,0,3,0,2.5,Argentina,,12814,Argentina,,Argentina
Argentina,0,3,0,2.5,Argentina,,12814,Argentina,,Argentina
Argentina,0,3,0,2.5,Argentina,,12814,Argentina,,Argentina
Argentina,0,3,0,2.5,Argentina,,12814,Argentina,,Argentina
Argentina,0,3,0,2.5,Spain,,12814,Spain,,Spain
Argentina,0,3,0,2.5,Argentina,,12814,Argentina,,Argentina
Argentina,0,3,0,2.5,Brazil,,12814,Brazil,,Brazil
Argentina,0,3,0,2.5,Austria,,12814,Austria,,Austria
Argentina,0,3,0,2.5,Brazil,,12814,Brazil,,Brazil
Argentina,0,3,0,2.5,Brazil,,12814,Brazil,,Brazil
Argentina,0,3,0,2.5,Australia,,12814,Australia,,Australia
Argentina,0,3,0,2.5,United States,,12814,United States,,United States
Argentina,0,3,0,2.5,Australia,,12814,Australia,,Australia
Argentina,0,3,0,2.5,Spain,,12814,Spain,,Spain
Argentina,0,3,0,2.5,Spain,,12814,Spain,,Spain
Argentina,0,3,0,2.5,Armenia,,12814,Armenia,,Armenia
Argentina,0,3,0,2.5,Australia,,12814,Australia,,Australia
Argentina,0,3,0,2.5,Italy,,12814,Italy,,Italy
Argentina,0,3,0,2.5,United States,,12814,United States,,United States
Argentina,0,3,0,2.5,Brazil,,12814,Brazil,,Brazil
Argentina,0,3,0,2.5,Armenia,,12814,Armenia,,Armenia
Argentina,0,3,0,2.5,Canada,,12814,Canada,,Canada
Argentina,0,3,0,2.5,United States,,12814,United States,,United States
Argentina,0,3,0,2.5,Bolivia,,12814,Bolivia,,Bolivia
Argentina,0,3,0,2.5,Australia,,12814,Australia,,Australia
Argentina,0,3,0,2.5,Argentina,,12814,Argentina,,Argentina
Argentina,0,3,0,2.5,France,,12814,France,,France
Argentina,0,3,0,2.5,Saudi Arabia,,12814,Saudi Arabia,,Saudi Arabia
Argentina,0,3,0,2.5,Argentina,,12814,Argentina,,Argentina
Argentina,0,3,0,2.5,Sweden,,12814,Sweden,,Sweden
Argentina,0,3,0,2.5,Cuba,,12814,Cuba,,Cuba
Argentina,0,3,0,2.5,Japan,,12814,Japan,,Japan
Argentina,0,3,0,2.5,Armenia,,12814,Armenia,,Armenia
Argentina,0,3,0,2.5,Australia,,12814,Australia,,Australia
Argentina,0,3,0,2.5,Japan,,12814,Japan,,Japan
Argentina,0,3,0,2.5,Russia,,12814,Russia,,Russia
Argentina,0,3,0,2.5,Brazil,,12814,Brazil,,Brazil
Argentina,0,3,0,2.5,Argentina,,12814,Argentina,,Argentina
Argentina,0,3,0,2.5,Italy,,12814,Italy,,Italy
Argentina,0,3,0,2.5,Spain,,12814,Spain,,Spain
Argentina,0,3,0,2.5,Bolivia,,12814,Bolivia,,Bolivia
Argentina,0,3,0,2.5,Iran,,12814,Iran,,Iran
Argentina,0,3,0,2.5,Australia,,12814,Australia,,Australia
Argentina,0,3,0,2.5,Canada,,12814,Canada,,Canada
Argentina,0,3,0,2.5,Japan,,12814,Japan,,Japan
Argentina,0,3,0,2.5,Canada,,12814,Canada,,Canada
Argentina,0,3,0,2.5,United Kingdom,,12814,United Kingdom,,United Kingdom
Argentina,0,3,0,2.5,Ireland,,12814,Ireland,,Ireland
Argentina,0,3,0,2.5,Argentina,,12814,Argentina,,Argentina
Argentina,0,3,0,2.5,Ireland,,12814,Ireland,,Ireland
Argentina,0,3,0,2.5,Costa Rica,,12814,Costa Rica,,Costa Rica
Argentina,0,3,0,2.5,New Zealand,,12814,New Zealand,,New Zealand
Argentina,0,3,0,2.5,Cuba,,12814,Cuba,,Cuba
Argentina,0,3,0,2.5,United States,,12814,United States,,United States
Argentina,0,3,0,2.5,Brazil,,12814,Brazil,,Brazil
Argentina,0,3,0,2.5,Spain,,12814,Spain,,Spain
Argentina,0,3,0,2.5,Argentina,,12814,Argentina,,Argentina
Argentina,0,3,0,2.5,India,,12814,India,,India
Argentina,0,3,0,2.5,Japan,,12814,Japan,,Japan
Argentina,0,3,0,2.5,Paraguay,,12814,Paraguay,,Paraguay
Argentina,0,3,0,2.5,Bahamas,,12814,Bahamas,,Bahamas
Argentina,0,3,0,2.5,Argentina,,12814,Argentina,,Argentina
Argentina,0,3,0,2.5,Brazil,,12814,Brazil,,Brazil
Argentina,0,3,0,2.5,Australia,,12814,Australia,,Australia
Argentina,0,3,0,2.5,United States,,12814,United States,,United States
Argentina,0,3,0,2.5,China,,12814,China,,China
Argentina,0,3,0,2.5,Colombia,,12814,Colombia,,Colombia
Argentina,0,3,0,2.5,Dominican Republic,,12814,Dominican Republic,,Dominican Republic
Argentina,0,3,0,2.5,Paraguay,,12814,Paraguay,,Paraguay
Argentina,0,3,0,2.5,Brazil,,12814,Brazil,,Brazil
Argentina,0,3,0,2.5,China,,12814,China,,China
Argentina,0,3,0,2.5,Spain,,12814,Spain,,Spain
Argentina,0,3,0,2.5,Bolivia,,12814,Bolivia,,Bolivia
Argentina,0,3,0,2.5,United Arab Emirates,,12814,United Arab Emirates,,United Arab Emirates
Argentina,0,3,0,2.5,Colombia,,12814,Colombia,,Colombia
Argentina,0,3,0,2.5,United States,,12814,United States,,United States
Argentina,0,3,0,2.5,France,,12814,France,,France
Argentina,0,3,0,2.5,Cuba,,12814,Cuba,,Cuba
Argentina,0,3,0,2.5,Colombia,,12814,Colombia,,Colombia
Argentina,0,3,0,2.5,Japan,,12814,Japan,,Japan
Argentina,0,3,0,2.5,China,,12814,China,,China
Argentina,0,3,0,2.5,Sweden,,12814,Sweden,,Sweden
Argentina,0,3,0,2.5,Australia,,12814,Australia,,Australia
Argentina,0,3,0,2.5,Canada,,12814,Canada,,Canada
Argentina,0,3,0,2.5,North Korea,,12814,North Korea,,North Korea
Argentina,0,3,0,2.5,Brazil,,12814,Brazil,,Brazil
Argentina,0,3,0,2.5,Spain,,12814,Spain,,Spain
Argentina,0,3,0,2.5,Brazil,,12814,Brazil,,Brazil
Argentina,0,3,0,2.5,Colombia,,12814,Colombia,,Colombia
Argentina,0,3,0,2.5,Canada,,12814,Canada,,Canada
Argentina,0,3,0,2.5,Germany,,12814,Germany,,Germany
Argentina,0,3,0,2.5,France,,12814,France,,France
Argentina,0,3,0,2.5,Argentina,,12814,Argentina,,Argentina
Argentina,0,3,0,2.5,Bolivia,,12814,Bolivia,,Bolivia
Argentina,0,3,0,2.5,Argentina,,12814,Argentina,,Argentina
Argentina,0,3,0,2.5,Australia,,12814,Australia,,Australia
Argentina,0,3,0,2.5,Canada,,12814,Canada,,Canada
Argentina,0,3,0,2.5,Peru,,12814,Peru,,Peru
Argentina,0,3,0,2.5,Argentina,,12814,Argentina,,Argentina
Argentina,0,3,0,2.5,Belarus,,12814,Belarus,,Belarus
Argentina,0,3,0,2.5,Japan,,12814,Japan,,Japan
Argentina,0,3,0,2.5,Argentina,,12814,Argentina,,Argentina
Argentina,0,3,0,2.5,Greece,,12814,Greece,,Greece
Argentina,0,3,0,2.5,Argentina,,12814,Argentina,,Argentina
Argentina,0,3,0,2.5,Argentina,,12814,Argentina,,Argentina
Argentina,0,3,0,2.5,India,,12814,India,,India
Argentina,0,3,0,2.5,China,,12814,China,,China
Argentina,0,3,0,2.5,Mexico,,12814,Mexico,,Mexico
Argentina,0,3,0,2.5,Greece,,12814,Greece,,Greece
Argentina,0,3,0,2.5,Argentina,,12814,Argentina,,Argentina
Argentina,0,3,0,2.5,Azerbaijan,,12814,Azerbaijan,,Azerbaijan
Argentina,0,3,0,2.5,Finland,,12814,Finland,,Finland
Argentina,0,3,0,2.5,Argentina,,12814,Argentina,,Argentina
Argentina,0,3,0,2.5,New Zealand,,12814,New Zealand,,New Zealand
Argentina,0,3,0,2.5,Argentina,,12814,Argentina,,Argentina
Argentina,0,3,0,2.5,Spain,,12814,Spain,,Spain
Argentina,0,3,0,2.5,United States,,12814,United States,,United States
Argentina,0,3,0,2.5,Argentina,,12814,Argentina,,Argentina
Argentina,0,3,0,2.5,Armenia,,12814,Armenia,,Armenia
Argentina,0,3,0,2.5,Belarus,,12814,Belarus,,Belarus
Argentina,0,3,0,2.5,Cambodia,,12814,Cambodia,,Cambodia
Argentina,0,3,0,2.5,Iraq,,12814,Iraq,,Iraq
Argentina,0,3,0,2.5,Australia,,12814,Australia,,Australia
Argentina,0,3,0,2.5,Brazil,,12814,Brazil,,Brazil
Argentina,0,3,0,2.5,Bolivia,,12814,Bolivia,,Bolivia
Argentina,0,3,0,2.5,Cuba,,12814,Cuba,,Cuba
Argentina,0,3,0,2.5,Ecuador,,12814,Ecuador,,Ecuador
Argentina,0,3,0,2.5,Argentina,,12814,Argentina,,Argentina
Argentina,0,3,0,2.5,Bolivia,,12814,Bolivia,,Bolivia
Argentina,0,3,0,2.5,Chile,,12814,Chile,,Chile
Argentina,0,3,0,2.5,Brazil,,12814,Brazil,,Brazil
Argentina,0,3,0,2.5,Brazil,,12814,Brazil,,Brazil
Argentina,0,3,0,2.5,Chile,,12814,Chile,,Chile
Argentina,0,3,0,2.5,Germany,,12814,Germany,,Germany
Argentina,0,3,0,2.5,Jamaica,,12814,Jamaica,,Jamaica
Argentina,0,3,0,2.5,Italy,,12814,Italy,,Italy
Argentina,0,3,0,2.5,Japan,,12814,Japan,,Japan
Argentina,0,3,0,2.5,Denmark,,12814,Denmark,,Denmark
Argentina,0,3,0,2.5,Canada,,12814,Canada,,Canada
Argentina,0,3,0,2.5,Australia,,12814,Australia,,Australia
Argentina,0,3,0,2.5,Argentina,,12814,Argentina,,Argentina
Argentina,0,3,0,2.5,Argentina,,12814,Argentina,,Argentina
Argentina,0,3,0,2.5,Argentina,,12814,Argentina,,Argentina
Argentina,0,3,0,2.5,Argentina,,12814,Argentina,,Argentina
Argentina,0,3,0,2.5,Argentina,,12814,Argentina,,Argentina
Argentina,0,3,0,2.5,Japan,,12814,Japan,,Japan
Argentina,0,3,0,2.5,Argentina,,12814,Argentina,,Argentina
Argentina,0,3,0,2.5,Argentina,,12814,Argentina,,Argentina
Argentina,0,3,0,2.5,Argentina,,12814,Argentina,,Argentina
Argentina,0,3,0,2.5,United Arab Emirates,,12814,United Arab Emirates,,United Arab Emirates
Argentina,0,3,0,2.5,Argentina,,12814,Argentina,,Argentina
Argentina,0,3,0,2.5,Italy,,12814,Italy,,Italy
Argentina,0,3,0,2.5,Venezuela,,12814,Venezuela,,Venezuela
Argentina,0,3,0,2.5,Ecuador,,12814,Ecuador,,Ecuador
Argentina,0,3,0,2.5,Brazil,,12814,Brazil,,Brazil
Argentina,0,3,0,2.5,Austria,,12814,Austria,,Austria
Argentina,0,3,0,2.5,Brazil,,12814,Brazil,,Brazil
Argentina,0,3,0,2.5,Japan,,12814,Japan,,Japan
Argentina,0,3,0,2.5,Argentina,,12814,Argentina,,Argentina
Argentina,0,3,0,2.5,Argentina,,12814,Argentina,,Argentina
Argentina,0,3,0,2.5,Canada,,12814,Canada,,Canada
Argentina,0,3,0,2.5,Afghanistan,,12814,Afghanistan,,Afghanistan
Argentina,0,3,0,2.5,United States,,12814,United States,,United States
Argentina,0,3,0,2.5,Cuba,,12814,Cuba,,Cuba
Argentina,0,3,0,2.5,Brazil,,12814,Brazil,,Brazil
Argentina,0,3,0,2.5,Chile,,12814,Chile,,Chile
Argentina,0,3,0,2.5,Dominican Republic,,12814,Dominican Republic,,Dominican Republic
Argentina,0,3,0,2.5,Argentina,,12814,Argentina,,Argentina
Argentina,0,3,0,2.5,Venezuela,,12814,Venezuela,,Venezuela
Argentina,0,3,0,2.5,Argentina,,12814,Argentina,,Argentina
Argentina,0,3,0,2.5,Netherlands,,12814,Netherlands,,Netherlands
Argentina,0,3,0,2.5,Venezuela,,12814,Venezuela,,Venezuela
Argentina,0,3,0,2.5,Iran,,12814,Iran,,Iran
Argentina,0,3,0,2.5,Mexico,,12814,Mexico,,Mexico
Argentina,0,3,0,2.5,Brazil,,12814,Brazil,,Brazil
Argentina,0,3,0,2.5,Japan,,12814,Japan,,Japan
Argentina,0,3,0,2.5,Italy,,12814,Italy,,Italy
Argentina,0,3,0,2.5,Bolivia,,12814,Bolivia,,Bolivia
Argentina,0,3,0,2.5,Peru,,12814,Peru,,Peru
Argentina,0,3,0,2.5,Paraguay,,12814,Paraguay,,Paraguay
Argentina,0,3,0,2.5,Brazil,,12814,Brazil,,Brazil
Argentina,0,3,0,2.5,Argentina,,12814,Argentina,,Argentina
Argentina,0,3,0,2.5,Italy,,12814,Italy,,Italy
Argentina,0,3,0,2.5,Spain,,12814,Spain,,Spain
Argentina,0,3,0,2.5,Argentina,,12814,Argentina,,Argentina
Argentina,0,3,0,2.5,Italy,,12814,Italy,,Italy
Argentina,0,3,0,2.5,Belgium,,12814,Belgium,,Belgium
Argentina,0,3,0,2.5,Andorra,,12814,Andorra,,Andorra
Argentina,0,3,0,2.5,Costa Rica,,12814,Costa Rica,,Costa Rica
Argentina,0,3,0,2.5,India,,12814,India,,India
Argentina,0,3,0,2.5,Andorra,,12814,Andorra,,Andorra
Argentina,0,3,0,2.5,Australia,,12814,Australia,,Australia
Argentina,0,3,0,2.5,Afghanistan,,12814,Afghanistan,,Afghanistan
Argentina,0,3,0,2.5,Brazil,,12814,Brazil,,Brazil
Argentina,0,3,0,2.5,Canada,,12814,Canada,,Canada
Argentina,0,3,0,2.5,Argentina,,12814,Argentina,,Argentina
Argentina,0,3,0,2.5,Bolivia,,12814,Bolivia,,Bolivia
Argentina,0,3,0,2.5,Brazil,,12814,Brazil,,Brazil
Argentina,0,3,0,2.5,Russia,,12814,Russia,,Russia
Argentina,0,3,0,2.5,Japan,,12814,Japan,,Japan
Argentina,0,3,0,2.5,Brazil,,12814,Brazil,,Brazil
Argentina,0,3,0,2.5,Finland,,12814,Finland,,Finland
Argentina,0,3,0,2.5,Italy,,12814,Italy,,Italy
Argentina,0,3,0,2.5,Italy,,12814,Italy,,Italy
Argentina,0,3,0,2.5,Japan,,12814,Japan,,Japan
Argentina,0,3,0,2.5,Spain,,12814,Spain,,Spain
Argentina,0,3,0,2.5,Russia,,12814,Russia,,Russia
Argentina,0,3,0,2.5,China,,12814,China,,China
Argentina,0,3,0,2.5,Brazil,,12814,Brazil,,Brazil
Argentina,0,3,0,2.5,Russia,,12814,Russia,,Russia
Argentina,0,3,0,2.5,Sierra Leone,,12814,Sierra Leone,,Sierra Leone
Argentina,0,3,0,2.5,Zimbabwe,,12814,Zimbabwe,,Zimbabwe
Argentina,0,3,0,2.5,Zambia,,12814,Zambia,,Zambia
Argentina,0,3,0,2.5,Argentina,,12814,Argentina,,Argentina
Argentina,0,3,0,2.5,Argentina,,12814,Argentina,,Argentina
Argentina,0,3,0,2.5,Japan,,12814,Japan,,Japan
Argentina,0,3,0,2.5,Benin,,12814,Benin,,Benin
Argentina,0,3,0,2.5,Bolivia,,12814,Bolivia,,Bolivia
Argentina,0,3,0,2.5,Iraq,,12814,Iraq,,Iraq
Argentina,0,3,0,2.5,Brazil,,12814,Brazil,,Brazil
Argentina,0,3,0,2.5,Chile,,12814,Chile,,Chile
Argentina,0,3,0,2.5,Colombia,,12814,Colombia,,Colombia
Argentina,0,3,0,2.5,Australia,,12814,Australia,,Australia
Argentina,0,3,0,2.5,Argentina,,12814,Argentina,,Argentina
Argentina,0,3,0,2.5,Brazil,,12814,Brazil,,Brazil
Argentina,0,3,0,2.5,Japan,,12814,Japan,,Japan
Argentina,0,3,0,2.5,Bahamas,,12814,Bahamas,,Bahamas
Argentina,0,3,0,2.5,United States,,12814,United States,,United States
Argentina,0,3,0,2.5,Argentina,,12814,Argentina,,Argentina
Argentina,0,3,0,2.5,Brazil,,12814,Brazil,,Brazil
Argentina,0,3,0,2.5,Spain,,12814,Spain,,Spain
Argentina,0,3,0,2.5,Brazil,,12814,Brazil,,Brazil
Argentina,0,3,0,2.5,Sweden,,12814,Sweden,,Sweden
Argentina,0,3,0,2.5,Germany,,12814,Germany,,Germany
Argentina,0,3,0,2.5,Argentina,,12814,Argentina,,Argentina
Argentina,0,3,0,2.5,Argentina,,12814,Argentina,,Argentina
Argentina,0,3,0,2.5,Argentina,,12814,Argentina,,Argentina
Argentina,0,3,0,2.5,Japan,,12814,Japan,,Japan
Argentina,0,3,0,2.5,Argentina,,12814,Argentina,,Argentina
Argentina,0,3,0,2.5,Armenia,,12814,Armenia,,Armenia
Argentina,0,3,0,2.5,Barbados,,12814,Barbados,,Barbados
Argentina,0,3,0,2.5,Algeria,,12814,Algeria,,Algeria
Argentina,0,3,0,2.5,Azerbaijan,,12814,Azerbaijan,,Azerbaijan
Argentina,0,3,0,2.5,Afghanistan,,12814,Afghanistan,,Afghanistan
Argentina,0,3,0,2.5,Argentina,,12814,Argentina,,Argentina
Argentina,0,3,0,2.5,Chile,,12814,Chile,,Chile
Argentina,0,3,0,2.5,Angola,,12814,Angola,,Angola
Argentina,0,3,0,2.5,Brazil,,12814,Brazil,,Brazil
Argentina,0,3,0,2.5,Canada,,12814,Canada,,Canada
Argentina,0,3,0,2.5,Argentina,,12814,Argentina,,Argentina
Argentina,0,3,0,2.5,Egypt,,12814,Egypt,,Egypt
Argentina,0,3,0,2.5,Bolivia,,12814,Bolivia,,Bolivia
Argentina,0,3,0,2.5,Brazil,,12814,Brazil,,Brazil
Argentina,0,3,0,2.5,Argentina,,12814,Argentina,,Argentina
Argentina,0,3,0,2.5,Colombia,,12814,Colombia,,Colombia
Argentina,0,3,0,2.5,Brazil,,12814,Brazil,,Brazil
Argentina,0,3,0,2.5,Cuba,,12814,Cuba,,Cuba
Argentina,0,3,0,2.5,Venezuela,,12814,Venezuela,,Venezuela
Argentina,0,3,0,2.5,United States,,12814,United States,,United States
Argentina,0,3,0,2.5,Argentina,,12814,Argentina,,Argentina
Argentina,0,3,0,2.5,Bolivia,,12814,Bolivia,,Bolivia
Argentina,0,3,0,2.5,Chile,,12814,Chile,,Chile
Argentina,0,3,0,2.5,Argentina,,12814,Argentina,,Argentina
Argentina,0,3,0,2.5,Italy,,12814,Italy,,Italy
Argentina,0,3,0,2.5,Jamaica,,12814,Jamaica,,Jamaica
Argentina,0,3,0,2.5,China,,12814,China,,China
Argentina,0,3,0,2.5,Germany,,12814,Germany,,Germany
Argentina,0,3,0,2.5,Japan,,12814,Japan,,Japan
Argentina,0,3,0,2.5,Japan,,12814,Japan,,Japan
Argentina,0,3,0,2.5,Brazil,,12814,Brazil,,Brazil
Argentina,0,3,0,2.5,Argentina,,12814,Argentina,,Argentina
Argentina,0,3,0,2.5,Australia,,12814,Australia,,Australia
Argentina,0,3,0,2.5,Australia,,12814,Australia,,Australia
Argentina,0,3,0,2.5,Denmark,,12814,Denmark,,Denmark
Argentina,0,3,0,2.5,Croatia,,12814,Croatia,,Croatia
Argentina,0,3,0,2.5,United Kingdom,,12814,United Kingdom,,United Kingdom
Argentina,0,3,0,2.5,Bolivia,,12814,Bolivia,,Bolivia
Argentina,0,3,0,2.5,Chile,,12814,Chile,,Chile
Argentina,0,3,0,2.5,Australia,,12814,Australia,,Australia
Argentina,0,3,0,2.5,Azerbaijan,,12814,Azerbaijan,,Azerbaijan
Argentina,0,3,0,2.5,Argentina,,12814,Argentina,,Argentina
Argentina,0,3,0,2.5,Ecuador,,12814,Ecuador,,Ecuador
Argentina,0,3,0,2.5,France,,12814,France,,France
Argentina,0,3,0,2.5,Australia,,12814,Australia,,Australia
Argentina,0,3,0,2.5,Colombia,,12814,Colombia,,Colombia
Argentina,0,3,0,2.5,China,,12814,China,,China
Argentina,0,3,0,2.5,Switzerland,,12814,Switzerland,,Switzerland
Argentina,0,3,0,2.5,Brazil,,12814,Brazil,,Brazil
Argentina,0,3,0,2.5,Argentina,,12814,Argentina,,Argentina
Argentina,0,3,0,2.5,United States,,12814,United States,,United States
Argentina,0,3,0,2.5,Russia,,12814,Russia,,Russia
Argentina,0,3,0,2.5,China,,12814,China,,China
Argentina,0,3,0,2.5,Argentina,,12814,Argentina,,Argentina
Argentina,0,3,0,2.5,Chile,,12814,Chile,,Chile
Argentina,0,3,0,2.5,Colombia,,12814,Colombia,,Colombia
Argentina,0,3,0,2.5,Mexico,,12814,Mexico,,Mexico
Argentina,0,3,0,2.5,Costa Rica,,12814,Costa Rica,,Costa Rica
Argentina,0,3,0,2.5,Cuba,,12814,Cuba,,Cuba
Argentina,0,3,0,2.5,El Salvador,,12814,El Salvador,,El Salvador
Argentina,0,3,0,2.5,Guatemala,,12814,Guatemala,,Guatemala
Argentina,0,3,0,2.5,Dominican Republic,,12814,Dominican Republic,,Dominican Republic
Argentina,0,3,0,2.5,Mexico,,12814,Mexico,,Mexico
Argentina,0,3,0,2.5,Jamaica,,12814,Jamaica,,Jamaica
Argentina,0,3,0,2.5,Nicaragua,,12814,Nicaragua,,Nicaragua
Argentina,0,3,0,2.5,Panama,,12814,Panama,,Panama
Argentina,0,3,0,2.5,Brazil,,12814,Brazil,,Brazil
Argentina,0,3,0,2.5,Colombia,,12814,Colombia,,Colombia
Argentina,0,3,0,2.5,Cuba,,12814,Cuba,,Cuba
Argentina,0,3,0,2.5,Dominican Republic,,12814,Dominican Republic,,Dominican Republic
Argentina,0,3,0,2.5,South Africa,,12814,South Africa,,South Africa
Argentina,0,3,0,2.5,Argentina,,12814,Argentina,,Argentina
Argentina,0,3,0,2.5,Australia,,12814,Australia,,Australia
Argentina,0,3,0,2.5,Bahamas,,12814,Bahamas,,Bahamas
Argentina,0,3,0,2.5,Belgium,,12814,Belgium,,Belgium
Argentina,0,3,0,2.5,Brazil,,12814,Brazil,,Brazil
Argentina,0,3,0,2.5,Germany,,12814,Germany,,Germany
Argentina,0,3,0,2.5,Japan,,12814,Japan,,Japan
Argentina,0,3,0,2.5,China,,12814,China,,China
Argentina,0,3,0,2.5,Japan,,12814,Japan,,Japan
Argentina,0,3,0,2.5,Colombia,,12814,Colombia,,Colombia
Argentina,0,3,0,2.5,Uruguay,,12814,Uruguay,,Uruguay
Argentina,0,3,0,2.5,Cuba,,12814,Cuba,,Cuba
Argentina,0,3,0,2.5,Brazil,,12814,Brazil,,Brazil
Argentina,0,3,0,2.5,Azerbaijan,,12814,Azerbaijan,,Azerbaijan
Argentina,0,3,0,2.5,Argentina,,12814,Argentina,,Argentina
Argentina,0,3,0,2.5,Japan,,12814,Japan,,Japan
Argentina,0,3,0,2.5,Switzerland,,12814,Switzerland,,Switzerland
Argentina,0,3,0,2.5,Egypt,,12814,Egypt,,Egypt
Argentina,0,3,0,2.5,Argentina,,12814,Argentina,,Argentina
Argentina,0,3,0,2.5,Colombia,,12814,Colombia,,Colombia
Argentina,0,3,0,2.5,Cuba,,12814,Cuba,,Cuba
Argentina,0,3,0,2.5,Brazil,,12814,Brazil,,Brazil
Argentina,0,3,0,2.5,Mexico,,12814,Mexico,,Mexico
Argentina,0,3,0,2.5,United States,,12814,United States,,United States
Argentina,0,3,0,2.5,Israel,,12814,Israel,,Israel
Argentina,0,3,0,2.5,India,,12814,India,,India
Argentina,0,3,0,2.5,Argentina,,12814,Argentina,,Argentina
Argentina,0,3,0,2.5,South Africa,,12814,South Africa,,South Africa
Argentina,0,3,0,2.5,Brazil,,12814,Brazil,,Brazil
Argentina,0,3,0,2.5,India,,12814,India,,India
Argentina,0,3,0,2.5,Argentina,,12814,Argentina,,Argentina
Argentina,0,3,0,2.5,Brazil,,12814,Brazil,,Brazil
Argentina,0,3,0,2.5,Germany,,12814,Germany,,Germany
Argentina,0,3,0,2.5,France,,12814,France,,France
Argentina,0,3,0,2.5,Afghanistan,,12814,Afghanistan,,Afghanistan
Argentina,0,3,0,2.5,India,,12814,India,,India
Argentina,0,3,0,2.5,Haiti,,12814,Haiti,,Haiti
Argentina,0,3,0,2.5,Switzerland,,12814,Switzerland,,Switzerland
Argentina,0,3,0,2.5,Japan,,12814,Japan,,Japan
Argentina,0,3,0,2.5,Canada,,12814,Canada,,Canada
Argentina,0,3,0,2.5,Venezuela,,12814,Venezuela,,Venezuela
Argentina,0,3,0,2.5,Iraq,,12814,Iraq,,Iraq
Argentina,0,3,0,2.5,United Arab Emirates,,12814,United Arab Emirates,,United Arab Emirates
Argentina,0,3,0,2.5,Saudi Arabia,,12814,Saudi Arabia,,Saudi Arabia
Argentina,0,3,0,2.5,Iran,,12814,Iran,,Iran
Argentina,0,3,0,2.5,Bahamas,,12814,Bahamas,,Bahamas
Argentina,0,3,0,2.5,Costa Rica,,12814,Costa Rica,,Costa Rica
Argentina,0,3,0,2.5,Bangladesh,,12814,Bangladesh,,Bangladesh
Argentina,0,3,0,2.5,Cuba,,12814,Cuba,,Cuba
Argentina,0,3,0,2.5,Burkina Faso,,12814,Burkina Faso,,Burkina Faso
Argentina,0,3,0,2.5,Argentina,,12814,Argentina,,Argentina
Argentina,0,3,0,2.5,Colombia,,12814,Colombia,,Colombia
Argentina,0,3,0,2.5,Spain,,12814,Spain,,Spain
Argentina,0,3,0,2.5,Mexico,,12814,Mexico,,Mexico
Argentina,0,3,0,2.5,Chile,,12814,Chile,,Chile
Argentina,0,3,0,2.5,Uruguay,,12814,Uruguay,,Uruguay
Argentina,0,3,0,2.5,Bolivia,,12814,Bolivia,,Bolivia
Argentina,0,3,0,2.5,India,,12814,India,,India
Argentina,0,3,0,2.5,China,,12814,China,,China
Argentina,0,3,0,2.5,Indonesia,,12814,Indonesia,,Indonesia
Argentina,0,3,0,2.5,Israel,,12814,Israel,,Israel
Argentina,0,3,0,2.5,China,,12814,China,,China
Argentina,0,3,0,2.5,Pakistan,,12814,Pakistan,,Pakistan
Argentina,0,3,0,2.5,Japan,,12814,Japan,,Japan
Argentina,0,3,0,2.5,United States,,12814,United States,,United States
Argentina,0,3,0,2.5,China,,12814,China,,China
Argentina,0,3,0,2.5,Argentina,,12814,Argentina,,Argentina
Argentina,0,3,0,2.5,India,,12814,India,,India
Argentina,0,3,0,2.5,Mexico,,12814,Mexico,,Mexico
Argentina,0,3,0,2.5,Italy,,12814,Italy,,Italy
Argentina,0,3,0,2.5,Argentina,,12814,Argentina,,Argentina
Argentina,0,3,0,2.5,Brazil,,12814,Brazil,,Brazil
Argentina,0,3,0,2.5,Colombia,,12814,Colombia,,Colombia
Argentina,0,3,0,2.5,Nigeria,,12814,Nigeria,,Nigeria
Argentina,0,3,0,2.5,Egypt,,12814,Egypt,,Egypt
Argentina,0,3,0,2.5,Switzerland,,12814,Switzerland,,Switzerland
Argentina,0,3,0,2.5,China,,12814,China,,China
Argentina,0,3,0,2.5,Italy,,12814,Italy,,Italy
Argentina,0,3,0,2.5,Australia,,12814,Australia,,Australia
Argentina,0,3,0,2.5,Bolivia,,12814,Bolivia,,Bolivia
Argentina,0,3,0,2.5,United States,,12814,United States,,United States
Argentina,0,3,0,2.5,Antigua and Barbuda,,12814,Antigua and Barbuda,,Antigua and Barbuda
Argentina,0,3,0,2.5,Antigua and Barbuda,,12814,Antigua and Barbuda,,Antigua and Barbuda
Argentina,0,3,0,2.5,Germany,,12814,Germany,,Germany
Argentina,0,3,0,2.5,Andorra,,12814,Andorra,,Andorra
Argentina,0,3,0,2.5,Argentina,,12814,Argentina,,Argentina
Argentina,0,3,0,2.5,Angola,,12814,Angola,,Angola
Argentina,0,3,0,2.5,Italy,,12814,Italy,,Italy
Argentina,0,3,0,2.5,Andorra,,12814,Andorra,,Andorra
Argentina,0,3,0,2.5,Angola,,12814,Angola,,Angola
Argentina,0,3,0,2.5,Argentina,,12814,Argentina,,Argentina
Argentina,0,3,0,2.5,Angola,,12814,Angola,,Angola
Argentina,0,3,0,2.5,Somalia,,12814,Somalia,,Somalia
Argentina,0,3,0,2.5,Argentina,,12814,Argentina,,Argentina
Argentina,0,3,0,2.5,Russia,,12814,Russia,,Russia
Argentina,0,3,0,2.5,Russia,,12814,Russia,,Russia
Argentina,0,3,0,2.5,China,,12814,China,,China
Argentina,0,3,0,2.5,Argentina,,12814,Argentina,,Argentina
Argentina,0,3,0,2.5,United States,,12814,United States,,United States
Argentina,0,3,0,2.5,Canada,,12814,Canada,,Canada
Argentina,0,3,0,2.5,Argentina,,12814,Argentina,,Argentina
Argentina,0,3,0,2.5,Israel,,12814,Israel,,Israel
Argentina,0,3,0,2.5,Afghanistan,,12814,Afghanistan,,Afghanistan
Argentina,0,3,0,2.5,Israel,,12814,Israel,,Israel
Argentina,0,3,0,2.5,Spain,,12814,Spain,,Spain
Argentina,0,3,0,2.5,Angola,,12814,Angola,,Angola
Argentina,0,3,0,2.5,Brazil,,12814,Brazil,,Brazil
Argentina,0,3,0,2.5,India,,12814,India,,India
Argentina,0,3,0,2.5,Israel,,12814,Israel,,Israel
Argentina,0,3,0,2.5,Cuba,,12814,Cuba,,Cuba
Argentina,0,3,0,2.5,Brazil,,12814,Brazil,,Brazil
Argentina,0,3,0,2.5,Argentina,,12814,Argentina,,Argentina
Argentina,0,3,0,2.5,Austria,,12814,Austria,,Austria
Argentina,0,3,0,2.5,Argentina,,12814,Argentina,,Argentina
Argentina,0,3,0,2.5,Azerbaijan,,12814,Azerbaijan,,Azerbaijan
Argentina,0,3,0,2.5,Argentina,,12814,Argentina,,Argentina
Argentina,0,3,0,2.5,Argentina,,12814,Argentina,,Argentina
Argentina,0,3,0,2.5,Argentina,,12814,Argentina,,Argentina
Argentina,0,3,0,2.5,Argentina,,12814,Argentina,,Argentina
Argentina,0,3,0,2.5,Brazil,,12814,Brazil,,Brazil
Argentina,0,3,0,2.5,Honduras,,12814,Honduras,,Honduras
Argentina,0,3,0,2.5,Argentina,,12814,Argentina,,Argentina
Argentina,0,3,0,2.5,Argentina,,12814,Argentina,,Argentina
Argentina,0,3,0,2.5,Peru,,12814,Peru,,Peru
Argentina,0,3,0,2.5,Argentina,,12814,Argentina,,Argentina
Argentina,0,3,0,2.5,Peru,,12814,Peru,,Peru
Argentina,0,3,0,2.5,China,,12814,China,,China
Argentina,0,3,0,2.5,Mexico,,12814,Mexico,,Mexico
Argentina,0,3,0,2.5,Peru,,12814,Peru,,Peru
Argentina,0,3,0,2.5,Argentina,,12814,Argentina,,Argentina
Argentina,0,3,0,2.5,Angola,,12814,Angola,,Angola
Argentina,0,3,0,2.5,Switzerland,,12814,Switzerland,,Switzerland
Argentina,0,3,0,2.5,France,,12814,France,,France
Argentina,0,3,0,2.5,Haiti,,12814,Haiti,,Haiti
Argentina,0,3,0,2.5,Spain,,12814,Spain,,Spain
Argentina,0,3,0,2.5,Ireland,,12814,Ireland,,Ireland
Argentina,0,3,0,2.5,Cuba,,12814,Cuba,,Cuba
Argentina,0,3,0,2.5,Colombia,,12814,Colombia,,Colombia
Argentina,0,3,0,2.5,Canada,,12814,Canada,,Canada
Argentina,0,3,0,2.5,Sweden,,12814,Sweden,,Sweden
Argentina,0,3,0,2.5,France,,12814,France,,France
Argentina,0,3,0,2.5,Italy,,12814,Italy,,Italy
Argentina,0,3,0,2.5,China,,12814,China,,China
Argentina,0,3,0,2.5,Argentina,,12814,Argentina,,Argentina
Argentina,0,3,0,2.5,Venezuela,,12814,Venezuela,,Venezuela
Argentina,0,3,0,2.5,Bolivia,,12814,Bolivia,,Bolivia
Argentina,0,3,0,2.5,Argentina,,12814,Argentina,,Argentina
Argentina,0,3,0,2.5,Japan,,12814,Japan,,Japan
Argentina,0,3,0,2.5,Bolivia,,12814,Bolivia,,Bolivia
Argentina,0,3,0,2.5,Argentina,,12814,Argentina,,Argentina
Argentina,0,3,0,2.5,Italy,,12814,Italy,,Italy
Argentina,0,3,0,2.5,France,,12814,France,,France
Argentina,0,3,0,2.5,Colombia,,12814,Colombia,,Colombia
Argentina,0,3,0,2.5,Peru,,12814,Peru,,Peru
Argentina,0,3,0,2.5,China,,12814,China,,China
Argentina,0,3,0,2.5,Argentina,,12814,Argentina,,Argentina
Argentina,0,3,0,2.5,France,,12814,France,,France
Argentina,0,3,0,2.5,Argentina,,12814,Argentina,,Argentina
Argentina,0,3,0,2.5,France,,12814,France,,France
Argentina,0,3,0,2.5,Israel,,12814,Israel,,Israel
Argentina,0,3,0,2.5,Argentina,,12814,Argentina,,Argentina
Argentina,0,3,0,2.5,Brazil,,12814,Brazil,,Brazil
Argentina,0,3,0,2.5,Argentina,,12814,Argentina,,Argentina
Argentina,0,3,0,2.5,Argentina,,12814,Argentina,,Argentina
Argentina,0,3,0,2.5,United States,,12814,United States,,United States
Argentina,0,3,0,2.5,Argentina,,12814,Argentina,,Argentina
Argentina,0,3,0,2.5,United States,,12814,United States,,United States
Argentina,0,3,0,2.5,Argentina,,12814,Argentina,,Argentina
Argentina,0,3,0,2.5,United States,,12814,United States,,United States
Argentina,0,3,0,2.5,Argentina,,12814,Argentina,,Argentina
Argentina,0,3,0,2.5,United States,,12814,United States,,United States
Argentina,0,3,0,2.5,China,,12814,China,,China
Argentina,0,3,0,2.5,Egypt,,12814,Egypt,,Egypt
Argentina,0,3,0,2.5,Argentina,,12814,Argentina,,Argentina
Argentina,0,3,0,2.5,Japan,,12814,Japan,,Japan
Argentina,0,3,0,2.5,Chile,,12814,Chile,,Chile
Argentina,0,3,0,2.5,Australia,,12814,Australia,,Australia
Argentina,0,3,0,2.5,Switzerland,,12814,Switzerland,,Switzerland
Argentina,0,3,0,2.5,Sweden,,12814,Sweden,,Sweden
Argentina,0,3,0,2.5,China,,12814,China,,China
Argentina,0,3,0,2.5,Cuba,,12814,Cuba,,Cuba
Argentina,0,3,0,2.5,Spain,,12814,Spain,,Spain
Argentina,0,3,0,2.5,Austria,,12814,Austria,,Austria
Argentina,0,3,0,2.5,Uruguay,,12814,Uruguay,,Uruguay
Argentina,0,3,0,2.5,France,,12814,France,,France
Argentina,0,3,0,2.5,Bolivia,,12814,Bolivia,,Bolivia
Argentina,0,3,0,2.5,Chile,,12814,Chile,,Chile
Argentina,0,3,0,2.5,Ecuador,,12814,Ecuador,,Ecuador
Argentina,0,3,0,2.5,Cuba,,12814,Cuba,,Cuba
Argentina,0,3,0,2.5,Switzerland,,12814,Switzerland,,Switzerland
Argentina,0,3,0,2.5,Argentina,,12814,Argentina,,Argentina
Argentina,0,3,0,2.5,Paraguay,,12814,Paraguay,,Paraguay
Argentina,0,3,0,2.5,Chile,,12814,Chile,,Chile
Argentina,0,3,0,2.5,Algeria,,12814,Algeria,,Algeria
Argentina,0,3,0,2.5,Uruguay,,12814,Uruguay,,Uruguay
Argentina,0,3,0,2.5,Sweden,,12814,Sweden,,Sweden
Argentina,0,3,0,2.5,Ecuador,,12814,Ecuador,,Ecuador
Argentina,0,3,0,2.5,Haiti,,12814,Haiti,,Haiti
Argentina,0,3,0,2.5,Mexico,,12814,Mexico,,Mexico
Argentina,0,3,0,2.5,Argentina,,12814,Argentina,,Argentina
Argentina,0,3,0,2.5,Argentina,,12814,Argentina,,Argentina
Argentina,0,3,0,2.5,Brazil,,12814,Brazil,,Brazil
Argentina,0,3,0,2.5,United States,,12814,United States,,United States
Argentina,0,3,0,2.5,Argentina,,12814,Argentina,,Argentina
Argentina,0,3,0,2.5,Bahamas,,12814,Bahamas,,Bahamas
Argentina,0,3,0,2.5,Argentina,,12814,Argentina,,Argentina
Argentina,0,3,0,2.5,Uruguay,,12814,Uruguay,,Uruguay
Argentina,0,3,0,2.5,Brazil,,12814,Brazil,,Brazil
Argentina,0,3,0,2.5,Paraguay,,12814,Paraguay,,Paraguay
Argentina,0,3,0,2.5,Australia,,12814,Australia,,Australia
Argentina,0,3,0,2.5,Colombia,,12814,Colombia,,Colombia
Argentina,0,3,0,2.5,Germany,,12814,Germany,,Germany
Argentina,0,3,0,2.5,France,,12814,France,,France
Argentina,0,3,0,2.5,Argentina,,12814,Argentina,,Argentina
Argentina,0,3,0,2.5,United States,,12814,United States,,United States
Argentina,0,3,0,2.5,Uruguay,,12814,Uruguay,,Uruguay
Argentina,0,3,0,2.5,Chile,,12814,Chile,,Chile
Argentina,0,3,0,2.5,Brazil,,12814,Brazil,,Brazil
Argentina,0,3,0,2.5,Argentina,,12814,Argentina,,Argentina
Argentina,0,3,0,2.5,Portugal,,12814,Portugal,,Portugal
Argentina,0,3,0,2.5,Iran,,12814,Iran,,Iran
Argentina,0,3,0,2.5,Peru,,12814,Peru,,Peru
Argentina,0,3,0,2.5,Argentina,,12814,Argentina,,Argentina
Argentina,0,3,0,2.5,France,,12814,France,,France
Argentina,0,3,0,2.5,Belgium,,12814,Belgium,,Belgium
Argentina,0,3,0,2.5,China,,12814,China,,China
Argentina,0,3,0,2.5,Japan,,12814,Japan,,Japan
Argentina,0,3,0,2.5,South Korea,,12814,South Korea,,South Korea
Argentina,0,3,0,2.5,China,,12814,China,,China
Argentina,0,3,0,2.5,India,,12814,India,,India
Argentina,0,3,0,2.5,Mexico,,12814,Mexico,,Mexico
Argentina,0,3,0,2.5,Costa Rica,,12814,Costa Rica,,Costa Rica
Argentina,0,3,0,2.5,Dominican Republic,,12814,Dominican Republic,,Dominican Republic
Argentina,0,3,0,2.5,Colombia,,12814,Colombia,,Colombia
Argentina,0,3,0,2.5,Bolivia,,12814,Bolivia,,Bolivia
Argentina,0,3,0,2.5,Paraguay,,12814,Paraguay,,Paraguay
Argentina,0,3,0,2.5,India,,12814,India,,India
Argentina,0,3,0,2.5,Israel,,12814,Israel,,Israel
Argentina,0,3,0,2.5,Nepal,,12814,Nepal,,Nepal
Argentina,0,3,0,2.5,Brazil,,12814,Brazil,,Brazil
Argentina,0,3,0,2.5,United Kingdom,,12814,United Kingdom,,United Kingdom
Argentina,0,3,0,2.5,United States,,12814,United States,,United States
Argentina,0,3,0,2.5,Bolivia,,12814,Bolivia,,Bolivia
Argentina,0,3,0,2.5,Peru,,12814,Peru,,Peru
Argentina,0,3,0,2.5,Haiti,,12814,Haiti,,Haiti
Argentina,0,3,0,2.5,Jamaica,,12814,Jamaica,,Jamaica
Argentina,0,3,0,2.5,Honduras,,12814,Honduras,,Honduras
Argentina,0,3,0,2.5,Panama,,12814,Panama,,Panama
Argentina,0,3,0,2.5,Chile,,12814,Chile,,Chile
Argentina,0,3,0,2.5,United Kingdom,,12814,United Kingdom,,United Kingdom
Argentina,0,3,0,2.5,United Arab Emirates,,12814,United Arab Emirates,,United Arab Emirates
Argentina,0,3,0,2.5,Tuvalu,,12814,Tuvalu,,Tuvalu
Argentina,0,3,0,2.5,Slovakia,,12814,Slovakia,,Slovakia
Argentina,0,3,0,2.5,Argentina,,12814,Argentina,,Argentina
Argentina,0,3,0,2.5,Japan,,12814,Japan,,Japan
Argentina,0,3,0,2.5,China,,12814,China,,China
Argentina,0,3,0,2.5,Uruguay,,12814,Uruguay,,Uruguay
Argentina,0,3,0,2.5,Algeria,,12814,Algeria,,Algeria
Argentina,0,3,0,2.5,DR Congo,,12814,DR Congo,,DR Congo
Argentina,0,3,0,2.5,Australia,,12814,Australia,,Australia
Argentina,0,3,0,2.5,Japan,,12814,Japan,,Japan
Argentina,0,3,0,2.5,Finland,,12814,Finland,,Finland
Argentina,0,3,0,2.5,Japan,,12814,Japan,,Japan
Argentina,0,3,0,2.5,Italy,,12814,Italy,,Italy
Argentina,0,3,0,2.5,Canada,,12814,Canada,,Canada
Argentina,0,3,0,2.5,Switzerland,,12814,Switzerland,,Switzerland
Argentina,0,3,0,2.5,Argentina,,12814,Argentina,,Argentina
Argentina,0,3,0,2.5,Japan,,12814,Japan,,Japan
Argentina,0,3,0,2.5,Uruguay,,12814,Uruguay,,Uruguay
Argentina,0,3,0,2.5,Peru,,12814,Peru,,Peru
Argentina,0,3,0,2.5,Argentina,,12814,Argentina,,Argentina
Argentina,0,3,0,2.5,Argentina,,12814,Argentina,,Argentina
Argentina,0,3,0,2.5,Japan,,12814,Japan,,Japan
Argentina,0,3,0,2.5,Brazil,,12814,Brazil,,Brazil
Argentina,0,3,0,2.5,Argentina,,12814,Argentina,,Argentina
Argentina,0,3,0,2.5,Cuba,,12814,Cuba,,Cuba
Argentina,0,3,0,2.5,Italy,,12814,Italy,,Italy
Argentina,0,3,0,2.5,Brazil,,12814,Brazil,,Brazil
Argentina,0,3,0,2.5,United States,,12814,United States,,United States
Argentina,0,3,0,2.5,Uruguay,,12814,Uruguay,,Uruguay
Argentina,0,3,0,2.5,United Kingdom,,12814,United Kingdom,,United Kingdom
Argentina,0,3,0,2.5,Mexico,,12814,Mexico,,Mexico
Argentina,0,3,0,2.5,Japan,,12814,Japan,,Japan
Argentina,0,3,0,2.5,Italy,,12814,Italy,,Italy
Argentina,0,3,0,2.5,Argentina,,12814,Argentina,,Argentina
Argentina,0,3,0,2.5,Peru,,12814,Peru,,Peru
Argentina,0,3,0,2.5,United States,,12814,United States,,United States
Argentina,0,3,0,2.5,Brazil,,12814,Brazil,,Brazil
Argentina,0,3,0,2.5,Canada,,12814,Canada,,Canada
Argentina,0,3,0,2.5,Japan,,12814,Japan,,Japan
Argentina,0,3,0,2.5,Japan,,12814,Japan,,Japan
Argentina,0,3,0,2.5,Japan,,12814,Japan,,Japan
Argentina,0,3,0,2.5,Japan,,12814,Japan,,Japan
Argentina,0,3,0,2.5,Argentina,,12814,Argentina,,Argentina
Argentina,0,3,0,2.5,Brazil,,12814,Brazil,,Brazil
Argentina,0,3,0,2.5,Bolivia,,12814,Bolivia,,Bolivia
Argentina,0,3,0,2.5,Cuba,,12814,Cuba,,Cuba
Argentina,0,3,0,2.5,Argentina,,12814,Argentina,,Argentina
Argentina,0,3,0,2.5,Brazil,,12814,Brazil,,Brazil
Argentina,0,3,0,2.5,Jamaica,,12814,Jamaica,,Jamaica
Argentina,0,3,0,2.5,Chile,,12814,Chile,,Chile
Argentina,0,3,0,2.5,Costa Rica,,12814,Costa Rica,,Costa Rica
Argentina,0,3,0,2.5,Argentina,,12814,Argentina,,Argentina
Argentina,0,3,0,2.5,Brazil,,12814,Brazil,,Brazil
Argentina,0,3,0,2.5,Argentina,,12814,Argentina,,Argentina
Argentina,0,3,0,2.5,Italy,,12814,Italy,,Italy
Argentina,0,3,0,2.5,China,,12814,China,,China
Argentina,0,3,0,2.5,Denmark,,12814,Denmark,,Denmark
Argentina,0,3,0,2.5,Argentina,,12814,Argentina,,Argentina
Argentina,0,3,0,2.5,Argentina,,12814,Argentina,,Argentina
Argentina,0,3,0,2.5,Argentina,,12814,Argentina,,Argentina
Argentina,0,3,0,2.5,Argentina,,12814,Argentina,,Argentina
Argentina,0,3,0,2.5,Brazil,,12814,Brazil,,Brazil
Argentina,0,3,0,2.5,Brazil,,12814,Brazil,,Brazil
Argentina,0,3,0,2.5,Colombia,,12814,Colombia,,Colombia
Argentina,0,3,0,2.5,Australia,,12814,Australia,,Australia
Argentina,0,3,0,2.5,Iran,,12814,Iran,,Iran
Argentina,0,3,0,2.5,Australia,,12814,Australia,,Australia
Argentina,0,3,0,2.5,Afghanistan,,12814,Afghanistan,,Afghanistan
Argentina,0,3,0,2.5,Dominica,,12814,Dominica,,Dominica
Argentina,0,3,0,2.5,Belgium,,12814,Belgium,,Belgium
Argentina,0,3,0,2.5,Ukraine,,12814,Ukraine,,Ukraine
Argentina,0,3,0,2.5,Spain,,12814,Spain,,Spain
Argentina,0,3,0,2.5,Argentina,,12814,Argentina,,Argentina
Argentina,0,3,0,2.5,Belgium,,12814,Belgium,,Belgium
Argentina,0,3,0,2.5,Brazil,,12814,Brazil,,Brazil
Argentina,0,3,0,2.5,Brazil,,12814,Brazil,,Brazil
Argentina,0,3,0,2.5,Bolivia,,12814,Bolivia,,Bolivia
Argentina,0,3,0,2.5,Brazil,,12814,Brazil,,Brazil
Argentina,0,3,0,2.5,Italy,,12814,Italy,,Italy
Argentina,0,3,0,2.5,Argentina,,12814,Argentina,,Argentina
Argentina,0,3,0,2.5,Chile,,12814,Chile,,Chile
Argentina,0,3,0,2.5,Brazil,,12814,Brazil,,Brazil
Argentina,0,3,0,2.5,Argentina,,12814,Argentina,,Argentina
Argentina,0,3,0,2.5,Australia,,12814,Australia,,Australia
Argentina,0,3,0,2.5,Cuba,,12814,Cuba,,Cuba
Argentina,0,3,0,2.5,Costa Rica,,12814,Costa Rica,,Costa Rica
Argentina,0,3,0,2.5,Venezuela,,12814,Venezuela,,Venezuela
Argentina,0,3,0,2.5,Chile,,12814,Chile,,Chile
Argentina,0,3,0,2.5,Australia,,12814,Australia,,Australia
Argentina,0,3,0,2.5,Argentina,,12814,Argentina,,Argentina
Argentina,0,3,0,2.5,Argentina,,12814,Argentina,,Argentina
Argentina,0,3,0,2.5,Peru,,12814,Peru,,Peru
Argentina,0,3,0,2.5,Argentina,,12814,Argentina,,Argentina
Argentina,0,3,0,2.5,Argentina,,12814,Argentina,,Argentina
Argentina,0,3,0,2.5,Denmark,,12814,Denmark,,Denmark
Argentina,0,3,0,2.5,Monaco,,12814,Monaco,,Monaco
Argentina,0,3,0,2.5,Spain,,12814,Spain,,Spain
Argentina,0,3,0,2.5,Brazil,,12814,Brazil,,Brazil
Argentina,0,3,0,2.5,Argentina,,12814,Argentina,,Argentina
Argentina,0,3,0,2.5,Angola,,12814,Angola,,Angola
Argentina,0,3,0,2.5,Russia,,12814,Russia,,Russia
Argentina,0,3,0,2.5,Argentina,,12814,Argentina,,Argentina
Argentina,0,3,0,2.5,Bangladesh,,12814,Bangladesh,,Bangladesh
Argentina,0,3,0,2.5,Bolivia,,12814,Bolivia,,Bolivia
Argentina,0,3,0,2.5,Chile,,12814,Chile,,Chile
Argentina,0,3,0,2.5,Eritrea,,12814,Eritrea,,Eritrea
Argentina,0,3,0,2.5,Argentina,,12814,Argentina,,Argentina
Argentina,0,3,0,2.5,Armenia,,12814,Armenia,,Armenia
Argentina,0,3,0,2.5,Chile,,12814,Chile,,Chile
Argentina,0,3,0,2.5,Argentina,,12814,Argentina,,Argentina
Argentina,0,3,0,2.5,Argentina,,12814,Argentina,,Argentina
Argentina,0,3,0,2.5,Australia,,12814,Australia,,Australia
Argentina,0,3,0,2.5,Belarus,,12814,Belarus,,Belarus
Argentina,0,3,0,2.5,Argentina,,12814,Argentina,,Argentina
Argentina,0,3,0,2.5,Chile,,12814,Chile,,Chile
Argentina,0,3,0,2.5,Argentina,,12814,Argentina,,Argentina
Argentina,0,3,0,2.5,Argentina,,12814,Argentina,,Argentina
Argentina,0,3,0,2.5,Armenia,,12814,Armenia,,Armenia
Argentina,0,3,0,2.5,Australia,,12814,Australia,,Australia
Argentina,0,3,0,2.5,Barbados,,12814,Barbados,,Barbados
Argentina,0,3,0,2.5,Canada,,12814,Canada,,Canada
Argentina,0,3,0,2.5,Switzerland,,12814,Switzerland,,Switzerland
Argentina,0,3,0,2.5,Afghanistan,,12814,Afghanistan,,Afghanistan
Argentina,0,3,0,2.5,Burkina Faso,,12814,Burkina Faso,,Burkina Faso
Argentina,0,3,0,2.5,Brazil,,12814,Brazil,,Brazil
Argentina,0,3,0,2.5,France,,12814,France,,France
Argentina,0,3,0,2.5,Canada,,12814,Canada,,Canada
Argentina,0,3,0,2.5,Italy,,12814,Italy,,Italy
Argentina,0,3,0,2.5,Spain,,12814,Spain,,Spain
Argentina,0,3,0,2.5,Peru,,12814,Peru,,Peru
Argentina,0,3,0,2.5,Chile,,12814,Chile,,Chile
Argentina,0,3,0,2.5,Argentina,,12814,Argentina,,Argentina
Argentina,0,3,0,2.5,Argentina,,12814,Argentina,,Argentina
Argentina,0,3,0,2.5,Argentina,,12814,Argentina,,Argentina
Argentina,0,3,0,2.5,Australia,,12814,Australia,,Australia
Argentina,0,3,0,2.5,Argentina,,12814,Argentina,,Argentina
Argentina,0,3,0,2.5,Argentina,,12814,Argentina,,Argentina
Argentina,0,3,0,2.5,Bangladesh,,12814,Bangladesh,,Bangladesh
Argentina,0,3,0,2.5,Argentina,,12814,Argentina,,Argentina
Argentina,0,3,0,2.5,Albania,,12814,Albania,,Albania
Argentina,0,3,0,2.5,Andorra,,12814,Andorra,,Andorra
Argentina,0,3,0,2.5,Algeria,,12814,Algeria,,Algeria
Argentina,0,3,0,2.5,Australia,,12814,Australia,,Australia
Argentina,0,3,0,2.5,Barbados,,12814,Barbados,,Barbados
Argentina,0,3,0,2.5,Bolivia,,12814,Bolivia,,Bolivia
Argentina,0,3,0,2.5,Bulgaria,,12814,Bulgaria,,Bulgaria
Argentina,0,3,0,2.5,Belarus,,12814,Belarus,,Belarus
Argentina,0,3,0,2.5,Botswana,,12814,Botswana,,Botswana
Argentina,0,3,0,2.5,Bosnia and Herzegovina,,12814,Bosnia and Herzegovina,,Bosnia and Herzegovina
Argentina,0,3,0,2.5,Argentina,,12814,Argentina,,Argentina
Argentina,0,3,0,2.5,Bahamas,,12814,Bahamas,,Bahamas
Argentina,0,3,0,2.5,Azerbaijan,,12814,Azerbaijan,,Azerbaijan
Argentina,0,3,0,2.5,Argentina,,12814,Argentina,,Argentina
Argentina,0,3,0,2.5,Spain,,12814,Spain,,Spain
Argentina,0,3,0,2.5,Brazil,,12814,Brazil,,Brazil
Argentina,0,3,0,2.5,India,,12814,India,,India
Argentina,0,3,0,2.5,Argentina,,12814,Argentina,,Argentina
Argentina,0,3,0,2.5,Argentina,,12814,Argentina,,Argentina
Argentina,0,3,0,2.5,United States,,12814,United States,,United States
Argentina,0,3,0,2.5,Argentina,,12814,Argentina,,Argentina
Argentina,0,3,0,2.5,Argentina,,12814,Argentina,,Argentina
Argentina,0,3,0,2.5,Austria,,12814,Austria,,Austria
Argentina,0,3,0,2.5,Egypt,,12814,Egypt,,Egypt
Argentina,0,3,0,2.5,Argentina,,12814,Argentina,,Argentina
Argentina,0,3,0,2.5,Paraguay,,12814,Paraguay,,Paraguay
Argentina,0,3,0,2.5,Argentina,,12814,Argentina,,Argentina
Argentina,0,3,0,2.5,Uruguay,,12814,Uruguay,,Uruguay
Argentina,0,3,0,2.5,Afghanistan,,12814,Afghanistan,,Afghanistan
Argentina,0,3,0,2.5,Jamaica,,12814,Jamaica,,Jamaica
Argentina,0,3,0,2.5,Mexico,,12814,Mexico,,Mexico
Argentina,0,3,0,2.5,Australia,,12814,Australia,,Australia
Argentina,0,3,0,2.5,Argentina,,12814,Argentina,,Argentina
Argentina,0,3,0,2.5,Brazil,,12814,Brazil,,Brazil
Argentina,0,3,0,2.5,Colombia,,12814,Colombia,,Colombia
Argentina,0,3,0,2.5,Venezuela,,12814,Venezuela,,Venezuela
Argentina,0,3,0,2.5,Canada,,12814,Canada,,Canada
Argentina,0,3,0,2.5,Afghanistan,,12814,Afghanistan,,Afghanistan
Argentina,0,3,0,2.5,Mexico,,12814,Mexico,,Mexico
Argentina,0,3,0,2.5,Peru,,12814,Peru,,Peru
Argentina,0,3,0,2.5,Brazil,,12814,Brazil,,Brazil
Argentina,0,3,0,2.5,Austria,,12814,Austria,,Austria
Argentina,0,3,0,2.5,Australia,,12814,Australia,,Australia
Argentina,0,3,0,2.5,France,,12814,France,,France
Argentina,0,3,0,2.5,Finland,,12814,Finland,,Finland
Argentina,0,3,0,2.5,United Kingdom,,12814,United Kingdom,,United Kingdom
Argentina,0,3,0,2.5,Bolivia,,12814,Bolivia,,Bolivia
Argentina,0,3,0,2.5,Italy,,12814,Italy,,Italy
Argentina,0,3,0,2.5,Bhutan,,12814,Bhutan,,Bhutan
Argentina,0,3,0,2.5,Belize,,12814,Belize,,Belize
Argentina,0,3,0,2.5,China,,12814,China,,China
Argentina,0,3,0,2.5,Bolivia,,12814,Bolivia,,Bolivia
Argentina,0,3,0,2.5,Denmark,,12814,Denmark,,Denmark
Argentina,0,3,0,2.5,Belgium,,12814,Belgium,,Belgium
Argentina,0,3,0,2.5,Finland,,12814,Finland,,Finland
Argentina,0,3,0,2.5,Italy,,12814,Italy,,Italy
Argentina,0,3,0,2.5,United Kingdom,,12814,United Kingdom,,United Kingdom
Argentina,0,3,0,2.5,Botswana,,12814,Botswana,,Botswana
Argentina,0,3,0,2.5,Switzerland,,12814,Switzerland,,Switzerland
Argentina,0,3,0,2.5,Japan,,12814,Japan,,Japan
Argentina,0,3,0,2.5,Argentina,,12814,Argentina,,Argentina
Argentina,0,3,0,2.5,Bahamas,,12814,Bahamas,,Bahamas
Argentina,0,3,0,2.5,Brazil,,12814,Brazil,,Brazil
Argentina,0,3,0,2.5,China,,12814,China,,China
Argentina,0,3,0,2.5,Belarus,,12814,Belarus,,Belarus
Argentina,0,3,0,2.5,Costa Rica,,12814,Costa Rica,,Costa Rica
Argentina,0,3,0,2.5,Dominican Republic,,12814,Dominican Republic,,Dominican Republic
Argentina,0,3,0,2.5,Belarus,,12814,Belarus,,Belarus
Argentina,0,3,0,2.5,Canada,,12814,Canada,,Canada
Argentina,0,3,0,2.5,New Zealand,,12814,New Zealand,,New Zealand
Argentina,0,3,0,2.5,Ecuador,,12814,Ecuador,,Ecuador
Argentina,0,3,0,2.5,Guatemala,,12814,Guatemala,,Guatemala
Argentina,0,3,0,2.5,Mexico,,12814,Mexico,,Mexico
Argentina,0,3,0,2.5,China,,12814,China,,China
Argentina,0,3,0,2.5,Netherlands,,12814,Netherlands,,Netherlands
Argentina,0,3,0,2.5,Indonesia,,12814,Indonesia,,Indonesia
Argentina,0,3,0,2.5,Iran,,12814,Iran,,Iran
Argentina,0,3,0,2.5,North Korea,,12814,North Korea,,North Korea
Argentina,0,3,0,2.5,Russia,,12814,Russia,,Russia
Argentina,0,3,0,2.5,Australia,,12814,Australia,,Australia
Argentina,0,3,0,2.5,Bolivia,,12814,Bolivia,,Bolivia
Argentina,0,3,0,2.5,Chile,,12814,Chile,,Chile
Argentina,0,3,0,2.5,Mexico,,12814,Mexico,,Mexico
Argentina,0,3,0,2.5,Guatemala,,12814,Guatemala,,Guatemala
Argentina,0,3,0,2.5,Argentina,,12814,Argentina,,Argentina
Argentina,0,3,0,2.5,Mexico,,12814,Mexico,,Mexico
Argentina,0,3,0,2.5,Argentina,,12814,Argentina,,Argentina
Argentina,0,3,0,2.5,Peru,,12814,Peru,,Peru
Argentina,0,3,0,2.5,Venezuela,,12814,Venezuela,,Venezuela
Argentina,0,3,0,2.5,Bolivia,,12814,Bolivia,,Bolivia
Argentina,0,3,0,2.5,Colombia,,12814,Colombia,,Colombia
Argentina,0,3,0,2.5,Costa Rica,,12814,Costa Rica,,Costa Rica
Argentina,0,3,0,2.5,France,,12814,France,,France
Argentina,0,3,0,2.5,Iran,,12814,Iran,,Iran
Argentina,0,3,0,2.5,Spain,,12814,Spain,,Spain
Argentina,0,3,0,2.5,Australia,,12814,Australia,,Australia
Argentina,0,3,0,2.5,Germany,,12814,Germany,,Germany
Argentina,0,3,0,2.5,Angola,,12814,Angola,,Angola
Argentina,0,3,0,2.5,Argentina,,12814,Argentina,,Argentina
Argentina,0,3,0,2.5,Andorra,,12814,Andorra,,Andorra
Argentina,0,3,0,2.5,Australia,,12814,Australia,,Australia
Argentina,0,3,0,2.5,Brazil,,12814,Brazil,,Brazil
Argentina,0,3,0,2.5,Argentina,,12814,Argentina,,Argentina
Argentina,0,3,0,2.5,Argentina,,12814,Argentina,,Argentina
Argentina,0,3,0,2.5,Austria,,12814,Austria,,Austria
Argentina,0,3,0,2.5,Brazil,,12814,Brazil,,Brazil
Argentina,0,3,0,2.5,Japan,,12814,Japan,,Japan
Argentina,0,3,0,2.5,Australia,,12814,Australia,,Australia
Argentina,0,3,0,2.5,Ireland,,12814,Ireland,,Ireland
Argentina,0,3,0,2.5,Argentina,,12814,Argentina,,Argentina
Argentina,0,3,0,2.5,Argentina,,12814,Argentina,,Argentina
Argentina,0,3,0,2.5,Australia,,12814,Australia,,Australia
Argentina,0,3,0,2.5,Mexico,,12814,Mexico,,Mexico
Argentina,0,3,0,2.5,Italy,,12814,Italy,,Italy
Argentina,0,3,0,2.5,Spain,,12814,Spain,,Spain
Argentina,0,3,0,2.5,Israel,,12814,Israel,,Israel
Argentina,0,3,0,2.5,Argentina,,12814,Argentina,,Argentina
Argentina,0,3,0,2.5,Uruguay,,12814,Uruguay,,Uruguay
Argentina,0,3,0,2.5,Venezuela,,12814,Venezuela,,Venezuela
Argentina,0,3,0,2.5,China,,12814,China,,China
Argentina,0,3,0,2.5,Italy,,12814,Italy,,Italy
Argentina,0,3,0,2.5,United States,,12814,United States,,United States
Argentina,0,3,0,2.5,Chile,,12814,Chile,,Chile
Argentina,0,3,0,2.5,Argentina,,12814,Argentina,,Argentina
Argentina,0,3,0,2.5,Armenia,,12814,Armenia,,Armenia
Argentina,0,3,0,2.5,Belgium,,12814,Belgium,,Belgium
Argentina,0,3,0,2.5,Argentina,,12814,Argentina,,Argentina
Argentina,0,3,0,2.5,Cameroon,,12814,Cameroon,,Cameroon
Argentina,0,3,0,2.5,United States,,12814,United States,,United States
Argentina,0,3,0,2.5,France,,12814,France,,France
Argentina,0,3,0,2.5,Italy,,12814,Italy,,Italy
Argentina,0,3,0,2.5,Germany,,12814,Germany,,Germany
Argentina,0,3,0,2.5,Italy,,12814,Italy,,Italy
Argentina,0,3,0,2.5,Argentina,,12814,Argentina,,Argentina
Argentina,0,3,0,2.5,Paraguay,,12814,Paraguay,,Paraguay
Argentina,0,3,0,2.5,Argentina,,12814,Argentina,,Argentina
Argentina,0,3,0,2.5,Brazil,,12814,Brazil,,Brazil
Argentina,0,3,0,2.5,Argentina,,12814,Argentina,,Argentina
Argentina,0,3,0,2.5,Greece,,12814,Greece,,Greece
Argentina,0,3,0,2.5,Canada,,12814,Canada,,Canada
Argentina,0,3,0,2.5,Brazil,,12814,Brazil,,Brazil
Argentina,0,3,0,2.5,United States,,12814,United States,,United States
Argentina,0,3,0,2.5,Cuba,,12814,Cuba,,Cuba
Argentina,0,3,0,2.5,Italy,,12814,Italy,,Italy
Argentina,0,3,0,2.5,India,,12814,India,,India
Argentina,0,3,0,2.5,Colombia,,12814,Colombia,,Colombia
Argentina,0,3,0,2.5,Mexico,,12814,Mexico,,Mexico
Argentina,0,3,0,2.5,Spain,,12814,Spain,,Spain
Argentina,0,3,0,2.5,Argentina,,12814,Argentina,,Argentina
Argentina,0,3,0,2.5,Argentina,,12814,Argentina,,Argentina
Argentina,0,3,0,2.5,Argentina,,12814,Argentina,,Argentina
Argentina,0,3,0,2.5,Chile,,12814,Chile,,Chile
Argentina,0,3,0,2.5,Argentina,,12814,Argentina,,Argentina
Argentina,0,3,0,2.5,Switzerland,,12814,Switzerland,,Switzerland
Argentina,0,3,0,2.5,Canada,,12814,Canada,,Canada
Argentina,0,3,0,2.5,Argentina,,12814,Argentina,,Argentina
Argentina,0,3,0,2.5,Argentina,,12814,Argentina,,Argentina
Argentina,0,3,0,2.5,Italy,,12814,Italy,,Italy
Argentina,0,3,0,2.5,Brazil,,12814,Brazil,,Brazil
Argentina,0,3,0,2.5,Bosnia and Herzegovina,,12814,Bosnia and Herzegovina,,Bosnia and Herzegovina
Argentina,0,3,0,2.5,Cuba,,12814,Cuba,,Cuba
Argentina,0,3,0,2.5,Bolivia,,12814,Bolivia,,Bolivia
Argentina,0,3,0,2.5,Brazil,,12814,Brazil,,Brazil
Argentina,0,3,0,2.5,Argentina,,12814,Argentina,,Argentina
Argentina,0,3,0,2.5,Japan,,12814,Japan,,Japan
Argentina,0,3,0,2.5,Venezuela,,12814,Venezuela,,Venezuela
Argentina,0,3,0,2.5,Colombia,,12814,Colombia,,Colombia
Argentina,0,3,0,2.5,Haiti,,12814,Haiti,,Haiti
Argentina,0,3,0,2.5,India,,12814,India,,India
Argentina,0,3,0,2.5,Iraq,,12814,Iraq,,Iraq
Argentina,0,3,0,2.5,Palestine,,12814,Palestine,,Palestine
Argentina,0,3,0,2.5,Afghanistan,,12814,Afghanistan,,Afghanistan
Argentina,0,3,0,2.5,Argentina,,12814,Argentina,,Argentina
Argentina,0,3,0,2.5,Argentina,,12814,Argentina,,Argentina
Argentina,0,3,0,2.5,Brazil,,12814,Brazil,,Brazil
Argentina,0,3,0,2.5,Italy,,12814,Italy,,Italy
Argentina,0,3,0,2.5,Ukraine,,12814,Ukraine,,Ukraine
Argentina,0,3,0,2.5,Russia,,12814,Russia,,Russia
Argentina,0,3,0,2.5,Iran,,12814,Iran,,Iran
Argentina,0,3,0,2.5,Haiti,,12814,Haiti,,Haiti
Argentina,0,3,0,2.5,India,,12814,India,,India
Argentina,0,3,0,2.5,Haiti,,12814,Haiti,,Haiti
Argentina,0,3,0,2.5,India,,12814,India,,India
Argentina,0,3,0,2.5,China,,12814,China,,China
Argentina,0,3,0,2.5,Honduras,,12814,Honduras,,Honduras
Argentina,0,3,0,2.5,United States,,12814,United States,,United States
Argentina,0,3,0,2.5,Argentina,,12814,Argentina,,Argentina
Argentina,0,3,0,2.5,Colombia,,12814,Colombia,,Colombia
Argentina,0,3,0,2.5,Andorra,,12814,Andorra,,Andorra
Argentina,0,3,0,2.5,Argentina,,12814,Argentina,,Argentina
Argentina,0,3,0,2.5,Argentina,,12814,Argentina,,Argentina
Argentina,0,3,0,2.5,Italy,,12814,Italy,,Italy
Argentina,0,3,0,2.5,Japan,,12814,Japan,,Japan
Argentina,0,3,0,2.5,Switzerland,,12814,Switzerland,,Switzerland
Argentina,0,3,0,2.5,Canada,,12814,Canada,,Canada
Argentina,0,3,0,2.5,Brazil,,12814,Brazil,,Brazil
Argentina,0,3,0,2.5,Cuba,,12814,Cuba,,Cuba
Argentina,0,3,0,2.5,Mexico,,12814,Mexico,,Mexico
Argentina,0,3,0,2.5,Italy,,12814,Italy,,Italy
Argentina,0,3,0,2.5,France,,12814,France,,France
Argentina,0,3,0,2.5,Mexico,,12814,Mexico,,Mexico
Argentina,0,3,0,2.5,Spain,,12814,Spain,,Spain
Argentina,0,3,0,2.5,Brazil,,12814,Brazil,,Brazil
Argentina,0,3,0,2.5,Australia,,12814,Australia,,Australia
Argentina,0,3,0,2.5,Spain,,12814,Spain,,Spain
Argentina,0,3,0,2.5,Brazil,,12814,Brazil,,Brazil
Argentina,0,3,0,2.5,Uruguay,,12814,Uruguay,,Uruguay
Argentina,0,3,0,2.5,Spain,,12814,Spain,,Spain
Argentina,0,3,0,2.5,France,,12814,France,,France
Argentina,0,3,0,2.5,Italy,,12814,Italy,,Italy
Argentina,0,3,0,2.5,France,,12814,France,,France
Argentina,0,3,0,2.5,Venezuela,,12814,Venezuela,,Venezuela
Argentina,0,3,0,2.5,Haiti,,12814,Haiti,,Haiti
Argentina,0,3,0,2.5,Bolivia,,12814,Bolivia,,Bolivia
Argentina,0,3,0,2.5,Colombia,,12814,Colombia,,Colombia
Argentina,0,3,0,2.5,Syria,,12814,Syria,,Syria
Argentina,0,3,0,2.5,Afghanistan,,12814,Afghanistan,,Afghanistan
Argentina,0,3,0,2.5,India,,12814,India,,India
Argentina,0,3,0,2.5,Thailand,,12814,Thailand,,Thailand
Argentina,0,3,0,2.5,United Arab Emirates,,12814,United Arab Emirates,,United Arab Emirates
Argentina,0,3,0,2.5,United States,,12814,United States,,United States
Argentina,0,3,0,2.5,Mexico,,12814,Mexico,,Mexico
Argentina,0,3,0,2.5,Indonesia,,12814,Indonesia,,Indonesia
Argentina,0,3,0,2.5,Germany,,12814,Germany,,Germany
Argentina,0,3,0,2.5,Switzerland,,12814,Switzerland,,Switzerland
Argentina,0,3,0,2.5,Brazil,,12814,Brazil,,Brazil
Argentina,0,3,0,2.5,Spain,,12814,Spain,,Spain
Argentina,0,3,0,2.5,Mexico,,12814,Mexico,,Mexico
Argentina,0,3,0,2.5,Uruguay,,12814,Uruguay,,Uruguay
Argentina,0,3,0,2.5,Canada,,12814,Canada,,Canada
Argentina,0,3,0,2.5,Belgium,,12814,Belgium,,Belgium
Argentina,0,3,0,2.5,Japan,,12814,Japan,,Japan
Argentina,0,3,0,2.5,Argentina,,12814,Argentina,,Argentina
Argentina,0,3,0,2.5,Brazil,,12814,Brazil,,Brazil
Argentina,0,3,0,2.5,India,,12814,India,,India
Argentina,0,3,0,2.5,United States,,12814,United States,,United States
Argentina,0,3,0,2.5,Japan,,12814,Japan,,Japan
Argentina,0,3,0,2.5,China,,12814,China,,China
Argentina,0,3,0,2.5,China,,12814,China,,China
Argentina,0,3,0,2.5,Egypt,,12814,Egypt,,Egypt
Argentina,0,3,0,2.5,Brazil,,12814,Brazil,,Brazil
Argentina,0,3,0,2.5,Jamaica,,12814,Jamaica,,Jamaica
Argentina,0,3,0,2.5,Cambodia,,12814,Cambodia,,Cambodia
Argentina,0,3,0,2.5,Peru,,12814,Peru,,Peru
Argentina,0,3,0,2.5,Uruguay,,12814,Uruguay,,Uruguay
Argentina,0,3,0,2.5,Paraguay,,12814,Paraguay,,Paraguay
Argentina,0,3,0,2.5,Albania,,12814,Albania,,Albania
Argentina,0,3,0,2.5,Brazil,,12814,Brazil,,Brazil
Argentina,0,3,0,2.5,Italy,,12814,Italy,,Italy
Argentina,0,3,0,2.5,Argentina,,12814,Argentina,,Argentina
Argentina,0,3,0,2.5,Spain,,12814,Spain,,Spain
Argentina,0,3,0,2.5,Cuba,,12814,Cuba,,Cuba
Argentina,0,3,0,2.5,Ecuador,,12814,Ecuador,,Ecuador
Argentina,0,3,0,2.5,Uruguay,,12814,Uruguay,,Uruguay
Argentina,0,3,0,2.5,Peru,,12814,Peru,,Peru
Argentina,0,3,0,2.5,Uruguay,,12814,Uruguay,,Uruguay
Argentina,0,3,0,2.5,Paraguay,,12814,Paraguay,,Paraguay
Argentina,0,3,0,2.5,Brazil,,12814,Brazil,,Brazil
Argentina,0,3,0,2.5,Japan,,12814,Japan,,Japan
Argentina,0,3,0,2.5,Argentina,,12814,Argentina,,Argentina
Argentina,0,3,0,2.5,Guatemala,,12814,Guatemala,,Guatemala
Argentina,0,3,0,2.5,El Salvador,,12814,El Salvador,,El Salvador
Argentina,0,3,0,2.5,Argentina,,12814,Argentina,,Argentina
Argentina,0,3,0,2.5,Spain,,12814,Spain,,Spain
Argentina,0,3,0,2.5,Russia,,12814,Russia,,Russia
Argentina,0,3,0,2.5,Japan,,12814,Japan,,Japan
Argentina,0,3,0,2.5,Albania,,12814,Albania,,Albania
Argentina,0,3,0,2.5,Argentina,,12814,Argentina,,Argentina
Argentina,0,3,0,2.5,Peru,,12814,Peru,,Peru
Argentina,0,3,0,2.5,Japan,,12814,Japan,,Japan
Argentina,0,3,0,2.5,Venezuela,,12814,Venezuela,,Venezuela
Argentina,0,3,0,2.5,Cuba,,12814,Cuba,,Cuba
Argentina,0,3,0,2.5,Egypt,,12814,Egypt,,Egypt
Argentina,0,3,0,2.5,Ecuador,,12814,Ecuador,,Ecuador
Argentina,0,3,0,2.5,Italy,,12814,Italy,,Italy
Argentina,0,3,0,2.5,Argentina,,12814,Argentina,,Argentina
Argentina,0,3,0,2.5,Paraguay,,12814,Paraguay,,Paraguay
Argentina,0,3,0,2.5,Argentina,,12814,Argentina,,Argentina
Argentina,0,3,0,2.5,Brazil,,12814,Brazil,,Brazil
Argentina,0,3,0,2.5,Spain,,12814,Spain,,Spain
Argentina,0,3,0,2.5,Bolivia,,12814,Bolivia,,Bolivia
Argentina,0,3,0,2.5,Germany,,12814,Germany,,Germany
Argentina,0,3,0,2.5,Brazil,,12814,Brazil,,Brazil
Argentina,0,3,0,2.5,Italy,,12814,Italy,,Italy
Argentina,0,3,0,2.5,Venezuela,,12814,Venezuela,,Venezuela
Argentina,0,3,0,2.5,United Kingdom,,12814,United Kingdom,,United Kingdom
Argentina,0,3,0,2.5,Italy,,12814,Italy,,Italy
Argentina,0,3,0,2.5,Japan,,12814,Japan,,Japan
Argentina,0,3,0,2.5,Haiti,,12814,Haiti,,Haiti
Argentina,0,3,0,2.5,Italy,,12814,Italy,,Italy
Argentina,0,3,0,2.5,Argentina,,12814,Argentina,,Argentina
Argentina,0,3,0,2.5,Brazil,,12814,Brazil,,Brazil
Argentina,0,3,0,2.5,Argentina,,12814,Argentina,,Argentina
Argentina,0,3,0,2.5,Mexico,,12814,Mexico,,Mexico
Argentina,0,3,0,2.5,United States,,12814,United States,,United States
Argentina,0,3,0,2.5,Switzerland,,12814,Switzerland,,Switzerland
Argentina,0,3,0,2.5,Argentina,,12814,Argentina,,Argentina
Argentina,0,3,0,2.5,United States,,12814,United States,,United States
Argentina,0,3,0,2.5,Bolivia,,12814,Bolivia,,Bolivia
Argentina,0,3,0,2.5,Argentina,,12814,Argentina,,Argentina
Argentina,0,3,0,2.5,Argentina,,12814,Argentina,,Argentina
Argentina,0,3,0,2.5,Azerbaijan,,12814,Azerbaijan,,Azerbaijan
Argentina,0,3,0,2.5,Russia,,12814,Russia,,Russia
Argentina,0,3,0,2.5,Argentina,,12814,Argentina,,Argentina
Argentina,0,3,0,2.5,Brazil,,12814,Brazil,,Brazil
Argentina,0,3,0,2.5,Chile,,12814,Chile,,Chile
Argentina,0,3,0,2.5,Egypt,,12814,Egypt,,Egypt
Argentina,0,3,0,2.5,France,,12814,France,,France
Argentina,0,3,0,2.5,Switzerland,,12814,Switzerland,,Switzerland
Argentina,0,3,0,2.5,Uruguay,,12814,Uruguay,,Uruguay
Argentina,0,3,0,2.5,Mexico,,12814,Mexico,,Mexico
Argentina,0,3,0,2.5,Angola,,12814,Angola,,Angola
Argentina,0,3,0,2.5,Brazil,,12814,Brazil,,Brazil
Argentina,0,3,0,2.5,Switzerland,,12814,Switzerland,,Switzerland
Argentina,0,3,0,2.5,Argentina,,12814,Argentina,,Argentina
Argentina,0,3,0,2.5,Bolivia,,12814,Bolivia,,Bolivia
Argentina,0,3,0,2.5,Australia,,12814,Australia,,Australia
Argentina,0,3,0,2.5,Austria,,12814,Austria,,Austria
Argentina,0,3,0,2.5,Finland,,12814,Finland,,Finland
Argentina,0,3,0,2.5,Germany,,12814,Germany,,Germany
Argentina,0,3,0,2.5,Iceland,,12814,Iceland,,Iceland
Argentina,0,3,0,2.5,Bahamas,,12814,Bahamas,,Bahamas
Argentina,0,3,0,2.5,Bolivia,,12814,Bolivia,,Bolivia
Argentina,0,3,0,2.5,Costa Rica,,12814,Costa Rica,,Costa Rica
Argentina,0,3,0,2.5,Dominican Republic,,12814,Dominican Republic,,Dominican Republic
Argentina,0,3,0,2.5,Canada,,12814,Canada,,Canada
Argentina,0,3,0,2.5,Norway,,12814,Norway,,Norway
Argentina,0,3,0,2.5,Canada,,12814,Canada,,Canada
Argentina,0,3,0,2.5,Argentina,,12814,Argentina,,Argentina
Argentina,0,3,0,2.5,France,,12814,France,,France
Argentina,0,3,0,2.5,Afghanistan,,12814,Afghanistan,,Afghanistan
Argentina,0,3,0,2.5,Argentina,,12814,Argentina,,Argentina
Argentina,0,3,0,2.5,Bahamas,,12814,Bahamas,,Bahamas
Argentina,0,3,0,2.5,Brazil,,12814,Brazil,,Brazil
Argentina,0,3,0,2.5,Brazil,,12814,Brazil,,Brazil
Argentina,0,3,0,2.5,United Kingdom,,12814,United Kingdom,,United Kingdom
Argentina,0,3,0,2.5,Mexico,,12814,Mexico,,Mexico
Argentina,0,3,0,2.5,Argentina,,12814,Argentina,,Argentina
Argentina,0,3,0,2.5,United States,,12814,United States,,United States
Argentina,0,3,0,2.5,Cuba,,12814,Cuba,,Cuba
Argentina,0,3,0,2.5,Venezuela,,12814,Venezuela,,Venezuela
Argentina,0,3,0,2.5,Cuba,,12814,Cuba,,Cuba
Argentina,0,3,0,2.5,Peru,,12814,Peru,,Peru
Argentina,0,3,0,2.5,Mexico,,12814,Mexico,,Mexico
Argentina,0,3,0,2.5,Brazil,,12814,Brazil,,Brazil
Argentina,0,3,0,2.5,United States,,12814,United States,,United States
Argentina,0,3,0,2.5,United States,,12814,United States,,United States
Argentina,0,3,0,2.5,Switzerland,,12814,Switzerland,,Switzerland
Argentina,0,3,0,2.5,Germany,,12814,Germany,,Germany
Argentina,0,3,0,2.5,Russia,,12814,Russia,,Russia
Argentina,0,3,0,2.5,Colombia,,12814,Colombia,,Colombia
Argentina,0,3,0,2.5,Mexico,,12814,Mexico,,Mexico
Argentina,0,3,0,2.5,Brazil,,12814,Brazil,,Brazil
Argentina,0,3,0,2.5,India,,12814,India,,India
Argentina,0,3,0,2.5,Japan,,12814,Japan,,Japan
Argentina,0,3,0,2.5,Brazil,,12814,Brazil,,Brazil
Argentina,0,3,0,2.5,Bangladesh,,12814,Bangladesh,,Bangladesh
Argentina,0,3,0,2.5,Chile,,12814,Chile,,Chile
Argentina,0,3,0,2.5,Brazil,,12814,Brazil,,Brazil
Argentina,0,3,0,2.5,Afghanistan,,12814,Afghanistan,,Afghanistan
Argentina,0,3,0,2.5,Afghanistan,,12814,Afghanistan,,Afghanistan
Argentina,0,3,0,2.5,Canada,,12814,Canada,,Canada
Argentina,0,3,0,2.5,Germany,,12814,Germany,,Germany
Argentina,0,3,0,2.5,Mexico,,12814,Mexico,,Mexico
Argentina,0,3,0,2.5,Central African Republic,,12814,Central African Republic,,Central African Republic
Argentina,0,3,0,2.5,Nigeria,,12814,Nigeria,,Nigeria
Argentina,0,3,0,2.5,Bolivia,,12814,Bolivia,,Bolivia
Argentina,0,3,0,2.5,Bolivia,,12814,Bolivia,,Bolivia
Argentina,0,3,0,2.5,Argentina,,12814,Argentina,,Argentina
Argentina,0,3,0,2.5,Brazil,,12814,Brazil,,Brazil
Argentina,0,3,0,2.5,Mexico,,12814,Mexico,,Mexico
Argentina,0,3,0,2.5,Argentina,,12814,Argentina,,Argentina
Argentina,0,3,0,2.5,Brazil,,12814,Brazil,,Brazil
Argentina,0,3,0,2.5,Argentina,,12814,Argentina,,Argentina
Argentina,0,3,0,2.5,Chile,,12814,Chile,,Chile
Argentina,0,3,0,2.5,Argentina,,12814,Argentina,,Argentina
Argentina,0,3,0,2.5,France,,12814,France,,France
Argentina,0,3,0,2.5,Spain,,12814,Spain,,Spain
Argentina,0,3,0,2.5,Japan,,12814,Japan,,Japan
Argentina,0,3,0,2.5,Peru,,12814,Peru,,Peru
Argentina,0,3,0,2.5,Bolivia,,12814,Bolivia,,Bolivia
Argentina,0,3,0,2.5,Norway,,12814,Norway,,Norway
Argentina,0,3,0,2.5,Switzerland,,12814,Switzerland,,Switzerland
Argentina,0,3,0,2.5,Sweden,,12814,Sweden,,Sweden
Argentina,0,3,0,2.5,Bolivia,,12814,Bolivia,,Bolivia
Argentina,0,3,0,2.5,Argentina,,12814,Argentina,,Argentina
Argentina,0,3,0,2.5,Norway,,12814,Norway,,Norway
Argentina,0,3,0,2.5,Haiti,,12814,Haiti,,Haiti
Argentina,0,3,0,2.5,United States,,12814,United States,,United States
Argentina,0,3,0,2.5,Saudi Arabia,,12814,Saudi Arabia,,Saudi Arabia
Argentina,0,3,0,2.5,Uruguay,,12814,Uruguay,,Uruguay
Argentina,0,3,0,2.5,Peru,,12814,Peru,,Peru
Argentina,0,3,0,2.5,Netherlands,,12814,Netherlands,,Netherlands
Argentina,0,3,0,2.5,Cuba,,12814,Cuba,,Cuba
Argentina,0,3,0,2.5,Mexico,,12814,Mexico,,Mexico
Argentina,0,3,0,2.5,France,,12814,France,,France
Argentina,0,3,0,2.5,Paraguay,,12814,Paraguay,,Paraguay
Argentina,0,3,0,2.5,United States,,12814,United States,,United States
Argentina,0,3,0,2.5,Switzerland,,12814,Switzerland,,Switzerland
Argentina,0,3,0,2.5,Australia,,12814,Australia,,Australia
Argentina,0,3,0,2.5,Iceland,,12814,Iceland,,Iceland
Argentina,0,3,0,2.5,Norway,,12814,Norway,,Norway
Argentina,0,3,0,2.5,Costa Rica,,12814,Costa Rica,,Costa Rica
Argentina,0,3,0,2.5,Japan,,12814,Japan,,Japan
Argentina,0,3,0,2.5,Argentina,,12814,Argentina,,Argentina
Argentina,0,3,0,2.5,Italy,,12814,Italy,,Italy
Argentina,0,3,0,2.5,Morocco,,12814,Morocco,,Morocco
Argentina,0,3,0,2.5,Paraguay,,12814,Paraguay,,Paraguay
Argentina,0,3,0,2.5,Peru,,12814,Peru,,Peru
Argentina,0,3,0,2.5,Antigua and Barbuda,,12814,Antigua and Barbuda,,Antigua and Barbuda
Argentina,0,3,0,2.5,Peru,,12814,Peru,,Peru
Argentina,0,3,0,2.5,Argentina,,12814,Argentina,,Argentina
Argentina,0,3,0,2.5,United States,,12814,United States,,United States
Argentina,0,3,0,2.5,China,,12814,China,,China
Argentina,0,3,0,2.5,Greece,,12814,Greece,,Greece
Argentina,0,3,0,2.5,France,,12814,France,,France
Argentina,0,3,0,2.5,Haiti,,12814,Haiti,,Haiti
Argentina,0,3,0,2.5,Italy,,12814,Italy,,Italy
Argentina,0,3,0,2.5,United States,,12814,United States,,United States
Argentina,0,3,0,2.5,Switzerland,,12814,Switzerland,,Switzerland
Argentina,0,3,0,2.5,Japan,,12814,Japan,,Japan
Argentina,0,3,0,2.5,Argentina,,12814,Argentina,,Argentina
Argentina,0,3,0,2.5,Norway,,12814,Norway,,Norway
Argentina,0,3,0,2.5,Bolivia,,12814,Bolivia,,Bolivia
Argentina,0,3,0,2.5,Spain,,12814,Spain,,Spain
Argentina,0,3,0,2.5,Austria,,12814,Austria,,Austria
Argentina,0,3,0,2.5,Costa Rica,,12814,Costa Rica,,Costa Rica
Argentina,0,3,0,2.5,Bolivia,,12814,Bolivia,,Bolivia
Argentina,0,3,0,2.5,Chile,,12814,Chile,,Chile
Argentina,0,3,0,2.5,Brazil,,12814,Brazil,,Brazil
Argentina,0,3,0,2.5,Belgium,,12814,Belgium,,Belgium
Argentina,0,3,0,2.5,Argentina,,12814,Argentina,,Argentina
Argentina,0,3,0,2.5,Netherlands,,12814,Netherlands,,Netherlands
Argentina,0,3,0,2.5,Israel,,12814,Israel,,Israel
Argentina,0,3,0,2.5,Japan,,12814,Japan,,Japan
Argentina,0,3,0,2.5,Bolivia,,12814,Bolivia,,Bolivia
Argentina,0,3,0,2.5,Australia,,12814,Australia,,Australia
Argentina,0,3,0,2.5,Australia,,12814,Australia,,Australia
Argentina,0,3,0,2.5,Austria,,12814,Austria,,Austria
Argentina,0,3,0,2.5,Paraguay,,12814,Paraguay,,Paraguay
Argentina,0,3,0,2.5,Switzerland,,12814,Switzerland,,Switzerland
Argentina,0,3,0,2.5,Sweden,,12814,Sweden,,Sweden
Argentina,0,3,0,2.5,United States,,12814,United States,,United States
Argentina,0,3,0,2.5,Russia,,12814,Russia,,Russia
Argentina,0,3,0,2.5,Ukraine,,12814,Ukraine,,Ukraine
Argentina,0,3,0,2.5,Costa Rica,,12814,Costa Rica,,Costa Rica
Argentina,0,3,0,2.5,Cuba,,12814,Cuba,,Cuba
Argentina,0,3,0,2.5,Jamaica,,12814,Jamaica,,Jamaica
Argentina,0,3,0,2.5,Brazil,,12814,Brazil,,Brazil
Argentina,0,3,0,2.5,Colombia,,12814,Colombia,,Colombia
Argentina,0,3,0,2.5,Venezuela,,12814,Venezuela,,Venezuela
Argentina,0,3,0,2.5,Spain,,12814,Spain,,Spain
Argentina,0,3,0,2.5,Argentina,,12814,Argentina,,Argentina
Argentina,0,3,0,2.5,Colombia,,12814,Colombia,,Colombia
Argentina,0,3,0,2.5,New Zealand,,12814,New Zealand,,New Zealand
Argentina,0,3,0,2.5,Thailand,,12814,Thailand,,Thailand
Argentina,0,3,0,2.5,Central African Republic,,12814,Central African Republic,,Central African Republic
Argentina,0,3,0,2.5,South Korea,,12814,South Korea,,South Korea
Argentina,0,3,0,2.5,North Korea,,12814,North Korea,,North Korea
Argentina,0,3,0,2.5,China,,12814,China,,China
Argentina,0,3,0,2.5,Russia,,12814,Russia,,Russia
Argentina,0,3,0,2.5,Colombia,,12814,Colombia,,Colombia
Argentina,0,3,0,2.5,Venezuela,,12814,Venezuela,,Venezuela
Argentina,0,3,0,2.5,Argentina,,12814,Argentina,,Argentina
Argentina,0,3,0,2.5,China,,12814,China,,China
Argentina,0,3,0,2.5,India,,12814,India,,India
Argentina,0,3,0,2.5,Argentina,,12814,Argentina,,Argentina
Argentina,0,3,0,2.5,Argentina,,12814,Argentina,,Argentina
Argentina,0,3,0,2.5,Haiti,,12814,Haiti,,Haiti
Argentina,0,3,0,2.5,Argentina,,12814,Argentina,,Argentina
Argentina,0,3,0,2.5,Australia,,12814,Australia,,Australia
Argentina,0,3,0,2.5,Argentina,,12814,Argentina,,Argentina
Argentina,0,3,0,2.5,Chile,,12814,Chile,,Chile
Argentina,0,3,0,2.5,China,,12814,China,,China
Argentina,0,3,0,2.5,Argentina,,12814,Argentina,,Argentina
Argentina,0,3,0,2.5,Israel,,12814,Israel,,Israel
Argentina,0,3,0,2.5,Argentina,,12814,Argentina,,Argentina
Argentina,0,3,0,2.5,Cuba,,12814,Cuba,,Cuba
Argentina,0,3,0,2.5,Bolivia,,12814,Bolivia,,Bolivia
Argentina,0,3,0,2.5,Brazil,,12814,Brazil,,Brazil
Argentina,0,3,0,2.5,Palestine,,12814,Palestine,,Palestine
Argentina,0,3,0,2.5,Brazil,,12814,Brazil,,Brazil
Argentina,0,3,0,2.5,Argentina,,12814,Argentina,,Argentina
Argentina,0,3,0,2.5,Brazil,,12814,Brazil,,Brazil
Argentina,0,3,0,2.5,Argentina,,12814,Argentina,,Argentina
Argentina,0,3,0,2.5,Argentina,,12814,Argentina,,Argentina
Argentina,0,3,0,2.5,Argentina,,12814,Argentina,,Argentina
Argentina,0,3,0,2.5,Australia,,12814,Australia,,Australia
Argentina,0,3,0,2.5,Cambodia,,12814,Cambodia,,Cambodia
Argentina,0,3,0,2.5,Argentina,,12814,Argentina,,Argentina
Argentina,0,3,0,2.5,Brunei Darussalam,,12814,Brunei Darussalam,,Brunei Darussalam
Argentina,0,3,0,2.5,Armenia,,12814,Armenia,,Armenia
Argentina,0,3,0,2.5,Bangladesh,,12814,Bangladesh,,Bangladesh
Argentina,0,3,0,2.5,Argentina,,12814,Argentina,,Argentina
Argentina,0,3,0,2.5,Argentina,,12814,Argentina,,Argentina
Argentina,0,3,0,2.5,Armenia,,12814,Armenia,,Armenia
Argentina,0,3,0,2.5,Germany,,12814,Germany,,Germany
Argentina,0,3,0,2.5,Australia,,12814,Australia,,Australia
Argentina,0,3,0,2.5,Brazil,,12814,Brazil,,Brazil
Argentina,0,3,0,2.5,Brazil,,12814,Brazil,,Brazil
Argentina,0,3,0,2.5,Peru,,12814,Peru,,Peru
Argentina,0,3,0,2.5,Uruguay,,12814,Uruguay,,Uruguay
Argentina,0,3,0,2.5,Chile,,12814,Chile,,Chile
Argentina,0,3,0,2.5,Armenia,,12814,Armenia,,Armenia
Argentina,0,3,0,2.5,Bahamas,,12814,Bahamas,,Bahamas
Argentina,0,3,0,2.5,Austria,,12814,Austria,,Austria
Argentina,0,3,0,2.5,Cuba,,12814,Cuba,,Cuba
Argentina,0,3,0,2.5,Chile,,12814,Chile,,Chile
Argentina,0,3,0,2.5,Argentina,,12814,Argentina,,Argentina
Argentina,0,3,0,2.5,Brazil,,12814,Brazil,,Brazil
Argentina,0,3,0,2.5,Colombia,,12814,Colombia,,Colombia
Argentina,0,3,0,2.5,Uruguay,,12814,Uruguay,,Uruguay
Argentina,0,3,0,2.5,China,,12814,China,,China
Argentina,0,3,0,2.5,Brazil,,12814,Brazil,,Brazil
Argentina,0,3,0,2.5,Canada,,12814,Canada,,Canada
Argentina,0,3,0,2.5,Spain,,12814,Spain,,Spain
Argentina,0,3,0,2.5,Cuba,,12814,Cuba,,Cuba
Argentina,0,3,0,2.5,Argentina,,12814,Argentina,,Argentina
Argentina,0,3,0,2.5,Brazil,,12814,Brazil,,Brazil
Argentina,0,3,0,2.5,India,,12814,India,,India
Argentina,0,3,0,2.5,Iran,,12814,Iran,,Iran
Argentina,0,3,0,2.5,Venezuela,,12814,Venezuela,,Venezuela
Argentina,0,3,0,2.5,Panama,,12814,Panama,,Panama
Argentina,0,3,0,2.5,Italy,,12814,Italy,,Italy
Argentina,0,3,0,2.5,United States,,12814,United States,,United States
Argentina,0,3,0,2.5,Argentina,,12814,Argentina,,Argentina
Argentina,0,3,0,2.5,Spain,,12814,Spain,,Spain
Argentina,0,3,0,2.5,Argentina,,12814,Argentina,,Argentina
Argentina,0,3,0,2.5,Australia,,12814,Australia,,Australia
Argentina,0,3,0,2.5,Argentina,,12814,Argentina,,Argentina
Argentina,0,3,0,2.5,United States,,12814,United States,,United States
Argentina,0,3,0,2.5,Argentina,,12814,Argentina,,Argentina
Argentina,0,3,0,2.5,Afghanistan,,12814,Afghanistan,,Afghanistan
Argentina,0,3,0,2.5,Brazil,,12814,Brazil,,Brazil
Argentina,0,3,0,2.5,China,,12814,China,,China
Argentina,0,3,0,2.5,Italy,,12814,Italy,,Italy
Argentina,0,3,0,2.5,Argentina,,12814,Argentina,,Argentina
Argentina,0,3,0,2.5,United States,,12814,United States,,United States
Argentina,0,3,0,2.5,Russia,,12814,Russia,,Russia
Argentina,0,3,0,2.5,Argentina,,12814,Argentina,,Argentina
Argentina,0,3,0,2.5,Germany,,12814,Germany,,Germany
Argentina,0,3,0,2.5,China,,12814,China,,China
Argentina,0,3,0,2.5,Colombia,,12814,Colombia,,Colombia
Argentina,0,3,0,2.5,Argentina,,12814,Argentina,,Argentina
Argentina,0,3,0,2.5,Mexico,,12814,Mexico,,Mexico
Argentina,0,3,0,2.5,Argentina,,12814,Argentina,,Argentina
Argentina,0,3,0,2.5,Argentina,,12814,Argentina,,Argentina
Argentina,0,3,0,2.5,Argentina,,12814,Argentina,,Argentina
Argentina,0,3,0,2.5,Afghanistan,,12814,Afghanistan,,Afghanistan
Argentina,0,3,0,2.5,Poland,,12814,Poland,,Poland
Argentina,0,3,0,2.5,Mexico,,12814,Mexico,,Mexico
Argentina,0,3,0,2.5,Ireland,,12814,Ireland,,Ireland
Argentina,0,3,0,2.5,Argentina,,12814,Argentina,,Argentina
Argentina,0,3,0,2.5,Finland,,12814,Finland,,Finland
Argentina,0,3,0,2.5,Philippines,,12814,Philippines,,Philippines
Argentina,0,3,0,2.5,Switzerland,,12814,Switzerland,,Switzerland
Argentina,0,3,0,2.5,Brazil,,12814,Brazil,,Brazil
Argentina,0,3,0,2.5,Argentina,,12814,Argentina,,Argentina
Argentina,0,3,0,2.5,Chile,,12814,Chile,,Chile
Argentina,0,3,0,2.5,Argentina,,12814,Argentina,,Argentina
Argentina,0,3,0,2.5,Peru,,12814,Peru,,Peru
Argentina,0,3,0,2.5,Argentina,,12814,Argentina,,Argentina
Argentina,0,3,0,2.5,China,,12814,China,,China
Argentina,0,3,0,2.5,Argentina,,12814,Argentina,,Argentina
Argentina,0,3,0,2.5,Germany,,12814,Germany,,Germany
Argentina,0,3,0,2.5,Italy,,12814,Italy,,Italy
Argentina,0,3,0,2.5,Spain,,12814,Spain,,Spain
Argentina,0,3,0,2.5,Central African Republic,,12814,Central African Republic,,Central African Republic
Argentina,0,3,0,2.5,India,,12814,India,,India
Argentina,0,3,0,2.5,Norway,,12814,Norway,,Norway
Argentina,0,3,0,2.5,Denmark,,12814,Denmark,,Denmark
Argentina,0,3,0,2.5,Argentina,,12814,Argentina,,Argentina
Argentina,0,3,0,2.5,China,,12814,China,,China
Argentina,0,3,0,2.5,North Korea,,12814,North Korea,,North Korea
Argentina,0,3,0,2.5,South Korea,,12814,South Korea,,South Korea
Argentina,0,3,0,2.5,Brazil,,12814,Brazil,,Brazil
Argentina,0,3,0,2.5,Brazil,,12814,Brazil,,Brazil
Argentina,0,3,0,2.5,Chile,,12814,Chile,,Chile
Argentina,0,3,0,2.5,South Korea,,12814,South Korea,,South Korea
Argentina,0,3,0,2.5,Uruguay,,12814,Uruguay,,Uruguay
Argentina,0,3,0,2.5,Spain,,12814,Spain,,Spain
Argentina,0,3,0,2.5,France,,12814,France,,France
Argentina,0,3,0,2.5,Russia,,12814,Russia,,Russia
Argentina,0,3,0,2.5,Argentina,,12814,Argentina,,Argentina
Argentina,0,3,0,2.5,Venezuela,,12814,Venezuela,,Venezuela
Argentina,0,3,0,2.5,Afghanistan,,12814,Afghanistan,,Afghanistan
Argentina,0,3,0,2.5,Iran,,12814,Iran,,Iran
Argentina,0,3,0,2.5,Ukraine,,12814,Ukraine,,Ukraine
Argentina,0,3,0,2.5,Costa Rica,,12814,Costa Rica,,Costa Rica
Argentina,0,3,0,2.5,Spain,,12814,Spain,,Spain
Argentina,0,3,0,2.5,United States,,12814,United States,,United States
Argentina,0,3,0,2.5,Argentina,,12814,Argentina,,Argentina
Argentina,0,3,0,2.5,Colombia,,12814,Colombia,,Colombia
Argentina,0,3,0,2.5,Brazil,,12814,Brazil,,Brazil
Argentina,0,3,0,2.5,Argentina,,12814,Argentina,,Argentina
Argentina,0,3,0,2.5,Peru,,12814,Peru,,Peru
Argentina,0,3,0,2.5,Argentina,,12814,Argentina,,Argentina
Argentina,0,3,0,2.5,Chile,,12814,Chile,,Chile
Argentina,0,3,0,2.5,Argentina,,12814,Argentina,,Argentina
Argentina,0,3,0,2.5,Argentina,,12814,Argentina,,Argentina
Argentina,0,3,0,2.5,Japan,,12814,Japan,,Japan
Argentina,0,3,0,2.5,Brazil,,12814,Brazil,,Brazil
Argentina,0,3,0,2.5,North Korea,,12814,North Korea,,North Korea
Argentina,0,3,0,2.5,Peru,,12814,Peru,,Peru
Argentina,0,3,0,2.5,Brazil,,12814,Brazil,,Brazil
Argentina,0,3,0,2.5,Argentina,,12814,Argentina,,Argentina
Argentina,0,3,0,2.5,Argentina,,12814,Argentina,,Argentina
Argentina,0,3,0,2.5,Brazil,,12814,Brazil,,Brazil
Argentina,0,3,0,2.5,Spain,,12814,Spain,,Spain
Argentina,0,3,0,2.5,Argentina,,12814,Argentina,,Argentina
Argentina,0,3,0,2.5,Italy,,12814,Italy,,Italy
Argentina,0,3,0,2.5,Brazil,,12814,Brazil,,Brazil
Argentina,0,3,0,2.5,Chile,,12814,Chile,,Chile
Argentina,0,3,0,2.5,Uruguay,,12814,Uruguay,,Uruguay
Argentina,0,3,0,2.5,Switzerland,,12814,Switzerland,,Switzerland
Argentina,0,3,0,2.5,Iran,,12814,Iran,,Iran
Argentina,0,3,0,2.5,Brazil,,12814,Brazil,,Brazil
Argentina,0,3,0,2.5,Italy,,12814,Italy,,Italy
Argentina,0,3,0,2.5,United States,,12814,United States,,United States
Argentina,0,3,0,2.5,France,,12814,France,,France
Argentina,0,3,0,2.5,Italy,,12814,Italy,,Italy
Argentina,0,3,0,2.5,Argentina,,12814,Argentina,,Argentina
Argentina,0,3,0,2.5,Colombia,,12814,Colombia,,Colombia
Argentina,0,3,0,2.5,Mexico,,12814,Mexico,,Mexico
Argentina,0,3,0,2.5,Brazil,,12814,Brazil,,Brazil
Argentina,0,3,0,2.5,France,,12814,France,,France
Argentina,0,3,0,2.5,Canada,,12814,Canada,,Canada
Argentina,0,3,0,2.5,China,,12814,China,,China
Argentina,0,3,0,2.5,Bahamas,,12814,Bahamas,,Bahamas
Argentina,0,3,0,2.5,Brazil,,12814,Brazil,,Brazil
Argentina,0,3,0,2.5,Chile,,12814,Chile,,Chile
Argentina,0,3,0,2.5,Dominican Republic,,12814,Dominican Republic,,Dominican Republic
Argentina,0,3,0,2.5,Cuba,,12814,Cuba,,Cuba
Argentina,0,3,0,2.5,Belgium,,12814,Belgium,,Belgium
Argentina,0,3,0,2.5,Costa Rica,,12814,Costa Rica,,Costa Rica
Argentina,0,3,0,2.5,Finland,,12814,Finland,,Finland
Argentina,0,3,0,2.5,Belize,,12814,Belize,,Belize
Argentina,0,3,0,2.5,Argentina,,12814,Argentina,,Argentina
Argentina,0,3,0,2.5,Syria,,12814,Syria,,Syria
Argentina,0,3,0,2.5,Argentina,,12814,Argentina,,Argentina
Argentina,0,3,0,2.5,Ireland,,12814,Ireland,,Ireland
Argentina,0,3,0,2.5,Switzerland,,12814,Switzerland,,Switzerland
Argentina,0,3,0,2.5,Bolivia,,12814,Bolivia,,Bolivia
Argentina,0,3,0,2.5,Mexico,,12814,Mexico,,Mexico
Argentina,0,3,0,2.5,United Kingdom,,12814,United Kingdom,,United Kingdom
Argentina,0,3,0,2.5,France,,12814,France,,France
Argentina,0,3,0,2.5,Cuba,,12814,Cuba,,Cuba
Argentina,0,3,0,2.5,Paraguay,,12814,Paraguay,,Paraguay
Argentina,0,3,0,2.5,Japan,,12814,Japan,,Japan
Argentina,0,3,0,2.5,Italy,,12814,Italy,,Italy
Argentina,0,3,0,2.5,Brazil,,12814,Brazil,,Brazil
Argentina,0,3,0,2.5,Colombia,,12814,Colombia,,Colombia
Argentina,0,3,0,2.5,Brazil,,12814,Brazil,,Brazil
Argentina,0,3,0,2.5,Bolivia,,12814,Bolivia,,Bolivia
Argentina,0,3,0,2.5,Argentina,,12814,Argentina,,Argentina
Argentina,0,3,0,2.5,Chile,,12814,Chile,,Chile
Argentina,0,3,0,2.5,El Salvador,,12814,El Salvador,,El Salvador
Argentina,0,3,0,2.5,Argentina,,12814,Argentina,,Argentina
Argentina,0,3,0,2.5,Brazil,,12814,Brazil,,Brazil
Argentina,0,3,0,2.5,Paraguay,,12814,Paraguay,,Paraguay
Argentina,0,3,0,2.5,Colombia,,12814,Colombia,,Colombia
Argentina,0,3,0,2.5,Argentina,,12814,Argentina,,Argentina
Argentina,0,3,0,2.5,Belgium,,12814,Belgium,,Belgium
Argentina,0,3,0,2.5,Brazil,,12814,Brazil,,Brazil
Argentina,0,3,0,2.5,Canada,,12814,Canada,,Canada
Argentina,0,3,0,2.5,Bolivia,,12814,Bolivia,,Bolivia
Argentina,0,3,0,2.5,Chile,,12814,Chile,,Chile
Argentina,0,3,0,2.5,Cote d'Ivoire,,12814,Cote d'Ivoire,,Cote d'Ivoire
Argentina,0,3,0,2.5,Costa Rica,,12814,Costa Rica,,Costa Rica
Argentina,0,3,0,2.5,Afghanistan,,12814,Afghanistan,,Afghanistan
Argentina,0,3,0,2.5,France,,12814,France,,France
Argentina,0,3,0,2.5,Argentina,,12814,Argentina,,Argentina
Argentina,0,3,0,2.5,Armenia,,12814,Armenia,,Armenia
Argentina,0,3,0,2.5,Argentina,,12814,Argentina,,Argentina
Argentina,0,3,0,2.5,Brazil,,12814,Brazil,,Brazil
Argentina,0,3,0,2.5,Bolivia,,12814,Bolivia,,Bolivia
Argentina,0,3,0,2.5,South Korea,,12814,South Korea,,South Korea
Argentina,0,3,0,2.5,Bolivia,,12814,Bolivia,,Bolivia
Argentina,0,3,0,2.5,Argentina,,12814,Argentina,,Argentina
Argentina,0,3,0,2.5,Switzerland,,12814,Switzerland,,Switzerland
Argentina,0,3,0,2.5,Cuba,,12814,Cuba,,Cuba
Argentina,0,3,0,2.5,Afghanistan,,12814,Afghanistan,,Afghanistan
Argentina,0,3,0,2.5,Brazil,,12814,Brazil,,Brazil
Argentina,0,3,0,2.5,Angola,,12814,Angola,,Angola
Argentina,0,3,0,2.5,Australia,,12814,Australia,,Australia
Argentina,0,3,0,2.5,Argentina,,12814,Argentina,,Argentina
Argentina,0,3,0,2.5,Canada,,12814,Canada,,Canada
Argentina,0,3,0,2.5,Peru,,12814,Peru,,Peru
Argentina,0,3,0,2.5,Bolivia,,12814,Bolivia,,Bolivia
Argentina,0,3,0,2.5,Brazil,,12814,Brazil,,Brazil
Argentina,0,3,0,2.5,Colombia,,12814,Colombia,,Colombia
Argentina,0,3,0,2.5,China,,12814,China,,China
Argentina,0,3,0,2.5,Uruguay,,12814,Uruguay,,Uruguay
Argentina,0,3,0,2.5,United States,,12814,United States,,United States
Argentina,0,3,0,2.5,Argentina,,12814,Argentina,,Argentina
Argentina,0,3,0,2.5,Brazil,,12814,Brazil,,Brazil
Argentina,0,3,0,2.5,Chile,,12814,Chile,,Chile
Argentina,0,3,0,2.5,Germany,,12814,Germany,,Germany
Argentina,0,3,0,2.5,Italy,,12814,Italy,,Italy
Argentina,0,3,0,2.5,Russia,,12814,Russia,,Russia
Argentina,0,3,0,2.5,United States,,12814,United States,,United States
Argentina,0,3,0,2.5,Afghanistan,,12814,Afghanistan,,Afghanistan
Argentina,0,3,0,2.5,Iraq,,12814,Iraq,,Iraq
Argentina,0,3,0,2.5,Argentina,,12814,Argentina,,Argentina
Argentina,0,3,0,2.5,North Korea,,12814,North Korea,,North Korea
Argentina,0,3,0,2.5,Argentina,,12814,Argentina,,Argentina
Argentina,0,3,0,2.5,Argentina,,12814,Argentina,,Argentina
Argentina,0,3,0,2.5,Costa Rica,,12814,Costa Rica,,Costa Rica
Argentina,0,3,0,2.5,Argentina,,12814,Argentina,,Argentina
Argentina,0,3,0,2.5,Angola,,12814,Angola,,Angola
Argentina,0,3,0,2.5,Argentina,,12814,Argentina,,Argentina
Argentina,0,3,0,2.5,Argentina,,12814,Argentina,,Argentina
Argentina,0,3,0,2.5,Armenia,,12814,Armenia,,Armenia
Argentina,0,3,0,2.5,Austria,,12814,Austria,,Austria
Argentina,0,3,0,2.5,Algeria,,12814,Algeria,,Algeria
Argentina,0,3,0,2.5,Argentina,,12814,Argentina,,Argentina
Argentina,0,3,0,2.5,Albania,,12814,Albania,,Albania
Argentina,0,3,0,2.5,Argentina,,12814,Argentina,,Argentina
Argentina,0,3,0,2.5,Brazil,,12814,Brazil,,Brazil
Argentina,0,3,0,2.5,Brazil,,12814,Brazil,,Brazil
Argentina,0,3,0,2.5,Argentina,,12814,Argentina,,Argentina
Argentina,0,3,0,2.5,Bolivia,,12814,Bolivia,,Bolivia
Argentina,0,3,0,2.5,Ukraine,,12814,Ukraine,,Ukraine
Argentina,0,3,0,2.5,Dominican Republic,,12814,Dominican Republic,,Dominican Republic
Argentina,0,3,0,2.5,Colombia,,12814,Colombia,,Colombia
Argentina,0,3,0,2.5,Brazil,,12814,Brazil,,Brazil
Argentina,0,3,0,2.5,Italy,,12814,Italy,,Italy
Argentina,0,3,0,2.5,Costa Rica,,12814,Costa Rica,,Costa Rica
Argentina,0,3,0,2.5,Madagascar,,12814,Madagascar,,Madagascar
Argentina,0,3,0,2.5,Argentina,,12814,Argentina,,Argentina
Argentina,0,3,0,2.5,China,,12814,China,,China
Argentina,0,3,0,2.5,Argentina,,12814,Argentina,,Argentina
Argentina,0,3,0,2.5,Brazil,,12814,Brazil,,Brazil
Argentina,0,3,0,2.5,Colombia,,12814,Colombia,,Colombia
Argentina,0,3,0,2.5,France,,12814,France,,France
Argentina,0,3,0,2.5,Bolivia,,12814,Bolivia,,Bolivia
Argentina,0,3,0,2.5,France,,12814,France,,France
Argentina,0,3,0,2.5,Iran,,12814,Iran,,Iran
Argentina,0,3,0,2.5,Brazil,,12814,Brazil,,Brazil
Argentina,0,3,0,2.5,Venezuela,,12814,Venezuela,,Venezuela
Argentina,0,3,0,2.5,Costa Rica,,12814,Costa Rica,,Costa Rica
Argentina,0,3,0,2.5,Japan,,12814,Japan,,Japan
Argentina,0,3,0,2.5,Argentina,,12814,Argentina,,Argentina
Argentina,0,3,0,2.5,Argentina,,12814,Argentina,,Argentina
Argentina,0,3,0,2.5,Argentina,,12814,Argentina,,Argentina
Argentina,0,3,0,2.5,Peru,,12814,Peru,,Peru
Argentina,0,3,0,2.5,Germany,,12814,Germany,,Germany
Argentina,0,3,0,2.5,Australia,,12814,Australia,,Australia
Argentina,0,3,0,2.5,Switzerland,,12814,Switzerland,,Switzerland
Argentina,0,3,0,2.5,Argentina,,12814,Argentina,,Argentina
Argentina,0,3,0,2.5,France,,12814,France,,France
Argentina,0,3,0,2.5,Cuba,,12814,Cuba,,Cuba
Argentina,0,3,0,2.5,Egypt,,12814,Egypt,,Egypt
Argentina,0,3,0,2.5,Argentina,,12814,Argentina,,Argentina
Argentina,0,3,0,2.5,Brazil,,12814,Brazil,,Brazil
Argentina,0,3,0,2.5,Argentina,,12814,Argentina,,Argentina
Argentina,0,3,0,2.5,Argentina,,12814,Argentina,,Argentina
Argentina,0,3,0,2.5,Canada,,12814,Canada,,Canada
Argentina,0,3,0,2.5,Andorra,,12814,Andorra,,Andorra
Argentina,0,3,0,2.5,Afghanistan,,12814,Afghanistan,,Afghanistan
Argentina,0,3,0,2.5,Argentina,,12814,Argentina,,Argentina
Argentina,0,3,0,2.5,Brazil,,12814,Brazil,,Brazil
Argentina,0,3,0,2.5,Mexico,,12814,Mexico,,Mexico
Argentina,0,3,0,2.5,Argentina,,12814,Argentina,,Argentina
Argentina,0,3,0,2.5,Argentina,,12814,Argentina,,Argentina
Argentina,0,3,0,2.5,Chile,,12814,Chile,,Chile
Argentina,0,3,0,2.5,Austria,,12814,Austria,,Austria
Argentina,0,3,0,2.5,Brazil,,12814,Brazil,,Brazil
Argentina,0,3,0,2.5,Canada,,12814,Canada,,Canada
Argentina,0,3,0,2.5,Dominican Republic,,12814,Dominican Republic,,Dominican Republic
Argentina,0,3,0,2.5,Argentina,,12814,Argentina,,Argentina
Argentina,0,3,0,2.5,Austria,,12814,Austria,,Austria
Argentina,0,3,0,2.5,Austria,,12814,Austria,,Austria
Argentina,0,3,0,2.5,Argentina,,12814,Argentina,,Argentina
Argentina,0,3,0,2.5,Argentina,,12814,Argentina,,Argentina
Argentina,0,3,0,2.5,Colombia,,12814,Colombia,,Colombia
Argentina,0,3,0,2.5,Bolivia,,12814,Bolivia,,Bolivia
Argentina,0,3,0,2.5,Argentina,,12814,Argentina,,Argentina
Argentina,0,3,0,2.5,Finland,,12814,Finland,,Finland
Argentina,0,3,0,2.5,France,,12814,France,,France
Argentina,0,3,0,2.5,Argentina,,12814,Argentina,,Argentina
Argentina,0,3,0,2.5,Brazil,,12814,Brazil,,Brazil
Argentina,0,3,0,2.5,Italy,,12814,Italy,,Italy
Argentina,0,3,0,2.5,Canada,,12814,Canada,,Canada
Argentina,0,3,0,2.5,Finland,,12814,Finland,,Finland
Argentina,0,3,0,2.5,Norway,,12814,Norway,,Norway
Argentina,0,3,0,2.5,Argentina,,12814,Argentina,,Argentina
Argentina,0,3,0,2.5,Argentina,,12814,Argentina,,Argentina
Argentina,0,3,0,2.5,Armenia,,12814,Armenia,,Armenia
Argentina,0,3,0,2.5,Brazil,,12814,Brazil,,Brazil
Argentina,0,3,0,2.5,Uruguay,,12814,Uruguay,,Uruguay
Argentina,0,3,0,2.5,Chile,,12814,Chile,,Chile
Argentina,0,3,0,2.5,Bolivia,,12814,Bolivia,,Bolivia
Argentina,0,3,0,2.5,Russia,,12814,Russia,,Russia
Argentina,0,3,0,2.5,Canada,,12814,Canada,,Canada
Argentina,0,3,0,2.5,Uruguay,,12814,Uruguay,,Uruguay
Argentina,0,3,0,2.5,Norway,,12814,Norway,,Norway
Argentina,0,3,0,2.5,Argentina,,12814,Argentina,,Argentina
Argentina,0,3,0,2.5,Uruguay,,12814,Uruguay,,Uruguay
Argentina,0,3,0,2.5,Colombia,,12814,Colombia,,Colombia
Argentina,0,3,0,2.5,Argentina,,12814,Argentina,,Argentina
Argentina,0,3,0,2.5,Argentina,,12814,Argentina,,Argentina
Argentina,0,3,0,2.5,Colombia,,12814,Colombia,,Colombia
Argentina,0,3,0,2.5,Argentina,,12814,Argentina,,Argentina
Argentina,0,3,0,2.5,Colombia,,12814,Colombia,,Colombia
Argentina,0,3,0,2.5,Oman,,12814,Oman,,Oman
Argentina,0,3,0,2.5,South Korea,,12814,South Korea,,South Korea
Argentina,0,3,0,2.5,Comoros,,12814,Comoros,,Comoros
Argentina,0,3,0,2.5,Cote d'Ivoire,,12814,Cote d'Ivoire,,Cote d'Ivoire
Argentina,0,3,0,2.5,Canada,,12814,Canada,,Canada
Argentina,0,3,0,2.5,Argentina,,12814,Argentina,,Argentina
Argentina,0,3,0,2.5,Spain,,12814,Spain,,Spain
Argentina,0,3,0,2.5,Uruguay,,12814,Uruguay,,Uruguay
Argentina,0,3,0,2.5,Argentina,,12814,Argentina,,Argentina
Argentina,0,3,0,2.5,Israel,,12814,Israel,,Israel
Argentina,0,3,0,2.5,Russia,,12814,Russia,,Russia
Argentina,0,3,0,2.5,DR Congo,,12814,DR Congo,,DR Congo
Argentina,0,3,0,2.5,Belgium,,12814,Belgium,,Belgium
Argentina,0,3,0,2.5,Netherlands,,12814,Netherlands,,Netherlands
Argentina,0,3,0,2.5,Argentina,,12814,Argentina,,Argentina
Argentina,0,3,0,2.5,Venezuela,,12814,Venezuela,,Venezuela
Argentina,0,3,0,2.5,Nicaragua,,12814,Nicaragua,,Nicaragua
Argentina,0,3,0,2.5,Cuba,,12814,Cuba,,Cuba
Argentina,0,3,0,2.5,South Korea,,12814,South Korea,,South Korea
Argentina,0,3,0,2.5,Bolivia,,12814,Bolivia,,Bolivia
Argentina,0,3,0,2.5,Argentina,,12814,Argentina,,Argentina
Argentina,0,3,0,2.5,Cuba,,12814,Cuba,,Cuba
Argentina,0,3,0,2.5,Argentina,,12814,Argentina,,Argentina
Argentina,0,3,0,2.5,Peru,,12814,Peru,,Peru
Argentina,0,3,0,2.5,Argentina,,12814,Argentina,,Argentina
Argentina,0,3,0,2.5,Brazil,,12814,Brazil,,Brazil
Argentina,0,3,0,2.5,Argentina,,12814,Argentina,,Argentina
Argentina,0,3,0,2.5,Uruguay,,12814,Uruguay,,Uruguay
Argentina,0,3,0,2.5,Argentina,,12814,Argentina,,Argentina
Argentina,0,3,0,2.5,Haiti,,12814,Haiti,,Haiti
Argentina,0,3,0,2.5,Bolivia,,12814,Bolivia,,Bolivia
Argentina,0,3,0,2.5,China,,12814,China,,China
Argentina,0,3,0,2.5,Argentina,,12814,Argentina,,Argentina
Argentina,0,3,0,2.5,Argentina,,12814,Argentina,,Argentina
Argentina,0,3,0,2.5,Argentina,,12814,Argentina,,Argentina
Argentina,0,3,0,2.5,Canada,,12814,Canada,,Canada
Argentina,0,3,0,2.5,Argentina,,12814,Argentina,,Argentina
Argentina,0,3,0,2.5,Australia,,12814,Australia,,Australia
Argentina,0,3,0,2.5,Ireland,,12814,Ireland,,Ireland
Argentina,0,3,0,2.5,Burkina Faso,,12814,Burkina Faso,,Burkina Faso
Argentina,0,3,0,2.5,France,,12814,France,,France
Argentina,0,3,0,2.5,Brazil,,12814,Brazil,,Brazil
Argentina,0,3,0,2.5,China,,12814,China,,China
Argentina,0,3,0,2.5,Mexico,,12814,Mexico,,Mexico
Argentina,0,3,0,2.5,Italy,,12814,Italy,,Italy
Argentina,0,3,0,2.5,Norway,,12814,Norway,,Norway
Argentina,0,3,0,2.5,Argentina,,12814,Argentina,,Argentina
Argentina,0,3,0,2.5,China,,12814,China,,China
Argentina,0,3,0,2.5,Uruguay,,12814,Uruguay,,Uruguay
Argentina,0,3,0,2.5,Japan,,12814,Japan,,Japan
Argentina,0,3,0,2.5,Brazil,,12814,Brazil,,Brazil
Argentina,0,3,0,2.5,Italy,,12814,Italy,,Italy
Argentina,0,3,0,2.5,Argentina,,12814,Argentina,,Argentina
Argentina,0,3,0,2.5,Canada,,12814,Canada,,Canada
Argentina,0,3,0,2.5,Mexico,,12814,Mexico,,Mexico
Argentina,0,3,0,2.5,Argentina,,12814,Argentina,,Argentina
Argentina,0,3,0,2.5,Argentina,,12814,Argentina,,Argentina
Argentina,0,3,0,2.5,Bolivia,,12814,Bolivia,,Bolivia
Argentina,0,3,0,2.5,Argentina,,12814,Argentina,,Argentina
Argentina,0,3,0,2.5,Argentina,,12814,Argentina,,Argentina
Argentina,0,3,0,2.5,Italy,,12814,Italy,,Italy
Argentina,0,3,0,2.5,Argentina,,12814,Argentina,,Argentina
Argentina,0,3,0,2.5,Peru,,12814,Peru,,Peru
Argentina,0,3,0,2.5,Brazil,,12814,Brazil,,Brazil
Argentina,0,3,0,2.5,Brazil,,12814,Brazil,,Brazil
Argentina,0,3,0,2.5,Colombia,,12814,Colombia,,Colombia
Argentina,0,3,0,2.5,Argentina,,12814,Argentina,,Argentina
Argentina,0,3,0,2.5,Uruguay,,12814,Uruguay,,Uruguay
Argentina,0,3,0,2.5,Bolivia,,12814,Bolivia,,Bolivia
Argentina,0,3,0,2.5,Venezuela,,12814,Venezuela,,Venezuela
Argentina,0,3,0,2.5,Belgium,,12814,Belgium,,Belgium
Argentina,0,3,0,2.5,Mexico,,12814,Mexico,,Mexico
Argentina,0,3,0,2.5,Italy,,12814,Italy,,Italy
Argentina,0,3,0,2.5,Venezuela,,12814,Venezuela,,Venezuela
Argentina,0,3,0,2.5,Spain,,12814,Spain,,Spain
Argentina,0,3,0,2.5,Chile,,12814,Chile,,Chile
Argentina,0,3,0,2.5,Bolivia,,12814,Bolivia,,Bolivia
Argentina,0,3,0,2.5,Peru,,12814,Peru,,Peru
Argentina,0,3,0,2.5,Bolivia,,12814,Bolivia,,Bolivia
Argentina,0,3,0,2.5,Nigeria,,12814,Nigeria,,Nigeria
Argentina,0,3,0,2.5,Argentina,,12814,Argentina,,Argentina
Argentina,0,3,0,2.5,Greece,,12814,Greece,,Greece
Argentina,0,3,0,2.5,Venezuela,,12814,Venezuela,,Venezuela
Argentina,0,3,0,2.5,Peru,,12814,Peru,,Peru
Argentina,0,3,0,2.5,United States,,12814,United States,,United States
Argentina,0,3,0,2.5,Argentina,,12814,Argentina,,Argentina
Argentina,0,3,0,2.5,Australia,,12814,Australia,,Australia
Argentina,0,3,0,2.5,Canada,,12814,Canada,,Canada
Argentina,0,3,0,2.5,Italy,,12814,Italy,,Italy
Argentina,0,3,0,2.5,Peru,,12814,Peru,,Peru
Argentina,0,3,0,2.5,Indonesia,,12814,Indonesia,,Indonesia
Argentina,0,3,0,2.5,Haiti,,12814,Haiti,,Haiti
Argentina,0,3,0,2.5,Cuba,,12814,Cuba,,Cuba
Argentina,0,3,0,2.5,Uruguay,,12814,Uruguay,,Uruguay
Argentina,0,3,0,2.5,Italy,,12814,Italy,,Italy
Argentina,0,3,0,2.5,Switzerland,,12814,Switzerland,,Switzerland
Argentina,0,3,0,2.5,Colombia,,12814,Colombia,,Colombia
Argentina,0,3,0,2.5,Argentina,,12814,Argentina,,Argentina
Argentina,0,3,0,2.5,Chile,,12814,Chile,,Chile
Argentina,0,3,0,2.5,Indonesia,,12814,Indonesia,,Indonesia
Argentina,0,3,0,2.5,Algeria,,12814,Algeria,,Algeria
Argentina,0,3,0,2.5,Germany,,12814,Germany,,Germany
Argentina,0,3,0,2.5,Argentina,,12814,Argentina,,Argentina
Argentina,0,3,0,2.5,Germany,,12814,Germany,,Germany
Argentina,0,3,0,2.5,Antigua and Barbuda,,12814,Antigua and Barbuda,,Antigua and Barbuda
Argentina,0,3,0,2.5,Mexico,,12814,Mexico,,Mexico
Argentina,0,3,0,2.5,Brazil,,12814,Brazil,,Brazil
Argentina,0,3,0,2.5,France,,12814,France,,France
Argentina,0,3,0,2.5,Sweden,,12814,Sweden,,Sweden
Argentina,0,3,0,2.5,Cote d'Ivoire,,12814,Cote d'Ivoire,,Cote d'Ivoire
Argentina,0,3,0,2.5,Argentina,,12814,Argentina,,Argentina
Argentina,0,3,0,2.5,United States,,12814,United States,,United States
Argentina,0,3,0,2.5,Brazil,,12814,Brazil,,Brazil
Argentina,0,3,0,2.5,United Arab Emirates,,12814,United Arab Emirates,,United Arab Emirates
Argentina,0,3,0,2.5,Argentina,,12814,Argentina,,Argentina
Argentina,0,3,0,2.5,Argentina,,12814,Argentina,,Argentina
Argentina,0,3,0,2.5,Bolivia,,12814,Bolivia,,Bolivia
Argentina,0,3,0,2.5,Bolivia,,12814,Bolivia,,Bolivia
Argentina,0,3,0,2.5,Chile,,12814,Chile,,Chile
Argentina,0,3,0,2.5,Brazil,,12814,Brazil,,Brazil
Argentina,0,3,0,2.5,Bolivia,,12814,Bolivia,,Bolivia
Argentina,0,3,0,2.5,Peru,,12814,Peru,,Peru
Argentina,0,3,0,2.5,Australia,,12814,Australia,,Australia
Argentina,0,3,0,2.5,Bahamas,,12814,Bahamas,,Bahamas
Argentina,0,3,0,2.5,Kenya,,12814,Kenya,,Kenya
Argentina,0,3,0,2.5,Nigeria,,12814,Nigeria,,Nigeria
Argentina,0,3,0,2.5,Ghana,,12814,Ghana,,Ghana
Argentina,0,3,0,2.5,Argentina,,12814,Argentina,,Argentina
Argentina,0,3,0,2.5,Bahrain,,12814,Bahrain,,Bahrain
Argentina,0,3,0,2.5,Armenia,,12814,Armenia,,Armenia
Argentina,0,3,0,2.5,Brazil,,12814,Brazil,,Brazil
Argentina,0,3,0,2.5,Cambodia,,12814,Cambodia,,Cambodia
Argentina,0,3,0,2.5,Chile,,12814,Chile,,Chile
Argentina,0,3,0,2.5,Armenia,,12814,Armenia,,Armenia
Argentina,0,3,0,2.5,Brazil,,12814,Brazil,,Brazil
Argentina,0,3,0,2.5,Argentina,,12814,Argentina,,Argentina
Argentina,0,3,0,2.5,United States,,12814,United States,,United States
Argentina,0,3,0,2.5,Argentina,,12814,Argentina,,Argentina
Argentina,0,3,0,2.5,Argentina,,12814,Argentina,,Argentina
Argentina,0,3,0,2.5,Bolivia,,12814,Bolivia,,Bolivia
Argentina,0,3,0,2.5,Argentina,,12814,Argentina,,Argentina
Argentina,0,3,0,2.5,Brazil,,12814,Brazil,,Brazil
Argentina,0,3,0,2.5,Afghanistan,,12814,Afghanistan,,Afghanistan
Argentina,0,3,0,2.5,Azerbaijan,,12814,Azerbaijan,,Azerbaijan
Argentina,0,3,0,2.5,Argentina,,12814,Argentina,,Argentina
Argentina,0,3,0,2.5,Argentina,,12814,Argentina,,Argentina
Argentina,0,3,0,2.5,Brazil,,12814,Brazil,,Brazil
Argentina,0,3,0,2.5,Bolivia,,12814,Bolivia,,Bolivia
Argentina,0,3,0,2.5,Brazil,,12814,Brazil,,Brazil
Argentina,0,3,0,2.5,Japan,,12814,Japan,,Japan
Argentina,0,3,0,2.5,Afghanistan,,12814,Afghanistan,,Afghanistan
Argentina,0,3,0,2.5,Venezuela,,12814,Venezuela,,Venezuela
Argentina,0,3,0,2.5,Brazil,,12814,Brazil,,Brazil
Argentina,0,3,0,2.5,Andorra,,12814,Andorra,,Andorra
Argentina,0,3,0,2.5,Bolivia,,12814,Bolivia,,Bolivia
Argentina,0,3,0,2.5,Venezuela,,12814,Venezuela,,Venezuela
Argentina,0,3,0,2.5,Spain,,12814,Spain,,Spain
Argentina,0,3,0,2.5,Mexico,,12814,Mexico,,Mexico
Argentina,0,3,0,2.5,Armenia,,12814,Armenia,,Armenia
Argentina,0,3,0,2.5,United States,,12814,United States,,United States
Argentina,0,3,0,2.5,Australia,,12814,Australia,,Australia
Argentina,0,3,0,2.5,Cabo Verde,,12814,Cabo Verde,,Cabo Verde
Argentina,0,3,0,2.5,Canada,,12814,Canada,,Canada
Argentina,0,3,0,2.5,Argentina,,12814,Argentina,,Argentina
Argentina,0,3,0,2.5,Türkiye,,12814,Türkiye,,Türkiye
Argentina,0,3,0,2.5,Russia,,12814,Russia,,Russia
Argentina,0,3,0,2.5,Armenia,,12814,Armenia,,Armenia
Argentina,0,3,0,2.5,Argentina,,12814,Argentina,,Argentina
Argentina,0,3,0,2.5,Bolivia,,12814,Bolivia,,Bolivia
Argentina,0,3,0,2.5,Argentina,,12814,Argentina,,Argentina
Argentina,0,3,0,2.5,Finland,,12814,Finland,,Finland
Argentina,0,3,0,2.5,United Arab Emirates,,12814,United Arab Emirates,,United Arab Emirates
Argentina,0,3,0,2.5,Greece,,12814,Greece,,Greece
Argentina,0,3,0,2.5,Germany,,12814,Germany,,Germany
Argentina,0,3,0,2.5,Brazil,,12814,Brazil,,Brazil
Argentina,0,3,0,2.5,United States,,12814,United States,,United States
Argentina,0,3,0,2.5,France,,12814,France,,France
Argentina,0,3,0,2.5,Bolivia,,12814,Bolivia,,Bolivia
Argentina,0,3,0,2.5,Japan,,12814,Japan,,Japan
Argentina,0,3,0,2.5,Brazil,,12814,Brazil,,Brazil
Argentina,0,3,0,2.5,Netherlands,,12814,Netherlands,,Netherlands
Argentina,0,3,0,2.5,Mexico,,12814,Mexico,,Mexico
Argentina,0,3,0,2.5,Spain,,12814,Spain,,Spain
Argentina,0,3,0,2.5,United States,,12814,United States,,United States
Argentina,0,3,0,2.5,Switzerland,,12814,Switzerland,,Switzerland
Argentina,0,3,0,2.5,Argentina,,12814,Argentina,,Argentina
Argentina,0,3,0,2.5,Russia,,12814,Russia,,Russia
Argentina,0,3,0,2.5,Chile,,12814,Chile,,Chile
Argentina,0,3,0,2.5,United Arab Emirates,,12814,United Arab Emirates,,United Arab Emirates
Argentina,0,3,0,2.5,China,,12814,China,,China
Argentina,0,3,0,2.5,Bolivia,,12814,Bolivia,,Bolivia
Argentina,0,3,0,2.5,Cameroon,,12814,Cameroon,,Cameroon
Argentina,0,3,0,2.5,Cuba,,12814,Cuba,,Cuba
Argentina,0,3,0,2.5,Malaysia,,12814,Malaysia,,Malaysia
Argentina,0,3,0,2.5,Argentina,,12814,Argentina,,Argentina
Argentina,0,3,0,2.5,Brazil,,12814,Brazil,,Brazil
Argentina,0,3,0,2.5,Colombia,,12814,Colombia,,Colombia
Argentina,0,3,0,2.5,Argentina,,12814,Argentina,,Argentina
Argentina,0,3,0,2.5,Colombia,,12814,Colombia,,Colombia
Argentina,0,3,0,2.5,Germany,,12814,Germany,,Germany
Argentina,0,3,0,2.5,Colombia,,12814,Colombia,,Colombia
Argentina,0,3,0,2.5,Mexico,,12814,Mexico,,Mexico
Argentina,0,3,0,2.5,Uruguay,,12814,Uruguay,,Uruguay
Argentina,0,3,0,2.5,Portugal,,12814,Portugal,,Portugal
Argentina,0,3,0,2.5,Argentina,,12814,Argentina,,Argentina
Argentina,0,3,0,2.5,Argentina,,12814,Argentina,,Argentina
Argentina,0,3,0,2.5,Afghanistan,,12814,Afghanistan,,Afghanistan
Argentina,0,3,0,2.5,Albania,,12814,Albania,,Albania
Argentina,0,3,0,2.5,Paraguay,,12814,Paraguay,,Paraguay
Argentina,0,3,0,2.5,Paraguay,,12814,Paraguay,,Paraguay
Argentina,0,3,0,2.5,Panama,,12814,Panama,,Panama
Argentina,0,3,0,2.5,Germany,,12814,Germany,,Germany
Argentina,0,3,0,2.5,Brazil,,12814,Brazil,,Brazil
Argentina,0,3,0,2.5,France,,12814,France,,France
Argentina,0,3,0,2.5,Argentina,,12814,Argentina,,Argentina
Argentina,0,3,0,2.5,Argentina,,12814,Argentina,,Argentina
Argentina,0,3,0,2.5,Brazil,,12814,Brazil,,Brazil
Argentina,0,3,0,2.5,Argentina,,12814,Argentina,,Argentina
Argentina,0,3,0,2.5,Mexico,,12814,Mexico,,Mexico
Argentina,0,3,0,2.5,Argentina,,12814,Argentina,,Argentina
Argentina,0,3,0,2.5,Argentina,,12814,Argentina,,Argentina
Argentina,0,3,0,2.5,Bolivia,,12814,Bolivia,,Bolivia
Argentina,0,3,0,2.5,Argentina,,12814,Argentina,,Argentina
Argentina,0,3,0,2.5,Brazil,,12814,Brazil,,Brazil
Argentina,0,3,0,2.5,Argentina,,12814,Argentina,,Argentina
Argentina,0,3,0,2.5,Paraguay,,12814,Paraguay,,Paraguay
Argentina,0,3,0,2.5,Chile,,12814,Chile,,Chile
Argentina,0,3,0,2.5,Bolivia,,12814,Bolivia,,Bolivia
Argentina,0,3,0,2.5,Paraguay,,12814,Paraguay,,Paraguay
Argentina,0,3,0,2.5,Brazil,,12814,Brazil,,Brazil
Argentina,0,3,0,2.5,Argentina,,12814,Argentina,,Argentina
Argentina,0,3,0,2.5,Argentina,,12814,Argentina,,Argentina
Argentina,0,3,0,2.5,Argentina,,12814,Argentina,,Argentina
Argentina,0,3,0,2.5,Brazil,,12814,Brazil,,Brazil
Argentina,0,3,0,2.5,Finland,,12814,Finland,,Finland
Argentina,0,3,0,2.5,United States,,12814,United States,,United States
Argentina,0,3,0,2.5,Australia,,12814,Australia,,Australia
Argentina,0,3,0,2.5,Russia,,12814,Russia,,Russia
Argentina,0,3,0,2.5,Dominican Republic,,12814,Dominican Republic,,Dominican Republic
Argentina,0,3,0,2.5,Argentina,,12814,Argentina,,Argentina
Argentina,0,3,0,2.5,Germany,,12814,Germany,,Germany
Argentina,0,3,0,2.5,DR Congo,,12814,DR Congo,,DR Congo
Argentina,0,3,0,2.5,Iraq,,12814,Iraq,,Iraq
Argentina,0,3,0,2.5,Dominican Republic,,12814,Dominican Republic,,Dominican Republic
Argentina,0,3,0,2.5,Brazil,,12814,Brazil,,Brazil
Argentina,0,3,0,2.5,Brazil,,12814,Brazil,,Brazil
Argentina,0,3,0,2.5,Argentina,,12814,Argentina,,Argentina
Argentina,0,3,0,2.5,Colombia,,12814,Colombia,,Colombia
Argentina,0,3,0,2.5,Mexico,,12814,Mexico,,Mexico
Argentina,0,3,0,2.5,Argentina,,12814,Argentina,,Argentina
Argentina,0,3,0,2.5,Argentina,,12814,Argentina,,Argentina
Argentina,0,3,0,2.5,Colombia,,12814,Colombia,,Colombia
Argentina,0,3,0,2.5,Cuba,,12814,Cuba,,Cuba
Argentina,0,3,0,2.5,Germany,,12814,Germany,,Germany
Argentina,0,3,0,2.5,Canada,,12814,Canada,,Canada
Argentina,0,3,0,2.5,Japan,,12814,Japan,,Japan
Argentina,0,3,0,2.5,Norway,,12814,Norway,,Norway
Argentina,0,3,0,2.5,Venezuela,,12814,Venezuela,,Venezuela
Argentina,0,3,0,2.5,Afghanistan,,12814,Afghanistan,,Afghanistan
Argentina,0,3,0,2.5,Algeria,,12814,Algeria,,Algeria
Argentina,0,3,0,2.5,Armenia,,12814,Armenia,,Armenia
Argentina,0,3,0,2.5,Cuba,,12814,Cuba,,Cuba
Argentina,0,3,0,2.5,Colombia,,12814,Colombia,,Colombia
Argentina,0,3,0,2.5,Dominican Republic,,12814,Dominican Republic,,Dominican Republic
Argentina,0,3,0,2.5,United States,,12814,United States,,United States
Argentina,0,3,0,2.5,Palestine,,12814,Palestine,,Palestine
Argentina,0,3,0,2.5,Iraq,,12814,Iraq,,Iraq
Argentina,0,3,0,2.5,Vietnam,,12814,Vietnam,,Vietnam
Argentina,0,3,0,2.5,Argentina,,12814,Argentina,,Argentina
Argentina,0,3,0,2.5,Colombia,,12814,Colombia,,Colombia
Argentina,0,3,0,2.5,Venezuela,,12814,Venezuela,,Venezuela
Argentina,0,3,0,2.5,Switzerland,,12814,Switzerland,,Switzerland
Argentina,0,3,0,2.5,Sweden,,12814,Sweden,,Sweden
Argentina,0,3,0,2.5,Denmark,,12814,Denmark,,Denmark
Argentina,0,3,0,2.5,Azerbaijan,,12814,Azerbaijan,,Azerbaijan
Argentina,0,3,0,2.5,Chile,,12814,Chile,,Chile
Argentina,0,3,0,2.5,Venezuela,,12814,Venezuela,,Venezuela
Argentina,0,3,0,2.5,Cuba,,12814,Cuba,,Cuba
Argentina,0,3,0,2.5,Spain,,12814,Spain,,Spain
Argentina,0,3,0,2.5,Argentina,,12814,Argentina,,Argentina
Argentina,0,3,0,2.5,United States,,12814,United States,,United States
Argentina,0,3,0,2.5,Argentina,,12814,Argentina,,Argentina
Argentina,0,3,0,2.5,Argentina,,12814,Argentina,,Argentina
Argentina,0,3,0,2.5,Australia,,12814,Australia,,Australia
Argentina,0,3,0,2.5,Algeria,,12814,Algeria,,Algeria
Argentina,0,3,0,2.5,Argentina,,12814,Argentina,,Argentina
Argentina,0,3,0,2.5,Canada,,12814,Canada,,Canada
Argentina,0,3,0,2.5,Chile,,12814,Chile,,Chile
Argentina,0,3,0,2.5,Argentina,,12814,Argentina,,Argentina
Argentina,0,3,0,2.5,Argentina,,12814,Argentina,,Argentina
Argentina,0,3,0,2.5,Argentina,,12814,Argentina,,Argentina
Argentina,0,3,0,2.5,Argentina,,12814,Argentina,,Argentina
Argentina,0,3,0,2.5,Argentina,,12814,Argentina,,Argentina
Argentina,0,3,0,2.5,Argentina,,12814,Argentina,,Argentina
Argentina,0,3,0,2.5,Argentina,,12814,Argentina,,Argentina
Argentina,0,3,0,2.5,Argentina,,12814,Argentina,,Argentina
Argentina,0,3,0,2.5,Argentina,,12814,Argentina,,Argentina
Argentina,0,3,0,2.5,Argentina,,12814,Argentina,,Argentina
Argentina,0,3,0,2.5,Argentina,,12814,Argentina,,Argentina
Argentina,0,3,0,2.5,Argentina,,12814,Argentina,,Argentina
Argentina,0,3,0,2.5,Antigua and Barbuda,,12814,Antigua and Barbuda,,Antigua and Barbuda
Argentina,0,3,0,2.5,Argentina,,12814,Argentina,,Argentina
Argentina,0,3,0,2.5,India,,12814,India,,India
Argentina,0,3,0,2.5,Argentina,,12814,Argentina,,Argentina
Argentina,0,3,0,2.5,Argentina,,12814,Argentina,,Argentina
Argentina,0,3,0,2.5,Haiti,,12814,Haiti,,Haiti
Argentina,0,3,0,2.5,India,,12814,India,,India
Argentina,0,3,0,2.5,United Kingdom,,12814,United Kingdom,,United Kingdom
Argentina,0,3,0,2.5,France,,12814,France,,France
Argentina,0,3,0,2.5,Canada,,12814,Canada,,Canada
Argentina,0,3,0,2.5,Colombia,,12814,Colombia,,Colombia
Argentina,0,3,0,2.5,Argentina,,12814,Argentina,,Argentina
Argentina,0,3,0,2.5,Brazil,,12814,Brazil,,Brazil
Argentina,0,3,0,2.5,Israel,,12814,Israel,,Israel
Argentina,0,3,0,2.5,Chile,,12814,Chile,,Chile
Argentina,0,3,0,2.5,Colombia,,12814,Colombia,,Colombia
Argentina,0,3,0,2.5,Honduras,,12814,Honduras,,Honduras
Argentina,0,3,0,2.5,Mexico,,12814,Mexico,,Mexico
Argentina,0,3,0,2.5,Chile,,12814,Chile,,Chile
Argentina,0,3,0,2.5,Argentina,,12814,Argentina,,Argentina
Argentina,0,3,0,2.5,Argentina,,12814,Argentina,,Argentina
Argentina,0,3,0,2.5,Italy,,12814,Italy,,Italy
Argentina,0,3,0,2.5,United States,,12814,United States,,United States
Argentina,0,3,0,2.5,Italy,,12814,Italy,,Italy
Argentina,0,3,0,2.5,Denmark,,12814,Denmark,,Denmark
Argentina,0,3,0,2.5,France,,12814,France,,France
Argentina,0,3,0,2.5,Mexico,,12814,Mexico,,Mexico
Argentina,0,3,0,2.5,Egypt,,12814,Egypt,,Egypt
Argentina,0,3,0,2.5,Germany,,12814,Germany,,Germany
Argentina,0,3,0,2.5,Belgium,,12814,Belgium,,Belgium
Argentina,0,3,0,2.5,Switzerland,,12814,Switzerland,,Switzerland
Argentina,0,3,0,2.5,China,,12814,China,,China
Argentina,0,3,0,2.5,Germany,,12814,Germany,,Germany
Argentina,0,3,0,2.5,United Kingdom,,12814,United Kingdom,,United Kingdom
Argentina,0,3,0,2.5,Chile,,12814,Chile,,Chile
Argentina,0,3,0,2.5,Argentina,,12814,Argentina,,Argentina
Argentina,0,3,0,2.5,Italy,,12814,Italy,,Italy
Argentina,0,3,0,2.5,Argentina,,12814,Argentina,,Argentina
Argentina,0,3,0,2.5,Argentina,,12814,Argentina,,Argentina
Argentina,0,3,0,2.5,Argentina,,12814,Argentina,,Argentina
Argentina,0,3,0,2.5,Argentina,,12814,Argentina,,Argentina
Argentina,0,3,0,2.5,Argentina,,12814,Argentina,,Argentina
Argentina,0,3,0,2.5,Argentina,,12814,Argentina,,Argentina
Argentina,0,3,0,2.5,Antigua and Barbuda,,12814,Antigua and Barbuda,,Antigua and Barbuda
Argentina,0,3,0,2.5,Argentina,,12814,Argentina,,Argentina
Argentina,0,3,0,2.5,Argentina,,12814,Argentina,,Argentina
Argentina,0,3,0,2.5,Spain,,12814,Spain,,Spain
Argentina,0,3,0,2.5,Brazil,,12814,Brazil,,Brazil
Argentina,0,3,0,2.5,United States,,12814,United States,,United States
Argentina,0,3,0,2.5,Argentina,,12814,Argentina,,Argentina
Argentina,0,3,0,2.5,Egypt,,12814,Egypt,,Egypt
Argentina,0,3,0,2.5,Spain,,12814,Spain,,Spain
Argentina,0,3,0,2.5,Iran,,12814,Iran,,Iran
Argentina,0,3,0,2.5,Germany,,12814,Germany,,Germany
Argentina,0,3,0,2.5,Argentina,,12814,Argentina,,Argentina
Argentina,0,3,0,2.5,Argentina,,12814,Argentina,,Argentina
Argentina,0,3,0,2.5,Argentina,,12814,Argentina,,Argentina
Argentina,0,3,0,2.5,Argentina,,12814,Argentina,,Argentina
Argentina,0,3,0,2.5,Argentina,,12814,Argentina,,Argentina
Argentina,0,3,0,2.5,Argentina,,12814,Argentina,,Argentina
Argentina,0,3,0,2.5,Argentina,,12814,Argentina,,Argentina
Argentina,0,3,0,2.5,Colombia,,12814,Colombia,,Colombia
Argentina,0,3,0,2.5,Australia,,12814,Australia,,Australia
Argentina,0,3,0,2.5,Argentina,,12814,Argentina,,Argentina
Argentina,0,3,0,2.5,Switzerland,,12814,Switzerland,,Switzerland
Argentina,0,3,0,2.5,Argentina,,12814,Argentina,,Argentina
Argentina,0,3,0,2.5,Uruguay,,12814,Uruguay,,Uruguay
Argentina,0,3,0,2.5,Bolivia,,12814,Bolivia,,Bolivia
Argentina,0,3,0,2.5,Argentina,,12814,Argentina,,Argentina
Argentina,0,3,0,2.5,Colombia,,12814,Colombia,,Colombia
Argentina,0,3,0,2.5,Germany,,12814,Germany,,Germany
Argentina,0,3,0,2.5,Chile,,12814,Chile,,Chile
Argentina,0,3,0,2.5,Norway,,12814,Norway,,Norway
Argentina,0,3,0,2.5,Argentina,,12814,Argentina,,Argentina
Argentina,0,3,0,2.5,Italy,,12814,Italy,,Italy
Argentina,0,3,0,2.5,Japan,,12814,Japan,,Japan
Argentina,0,3,0,2.5,Brazil,,12814,Brazil,,Brazil
Argentina,0,3,0,2.5,Mexico,,12814,Mexico,,Mexico
Argentina,0,3,0,2.5,Libya,,12814,Libya,,Libya
Argentina,0,3,0,2.5,Costa Rica,,12814,Costa Rica,,Costa Rica
Argentina,0,3,0,2.5,Argentina,,12814,Argentina,,Argentina
Argentina,0,3,0,2.5,Argentina,,12814,Argentina,,Argentina
Argentina,0,3,0,2.5,Paraguay,,12814,Paraguay,,Paraguay
Argentina,0,3,0,2.5,Andorra,,12814,Andorra,,Andorra
Argentina,0,3,0,2.5,Bangladesh,,12814,Bangladesh,,Bangladesh
Argentina,0,3,0,2.5,Austria,,12814,Austria,,Austria
Argentina,0,3,0,2.5,Bahamas,,12814,Bahamas,,Bahamas
Argentina,0,3,0,2.5,Australia,,12814,Australia,,Australia
Argentina,0,3,0,2.5,Argentina,,12814,Argentina,,Argentina
Argentina,0,3,0,2.5,El Salvador,,12814,El Salvador,,El Salvador
Argentina,0,3,0,2.5,Brazil,,12814,Brazil,,Brazil
Argentina,0,3,0,2.5,Colombia,,12814,Colombia,,Colombia
Argentina,0,3,0,2.5,United States,,12814,United States,,United States
Argentina,0,3,0,2.5,Canada,,12814,Canada,,Canada
Argentina,0,3,0,2.5,Dominican Republic,,12814,Dominican Republic,,Dominican Republic
Argentina,0,3,0,2.5,Argentina,,12814,Argentina,,Argentina
Argentina,0,3,0,2.5,Austria,,12814,Austria,,Austria
Argentina,0,3,0,2.5,Italy,,12814,Italy,,Italy
Argentina,0,3,0,2.5,Belize,,12814,Belize,,Belize
Argentina,0,3,0,2.5,Belgium,,12814,Belgium,,Belgium
Argentina,0,3,0,2.5,Belarus,,12814,Belarus,,Belarus
Argentina,0,3,0,2.5,Andorra,,12814,Andorra,,Andorra
Argentina,0,3,0,2.5,DR Congo,,12814,DR Congo,,DR Congo
Argentina,0,3,0,2.5,Argentina,,12814,Argentina,,Argentina
Argentina,0,3,0,2.5,Azerbaijan,,12814,Azerbaijan,,Azerbaijan
Argentina,0,3,0,2.5,Brazil,,12814,Brazil,,Brazil
Argentina,0,3,0,2.5,France,,12814,France,,France
Argentina,0,3,0,2.5,Italy,,12814,Italy,,Italy
Argentina,0,3,0,2.5,Spain,,12814,Spain,,Spain
Argentina,0,3,0,2.5,Canada,,12814,Canada,,Canada
Argentina,0,3,0,2.5,Andorra,,12814,Andorra,,Andorra
Argentina,0,3,0,2.5,Australia,,12814,Australia,,Australia
Argentina,0,3,0,2.5,Antigua and Barbuda,,12814,Antigua and Barbuda,,Antigua and Barbuda
Argentina,0,3,0,2.5,Armenia,,12814,Armenia,,Armenia
Argentina,0,3,0,2.5,Austria,,12814,Austria,,Austria
Argentina,0,3,0,2.5,Afghanistan,,12814,Afghanistan,,Afghanistan
Argentina,0,3,0,2.5,Australia,,12814,Australia,,Australia
Argentina,0,3,0,2.5,Argentina,,12814,Argentina,,Argentina
Argentina,0,3,0,2.5,Antigua and Barbuda,,12814,Antigua and Barbuda,,Antigua and Barbuda
Argentina,0,3,0,2.5,Albania,,12814,Albania,,Albania
Argentina,0,3,0,2.5,Andorra,,12814,Andorra,,Andorra
Argentina,0,3,0,2.5,Angola,,12814,Angola,,Angola
Argentina,0,3,0,2.5,Antigua and Barbuda,,12814,Antigua and Barbuda,,Antigua and Barbuda
Argentina,0,3,0,2.5,Norway,,12814,Norway,,Norway
Argentina,0,3,0,2.5,Malta,,12814,Malta,,Malta
Argentina,0,3,0,2.5,Monaco,,12814,Monaco,,Monaco
Argentina,0,3,0,2.5,Mexico,,12814,Mexico,,Mexico
Argentina,0,3,0,2.5,Mauritius,,12814,Mauritius,,Mauritius
Argentina,0,3,0,2.5,Mauritania,,12814,Mauritania,,Mauritania
Argentina,0,3,0,2.5,Brazil,,12814,Brazil,,Brazil
Argentina,0,3,0,2.5,France,,12814,France,,France
Argentina,0,3,0,2.5,Germany,,12814,Germany,,Germany
Argentina,0,3,0,2.5,Italy,,12814,Italy,,Italy
Argentina,0,3,0,2.5,Argentina,,12814,Argentina,,Argentina
Argentina,0,3,0,2.5,Italy,,12814,Italy,,Italy
Argentina,0,3,0,2.5,Brazil,,12814,Brazil,,Brazil
Argentina,0,3,0,2.5,Germany,,12814,Germany,,Germany
Argentina,0,3,0,2.5,Brazil,,12814,Brazil,,Brazil
Argentina,0,3,0,2.5,Russia,,12814,Russia,,Russia
Argentina,0,3,0,2.5,Brazil,,12814,Brazil,,Brazil
Argentina,0,3,0,2.5,Brazil,,12814,Brazil,,Brazil
Argentina,0,3,0,2.5,Egypt,,12814,Egypt,,Egypt
Argentina,0,3,0,2.5,China,,12814,China,,China
Argentina,0,3,0,2.5,Australia,,12814,Australia,,Australia
Argentina,0,3,0,2.5,Egypt,,12814,Egypt,,Egypt
Argentina,0,3,0,2.5,Brazil,,12814,Brazil,,Brazil
Argentina,0,3,0,2.5,Argentina,,12814,Argentina,,Argentina
Argentina,0,3,0,2.5,Brazil,,12814,Brazil,,Brazil
Argentina,0,3,0,2.5,Russia,,12814,Russia,,Russia
Argentina,0,3,0,2.5,South Africa,,12814,South Africa,,South Africa
Argentina,0,3,0,2.5,Mexico,,12814,Mexico,,Mexico
Argentina,0,3,0,2.5,Uruguay,,12814,Uruguay,,Uruguay
Argentina,0,3,0,2.5,Germany,,12814,Germany,,Germany
Argentina,0,3,0,2.5,Argentina,,12814,Argentina,,Argentina
Argentina,0,3,0,2.5,Argentina,,12814,Argentina,,Argentina
Argentina,0,3,0,2.5,Argentina,,12814,Argentina,,Argentina
Argentina,0,3,0,2.5,Belarus,,12814,Belarus,,Belarus
Argentina,0,3,0,2.5,Angola,,12814,Angola,,Angola
Argentina,0,3,0,2.5,Brazil,,12814,Brazil,,Brazil
Argentina,0,3,0,2.5,Costa Rica,,12814,Costa Rica,,Costa Rica
Argentina,0,3,0,2.5,Argentina,,12814,Argentina,,Argentina
Argentina,0,3,0,2.5,China,,12814,China,,China
Argentina,0,3,0,2.5,Uruguay,,12814,Uruguay,,Uruguay
Argentina,0,3,0,2.5,Argentina,,12814,Argentina,,Argentina
Argentina,0,3,0,2.5,Brazil,,12814,Brazil,,Brazil
Argentina,0,3,0,2.5,Brazil,,12814,Brazil,,Brazil
Argentina,0,3,0,2.5,Argentina,,12814,Argentina,,Argentina
Argentina,0,3,0,2.5,Colombia,,12814,Colombia,,Colombia
Argentina,0,3,0,2.5,Dominican Republic,,12814,Dominican Republic,,Dominican Republic
Argentina,0,3,0,2.5,Cuba,,12814,Cuba,,Cuba
Argentina,0,3,0,2.5,Italy,,12814,Italy,,Italy
Argentina,0,3,0,2.5,Brazil,,12814,Brazil,,Brazil
Argentina,0,3,0,2.5,Argentina,,12814,Argentina,,Argentina
Argentina,0,3,0,2.5,Uruguay,,12814,Uruguay,,Uruguay
Argentina,0,3,0,2.5,Australia,,12814,Australia,,Australia
Argentina,0,3,0,2.5,Chile,,12814,Chile,,Chile
Argentina,0,3,0,2.5,Spain,,12814,Spain,,Spain
Argentina,0,3,0,2.5,United States,,12814,United States,,United States
Argentina,0,3,0,2.5,Bolivia,,12814,Bolivia,,Bolivia
Argentina,0,3,0,2.5,Brazil,,12814,Brazil,,Brazil
Argentina,0,3,0,2.5,United States,,12814,United States,,United States
Argentina,0,3,0,2.5,United Kingdom,,12814,United Kingdom,,United Kingdom
Argentina,0,3,0,2.5,France,,12814,France,,France
Argentina,0,3,0,2.5,Germany,,12814,Germany,,Germany
Argentina,0,3,0,2.5,Argentina,,12814,Argentina,,Argentina
Argentina,0,3,0,2.5,Brazil,,12814,Brazil,,Brazil
Argentina,0,3,0,2.5,India,,12814,India,,India
Argentina,0,3,0,2.5,Bangladesh,,12814,Bangladesh,,Bangladesh
Argentina,0,3,0,2.5,Egypt,,12814,Egypt,,Egypt
Argentina,0,3,0,2.5,Italy,,12814,Italy,,Italy
Argentina,0,3,0,2.5,Spain,,12814,Spain,,Spain
Argentina,0,3,0,2.5,Brazil,,12814,Brazil,,Brazil
Argentina,0,3,0,2.5,Brazil,,12814,Brazil,,Brazil
Argentina,0,3,0,2.5,Argentina,,12814,Argentina,,Argentina
Argentina,0,3,0,2.5,Argentina,,12814,Argentina,,Argentina
Argentina,0,3,0,2.5,Brazil,,12814,Brazil,,Brazil
Argentina,0,3,0,2.5,Argentina,,12814,Argentina,,Argentina
Argentina,0,3,0,2.5,Brazil,,12814,Brazil,,Brazil
Argentina,0,3,0,2.5,Uruguay,,12814,Uruguay,,Uruguay
Argentina,0,3,0,2.5,Argentina,,12814,Argentina,,Argentina
Argentina,0,3,0,2.5,Brazil,,12814,Brazil,,Brazil
Argentina,0,3,0,2.5,Chile,,12814,Chile,,Chile
Argentina,0,3,0,2.5,Italy,,12814,Italy,,Italy
Argentina,0,3,0,2.5,Brazil,,12814,Brazil,,Brazil
Argentina,0,3,0,2.5,Brazil,,12814,Brazil,,Brazil
Argentina,0,3,0,2.5,Afghanistan,,12814,Afghanistan,,Afghanistan
Argentina,0,3,0,2.5,Brazil,,12814,Brazil,,Brazil
Argentina,0,3,0,2.5,Brazil,,12814,Brazil,,Brazil
Argentina,0,3,0,2.5,Brazil,,12814,Brazil,,Brazil
Argentina,0,3,0,2.5,Germany,,12814,Germany,,Germany
Argentina,0,3,0,2.5,Bolivia,,12814,Bolivia,,Bolivia
Argentina,0,3,0,2.5,Argentina,,12814,Argentina,,Argentina
Argentina,0,3,0,2.5,Argentina,,12814,Argentina,,Argentina
Argentina,0,3,0,2.5,Bahrain,,12814,Bahrain,,Bahrain
Argentina,0,3,0,2.5,Argentina,,12814,Argentina,,Argentina
Argentina,0,3,0,2.5,Mexico,,12814,Mexico,,Mexico
Argentina,0,3,0,2.5,Argentina,,12814,Argentina,,Argentina
Argentina,0,3,0,2.5,Japan,,12814,Japan,,Japan
Argentina,0,3,0,2.5,Argentina,,12814,Argentina,,Argentina
Argentina,0,3,0,2.5,Argentina,,12814,Argentina,,Argentina
Argentina,0,3,0,2.5,Antigua and Barbuda,,12814,Antigua and Barbuda,,Antigua and Barbuda
Argentina,0,3,0,2.5,Canada,,12814,Canada,,Canada
Argentina,0,3,0,2.5,Argentina,,12814,Argentina,,Argentina
Argentina,0,3,0,2.5,Argentina,,12814,Argentina,,Argentina
Argentina,0,3,0,2.5,Ecuador,,12814,Ecuador,,Ecuador
Argentina,0,3,0,2.5,Argentina,,12814,Argentina,,Argentina
Argentina,0,3,0,2.5,Cambodia,,12814,Cambodia,,Cambodia
Argentina,0,3,0,2.5,Brazil,,12814,Brazil,,Brazil
Argentina,0,3,0,2.5,Chile,,12814,Chile,,Chile
Argentina,0,3,0,2.5,Peru,,12814,Peru,,Peru
Argentina,0,3,0,2.5,Argentina,,12814,Argentina,,Argentina
Argentina,0,3,0,2.5,France,,12814,France,,France
Argentina,0,3,0,2.5,Colombia,,12814,Colombia,,Colombia
Argentina,0,3,0,2.5,Nicaragua,,12814,Nicaragua,,Nicaragua
Argentina,0,3,0,2.5,Costa Rica,,12814,Costa Rica,,Costa Rica
Argentina,0,3,0,2.5,Brazil,,12814,Brazil,,Brazil
Argentina,0,3,0,2.5,Uruguay,,12814,Uruguay,,Uruguay
Argentina,0,3,0,2.5,Bolivia,,12814,Bolivia,,Bolivia
Argentina,0,3,0,2.5,Argentina,,12814,Argentina,,Argentina
Argentina,0,3,0,2.5,Brazil,,12814,Brazil,,Brazil
Argentina,0,3,0,2.5,Bolivia,,12814,Bolivia,,Bolivia
Argentina,0,3,0,2.5,Australia,,12814,Australia,,Australia
Argentina,0,3,0,2.5,Germany,,12814,Germany,,Germany
Argentina,0,3,0,2.5,Brazil,,12814,Brazil,,Brazil
Argentina,0,3,0,2.5,Italy,,12814,Italy,,Italy
Argentina,0,3,0,2.5,Croatia,,12814,Croatia,,Croatia
Argentina,0,3,0,2.5,Chile,,12814,Chile,,Chile
Argentina,0,3,0,2.5,Argentina,,12814,Argentina,,Argentina
Argentina,0,3,0,2.5,Argentina,,12814,Argentina,,Argentina
Argentina,0,3,0,2.5,Argentina,,12814,Argentina,,Argentina
Argentina,0,3,0,2.5,Colombia,,12814,Colombia,,Colombia
Argentina,0,3,0,2.5,Brazil,,12814,Brazil,,Brazil
Argentina,0,3,0,2.5,Azerbaijan,,12814,Azerbaijan,,Azerbaijan
Argentina,0,3,0,2.5,Brazil,,12814,Brazil,,Brazil
Argentina,0,3,0,2.5,Argentina,,12814,Argentina,,Argentina
Argentina,0,3,0,2.5,Argentina,,12814,Argentina,,Argentina
Argentina,0,3,0,2.5,Brazil,,12814,Brazil,,Brazil
Argentina,0,3,0,2.5,Bolivia,,12814,Bolivia,,Bolivia
Argentina,0,3,0,2.5,Argentina,,12814,Argentina,,Argentina
Argentina,0,3,0,2.5,Bulgaria,,12814,Bulgaria,,Bulgaria
Argentina,0,3,0,2.5,Armenia,,12814,Armenia,,Armenia
Argentina,0,3,0,2.5,Portugal,,12814,Portugal,,Portugal
Argentina,0,3,0,2.5,Rwanda,,12814,Rwanda,,Rwanda
Argentina,0,3,0,2.5,Russia,,12814,Russia,,Russia
Argentina,0,3,0,2.5,Angola,,12814,Angola,,Angola
Argentina,0,3,0,2.5,Argentina,,12814,Argentina,,Argentina
Argentina,0,3,0,2.5,Italy,,12814,Italy,,Italy
Argentina,0,3,0,2.5,Bahamas,,12814,Bahamas,,Bahamas
Argentina,0,3,0,2.5,United States,,12814,United States,,United States
Argentina,0,3,0,2.5,Haiti,,12814,Haiti,,Haiti
Argentina,0,3,0,2.5,Argentina,,12814,Argentina,,Argentina
Argentina,0,3,0,2.5,Bahrain,,12814,Bahrain,,Bahrain
Argentina,0,3,0,2.5,Algeria,,12814,Algeria,,Algeria
Argentina,0,3,0,2.5,Bosnia and Herzegovina,,12814,Bosnia and Herzegovina,,Bosnia and Herzegovina
Argentina,0,3,0,2.5,Lebanon,,12814,Lebanon,,Lebanon
Argentina,0,3,0,2.5,Monaco,,12814,Monaco,,Monaco
Argentina,0,3,0,2.5,Estonia,,12814,Estonia,,Estonia
Argentina,0,3,0,2.5,Gabon,,12814,Gabon,,Gabon
Argentina,0,3,0,2.5,Andorra,,12814,Andorra,,Andorra
Argentina,0,3,0,2.5,Bolivia,,12814,Bolivia,,Bolivia
Argentina,0,3,0,2.5,Australia,,12814,Australia,,Australia
Argentina,0,3,0,2.5,Argentina,,12814,Argentina,,Argentina
Argentina,0,3,0,2.5,Ethiopia,,12814,Ethiopia,,Ethiopia
Argentina,0,3,0,2.5,Uruguay,,12814,Uruguay,,Uruguay
Argentina,0,3,0,2.5,Albania,,12814,Albania,,Albania
Argentina,0,3,0,2.5,Argentina,,12814,Argentina,,Argentina
Argentina,0,3,0,2.5,Cuba,,12814,Cuba,,Cuba
Argentina,0,3,0,2.5,Colombia,,12814,Colombia,,Colombia
Argentina,0,3,0,2.5,Dominican Republic,,12814,Dominican Republic,,Dominican Republic
Argentina,0,3,0,2.5,Canada,,12814,Canada,,Canada
Argentina,0,3,0,2.5,Finland,,12814,Finland,,Finland
Argentina,0,3,0,2.5,France,,12814,France,,France
Argentina,0,3,0,2.5,Spain,,12814,Spain,,Spain
Argentina,0,3,0,2.5,Chile,,12814,Chile,,Chile
Argentina,0,3,0,2.5,Germany,,12814,Germany,,Germany
Argentina,0,3,0,2.5,Brazil,,12814,Brazil,,Brazil
Argentina,0,3,0,2.5,Algeria,,12814,Algeria,,Algeria
Argentina,0,3,0,2.5,Angola,,12814,Angola,,Angola
Argentina,0,3,0,2.5,Bhutan,,12814,Bhutan,,Bhutan
Argentina,0,3,0,2.5,Antigua and Barbuda,,12814,Antigua and Barbuda,,Antigua and Barbuda
Argentina,0,3,0,2.5,Belgium,,12814,Belgium,,Belgium
Argentina,0,3,0,2.5,China,,12814,China,,China
Argentina,0,3,0,2.5,Brazil,,12814,Brazil,,Brazil
Argentina,0,3,0,2.5,Cambodia,,12814,Cambodia,,Cambodia
Argentina,0,3,0,2.5,Cameroon,,12814,Cameroon,,Cameroon
Argentina,0,3,0,2.5,Argentina,,12814,Argentina,,Argentina
Argentina,0,3,0,2.5,Bahrain,,12814,Bahrain,,Bahrain
Argentina,0,3,0,2.5,Colombia,,12814,Colombia,,Colombia
Argentina,0,3,0,2.5,China,,12814,China,,China
Argentina,0,3,0,2.5,Colombia,,12814,Colombia,,Colombia
Argentina,0,3,0,2.5,Bolivia,,12814,Bolivia,,Bolivia
Argentina,0,3,0,2.5,Paraguay,,12814,Paraguay,,Paraguay
Argentina,0,3,0,2.5,China,,12814,China,,China
Argentina,0,3,0,2.5,Egypt,,12814,Egypt,,Egypt
Argentina,0,3,0,2.5,Brazil,,12814,Brazil,,Brazil
Argentina,0,3,0,2.5,Brazil,,12814,Brazil,,Brazil
Argentina,0,3,0,2.5,China,,12814,China,,China
Argentina,0,3,0,2.5,Argentina,,12814,Argentina,,Argentina
Argentina,0,3,0,2.5,Italy,,12814,Italy,,Italy
Argentina,0,3,0,2.5,Argentina,,12814,Argentina,,Argentina
Argentina,0,3,0,2.5,Colombia,,12814,Colombia,,Colombia
Argentina,0,3,0,2.5,Chile,,12814,Chile,,Chile
Argentina,0,3,0,2.5,Argentina,,12814,Argentina,,Argentina
Argentina,0,3,0,2.5,Peru,,12814,Peru,,Peru
Argentina,0,3,0,2.5,Angola,,12814,Angola,,Angola
Argentina,0,3,0,2.5,Uruguay,,12814,Uruguay,,Uruguay
Argentina,0,3,0,2.5,Afghanistan,,12814,Afghanistan,,Afghanistan
Argentina,0,3,0,2.5,Argentina,,12814,Argentina,,Argentina
Argentina,0,3,0,2.5,Denmark,,12814,Denmark,,Denmark
Argentina,0,3,0,2.5,Argentina,,12814,Argentina,,Argentina
Argentina,0,3,0,2.5,Japan,,12814,Japan,,Japan
Argentina,0,3,0,2.5,Argentina,,12814,Argentina,,Argentina
Argentina,0,3,0,2.5,India,,12814,India,,India
Argentina,0,3,0,2.5,Brazil,,12814,Brazil,,Brazil
Argentina,0,3,0,2.5,Egypt,,12814,Egypt,,Egypt
Argentina,0,3,0,2.5,Uruguay,,12814,Uruguay,,Uruguay
Argentina,0,3,0,2.5,Ethiopia,,12814,Ethiopia,,Ethiopia
Argentina,0,3,0,2.5,Angola,,12814,Angola,,Angola
Argentina,0,3,0,2.5,Argentina,,12814,Argentina,,Argentina
Argentina,0,3,0,2.5,Iran,,12814,Iran,,Iran
Argentina,0,3,0,2.5,France,,12814,France,,France
Argentina,0,3,0,2.5,Brazil,,12814,Brazil,,Brazil
Argentina,0,3,0,2.5,Germany,,12814,Germany,,Germany
Argentina,0,3,0,2.5,Argentina,,12814,Argentina,,Argentina
Argentina,0,3,0,2.5,Afghanistan,,12814,Afghanistan,,Afghanistan
Argentina,0,3,0,2.5,Argentina,,12814,Argentina,,Argentina
Argentina,0,3,0,2.5,Argentina,,12814,Argentina,,Argentina
Argentina,0,3,0,2.5,Argentina,,12814,Argentina,,Argentina
Argentina,0,3,0,2.5,Armenia,,12814,Armenia,,Armenia
Argentina,0,3,0,2.5,Japan,,12814,Japan,,Japan
Argentina,0,3,0,2.5,Uruguay,,12814,Uruguay,,Uruguay
Argentina,0,3,0,2.5,Argentina,,12814,Argentina,,Argentina
Argentina,0,3,0,2.5,Andorra,,12814,Andorra,,Andorra
Argentina,0,3,0,2.5,Spain,,12814,Spain,,Spain
Argentina,0,3,0,2.5,Cuba,,12814,Cuba,,Cuba
Argentina,0,3,0,2.5,Australia,,12814,Australia,,Australia
Argentina,0,3,0,2.5,Burkina Faso,,12814,Burkina Faso,,Burkina Faso
Argentina,0,3,0,2.5,Paraguay,,12814,Paraguay,,Paraguay
Argentina,0,3,0,2.5,Chile,,12814,Chile,,Chile
Argentina,0,3,0,2.5,Spain,,12814,Spain,,Spain
Argentina,0,3,0,2.5,Bolivia,,12814,Bolivia,,Bolivia
Argentina,0,3,0,2.5,United States,,12814,United States,,United States
Argentina,0,3,0,2.5,Bolivia,,12814,Bolivia,,Bolivia
Argentina,0,3,0,2.5,Argentina,,12814,Argentina,,Argentina
Argentina,0,3,0,2.5,United States,,12814,United States,,United States
Argentina,0,3,0,2.5,Dominican Republic,,12814,Dominican Republic,,Dominican Republic
Argentina,0,3,0,2.5,Australia,,12814,Australia,,Australia
Argentina,0,3,0,2.5,Brazil,,12814,Brazil,,Brazil
Argentina,0,3,0,2.5,Bolivia,,12814,Bolivia,,Bolivia
Argentina,0,3,0,2.5,Argentina,,12814,Argentina,,Argentina
Argentina,0,3,0,2.5,Argentina,,12814,Argentina,,Argentina
Argentina,0,3,0,2.5,Belarus,,12814,Belarus,,Belarus
Argentina,0,3,0,2.5,Cuba,,12814,Cuba,,Cuba
Argentina,0,3,0,2.5,Argentina,,12814,Argentina,,Argentina
Argentina,0,3,0,2.5,Argentina,,12814,Argentina,,Argentina
Argentina,0,3,0,2.5,Argentina,,12814,Argentina,,Argentina
Argentina,0,3,0,2.5,Argentina,,12814,Argentina,,Argentina
Argentina,0,3,0,2.5,Argentina,,12814,Argentina,,Argentina
Argentina,0,3,0,2.5,Argentina,,12814,Argentina,,Argentina
Argentina,0,3,0,2.5,Argentina,,12814,Argentina,,Argentina
Argentina,0,3,0,2.5,Argentina,,12814,Argentina,,Argentina
Argentina,0,3,0,2.5,Argentina,,12814,Argentina,,Argentina
Argentina,0,3,0,2.5,Argentina,,12814,Argentina,,Argentina
Argentina,0,3,0,2.5,Brazil,,12814,Brazil,,Brazil
Argentina,0,3,0,2.5,Dominican Republic,,12814,Dominican Republic,,Dominican Republic
Argentina,0,3,0,2.5,Argentina,,12814,Argentina,,Argentina
Argentina,0,3,0,2.5,Brazil,,12814,Brazil,,Brazil
Argentina,0,3,0,2.5,Chile,,12814,Chile,,Chile
Argentina,0,3,0,2.5,Argentina,,12814,Argentina,,Argentina
Argentina,0,3,0,2.5,Brazil,,12814,Brazil,,Brazil
Argentina,0,3,0,2.5,Colombia,,12814,Colombia,,Colombia
Argentina,0,3,0,2.5,Argentina,,12814,Argentina,,Argentina
Argentina,0,3,0,2.5,Brazil,,12814,Brazil,,Brazil
Argentina,0,3,0,2.5,Zambia,,12814,Zambia,,Zambia
Argentina,0,3,0,2.5,Cabo Verde,,12814,Cabo Verde,,Cabo Verde
Argentina,0,3,0,2.5,Italy,,12814,Italy,,Italy
Argentina,0,3,0,2.5,Argentina,,12814,Argentina,,Argentina
Argentina,0,3,0,2.5,Chile,,12814,Chile,,Chile
Argentina,0,3,0,2.5,Finland,,12814,Finland,,Finland
Argentina,0,3,0,2.5,Argentina,,12814,Argentina,,Argentina
Argentina,0,3,0,2.5,Brazil,,12814,Brazil,,Brazil
Argentina,0,3,0,2.5,Philippines,,12814,Philippines,,Philippines
Argentina,0,3,0,2.5,Zimbabwe,,12814,Zimbabwe,,Zimbabwe
Argentina,0,3,0,2.5,United Arab Emirates,,12814,United Arab Emirates,,United Arab Emirates
Argentina,0,3,0,2.5,Argentina,,12814,Argentina,,Argentina
Argentina,0,3,0,2.5,Argentina,,12814,Argentina,,Argentina
Argentina,0,3,0,2.5,Switzerland,,12814,Switzerland,,Switzerland
Argentina,0,3,0,2.5,Kenya,,12814,Kenya,,Kenya
Argentina,0,3,0,2.5,Sri Lanka,,12814,Sri Lanka,,Sri Lanka
Argentina,0,3,0,2.5,Canada,,12814,Canada,,Canada
Argentina,0,3,0,2.5,Italy,,12814,Italy,,Italy
Argentina,0,3,0,2.5,Bolivia,,12814,Bolivia,,Bolivia
Argentina,0,3,0,2.5,Argentina,,12814,Argentina,,Argentina
Argentina,0,3,0,2.5,Argentina,,12814,Argentina,,Argentina
Argentina,0,3,0,2.5,Brazil,,12814,Brazil,,Brazil
Argentina,0,3,0,2.5,Venezuela,,12814,Venezuela,,Venezuela
Argentina,0,3,0,2.5,Italy,,12814,Italy,,Italy
Argentina,0,3,0,2.5,Argentina,,12814,Argentina,,Argentina
Argentina,0,3,0,2.5,Argentina,,12814,Argentina,,Argentina
Argentina,0,3,0,2.5,Brazil,,12814,Brazil,,Brazil
Argentina,0,3,0,2.5,Argentina,,12814,Argentina,,Argentina
Argentina,0,3,0,2.5,Argentina,,12814,Argentina,,Argentina
Argentina,0,3,0,2.5,Argentina,,12814,Argentina,,Argentina
Argentina,0,3,0,2.5,Argentina,,12814,Argentina,,Argentina
Argentina,0,3,0,2.5,Argentina,,12814,Argentina,,Argentina
Argentina,0,3,0,2.5,Argentina,,12814,Argentina,,Argentina
Argentina,0,3,0,2.5,Argentina,,12814,Argentina,,Argentina
Argentina,0,3,0,2.5,Brazil,,12814,Brazil,,Brazil
Argentina,0,3,0,2.5,Colombia,,12814,Colombia,,Colombia
Argentina,0,3,0,2.5,Brazil,,12814,Brazil,,Brazil
Argentina,0,3,0,2.5,Argentina,,12814,Argentina,,Argentina
Argentina,0,3,0,2.5,Argentina,,12814,Argentina,,Argentina
Argentina,0,3,0,2.5,Switzerland,,12814,Switzerland,,Switzerland
Argentina,0,3,0,2.5,France,,12814,France,,France
Argentina,0,3,0,2.5,Italy,,12814,Italy,,Italy
Argentina,0,3,0,2.5,Argentina,,12814,Argentina,,Argentina
Argentina,0,3,0,2.5,Costa Rica,,12814,Costa Rica,,Costa Rica
Argentina,0,3,0,2.5,Argentina,,12814,Argentina,,Argentina
Argentina,0,3,0,2.5,Brazil,,12814,Brazil,,Brazil
Argentina,0,3,0,2.5,Sweden,,12814,Sweden,,Sweden
Argentina,0,3,0,2.5,Germany,,12814,Germany,,Germany
Argentina,0,3,0,2.5,Spain,,12814,Spain,,Spain
Argentina,0,3,0,2.5,Argentina,,12814,Argentina,,Argentina
Argentina,0,3,0,2.5,Brazil,,12814,Brazil,,Brazil
Argentina,0,3,0,2.5,Argentina,,12814,Argentina,,Argentina
Argentina,0,3,0,2.5,Haiti,,12814,Haiti,,Haiti
Argentina,0,3,0,2.5,Spain,,12814,Spain,,Spain
Argentina,0,3,0,2.5,Chile,,12814,Chile,,Chile
Argentina,0,3,0,2.5,United States,,12814,United States,,United States
Argentina,0,3,0,2.5,Brazil,,12814,Brazil,,Brazil
Argentina,0,3,0,2.5,Italy,,12814,Italy,,Italy
Argentina,0,3,0,2.5,Peru,,12814,Peru,,Peru
Argentina,0,3,0,2.5,Central African Republic,,12814,Central African Republic,,Central African Republic
Argentina,0,3,0,2.5,Haiti,,12814,Haiti,,Haiti
Argentina,0,3,0,2.5,Bolivia,,12814,Bolivia,,Bolivia
Argentina,0,3,0,2.5,Argentina,,12814,Argentina,,Argentina
Argentina,0,3,0,2.5,China,,12814,China,,China
Argentina,0,3,0,2.5,Japan,,12814,Japan,,Japan
Argentina,0,3,0,2.5,China,,12814,China,,China
Argentina,0,3,0,2.5,Venezuela,,12814,Venezuela,,Venezuela
Argentina,0,3,0,2.5,Venezuela,,12814,Venezuela,,Venezuela
Argentina,0,3,0,2.5,Germany,,12814,Germany,,Germany
Argentina,0,3,0,2.5,China,,12814,China,,China
Argentina,0,3,0,2.5,Japan,,12814,Japan,,Japan
Argentina,0,3,0,2.5,Armenia,,12814,Armenia,,Armenia
Argentina,0,3,0,2.5,Brazil,,12814,Brazil,,Brazil
Argentina,0,3,0,2.5,Argentina,,12814,Argentina,,Argentina
Argentina,0,3,0,2.5,Cuba,,12814,Cuba,,Cuba
Argentina,0,3,0,2.5,Bolivia,,12814,Bolivia,,Bolivia
Argentina,0,3,0,2.5,Germany,,12814,Germany,,Germany
Argentina,0,3,0,2.5,Colombia,,12814,Colombia,,Colombia
Argentina,0,3,0,2.5,Mexico,,12814,Mexico,,Mexico
Argentina,0,3,0,2.5,Italy,,12814,Italy,,Italy
Argentina,0,3,0,2.5,Brazil,,12814,Brazil,,Brazil
Argentina,0,3,0,2.5,Canada,,12814,Canada,,Canada
Argentina,0,3,0,2.5,Uruguay,,12814,Uruguay,,Uruguay
Argentina,0,3,0,2.5,Argentina,,12814,Argentina,,Argentina
Argentina,0,3,0,2.5,Japan,,12814,Japan,,Japan
Argentina,0,3,0,2.5,Brazil,,12814,Brazil,,Brazil
Argentina,0,3,0,2.5,Argentina,,12814,Argentina,,Argentina
Argentina,0,3,0,2.5,Argentina,,12814,Argentina,,Argentina
Argentina,0,3,0,2.5,Dominican Republic,,12814,Dominican Republic,,Dominican Republic
Argentina,0,3,0,2.5,France,,12814,France,,France
Argentina,0,3,0,2.5,North Korea,,12814,North Korea,,North Korea
Argentina,0,3,0,2.5,Argentina,,12814,Argentina,,Argentina
Argentina,0,3,0,2.5,Argentina,,12814,Argentina,,Argentina
Argentina,0,3,0,2.5,Colombia,,12814,Colombia,,Colombia
Argentina,0,3,0,2.5,Brazil,,12814,Brazil,,Brazil
Argentina,0,3,0,2.5,Germany,,12814,Germany,,Germany
Argentina,0,3,0,2.5,Argentina,,12814,Argentina,,Argentina
Argentina,0,3,0,2.5,Brazil,,12814,Brazil,,Brazil
Argentina,0,3,0,2.5,Uruguay,,12814,Uruguay,,Uruguay
Argentina,0,3,0,2.5,Spain,,12814,Spain,,Spain
Argentina,0,3,0,2.5,Peru,,12814,Peru,,Peru
Argentina,0,3,0,2.5,Mexico,,12814,Mexico,,Mexico
Argentina,0,3,0,2.5,Germany,,12814,Germany,,Germany
Argentina,0,3,0,2.5,Argentina,,12814,Argentina,,Argentina
Argentina,0,3,0,2.5,Brazil,,12814,Brazil,,Brazil
Argentina,0,3,0,2.5,Sweden,,12814,Sweden,,Sweden
Argentina,0,3,0,2.5,Switzerland,,12814,Switzerland,,Switzerland
Argentina,0,3,0,2.5,Norway,,12814,Norway,,Norway
Argentina,0,3,0,2.5,Germany,,12814,Germany,,Germany
Argentina,0,3,0,2.5,Switzerland,,12814,Switzerland,,Switzerland
Argentina,0,3,0,2.5,Sweden,,12814,Sweden,,Sweden
Argentina,0,3,0,2.5,Norway,,12814,Norway,,Norway
Argentina,0,3,0,2.5,Brazil,,12814,Brazil,,Brazil
Argentina,0,3,0,2.5,Denmark,,12814,Denmark,,Denmark
Argentina,0,3,0,2.5,Sweden,,12814,Sweden,,Sweden
Argentina,0,3,0,2.5,Norway,,12814,Norway,,Norway
Argentina,0,3,0,2.5,Switzerland,,12814,Switzerland,,Switzerland
Argentina,0,3,0,2.5,Germany,,12814,Germany,,Germany
Argentina,0,3,0,2.5,Austria,,12814,Austria,,Austria
Argentina,0,3,0,2.5,Poland,,12814,Poland,,Poland
Argentina,0,3,0,2.5,Switzerland,,12814,Switzerland,,Switzerland
Argentina,0,3,0,2.5,Norway,,12814,Norway,,Norway
Argentina,0,3,0,2.5,Finland,,12814,Finland,,Finland
Argentina,0,3,0,2.5,Bolivia,,12814,Bolivia,,Bolivia
Argentina,0,3,0,2.5,Peru,,12814,Peru,,Peru
Argentina,0,3,0,2.5,Ecuador,,12814,Ecuador,,Ecuador
Argentina,0,3,0,2.5,Brazil,,12814,Brazil,,Brazil
Argentina,0,3,0,2.5,Uruguay,,12814,Uruguay,,Uruguay
Argentina,0,3,0,2.5,Brazil,,12814,Brazil,,Brazil
Argentina,0,3,0,2.5,France,,12814,France,,France
Argentina,0,3,0,2.5,Italy,,12814,Italy,,Italy
Argentina,0,3,0,2.5,United Kingdom,,12814,United Kingdom,,United Kingdom
Argentina,0,3,0,2.5,Austria,,12814,Austria,,Austria
Argentina,0,3,0,2.5,Denmark,,12814,Denmark,,Denmark
Argentina,0,3,0,2.5,Norway,,12814,Norway,,Norway
Argentina,0,3,0,2.5,Zambia,,12814,Zambia,,Zambia
Argentina,0,3,0,2.5,Switzerland,,12814,Switzerland,,Switzerland
Argentina,0,3,0,2.5,Sweden,,12814,Sweden,,Sweden
Argentina,0,3,0,2.5,Argentina,,12814,Argentina,,Argentina
Argentina,0,3,0,2.5,Brazil,,12814,Brazil,,Brazil
Argentina,0,3,0,2.5,Colombia,,12814,Colombia,,Colombia
Argentina,0,3,0,2.5,Argentina,,12814,Argentina,,Argentina
Argentina,0,3,0,2.5,Argentina,,12814,Argentina,,Argentina
Argentina,0,3,0,2.5,Uruguay,,12814,Uruguay,,Uruguay
Argentina,0,3,0,2.5,Brazil,,12814,Brazil,,Brazil
Argentina,0,3,0,2.5,Peru,,12814,Peru,,Peru
Argentina,0,3,0,2.5,Uruguay,,12814,Uruguay,,Uruguay
Argentina,0,3,0,2.5,Peru,,12814,Peru,,Peru
Argentina,0,3,0,2.5,Chile,,12814,Chile,,Chile
Argentina,0,3,0,2.5,Bolivia,,12814,Bolivia,,Bolivia
Argentina,0,3,0,2.5,Central African Republic,,12814,Central African Republic,,Central African Republic
Argentina,0,3,0,2.5,Argentina,,12814,Argentina,,Argentina
Argentina,0,3,0,2.5,Colombia,,12814,Colombia,,Colombia
Argentina,0,3,0,2.5,Brazil,,12814,Brazil,,Brazil
Argentina,0,3,0,2.5,Uruguay,,12814,Uruguay,,Uruguay
Argentina,0,3,0,2.5,Bolivia,,12814,Bolivia,,Bolivia
Argentina,0,3,0,2.5,Angola,,12814,Angola,,Angola
Argentina,0,3,0,2.5,Brazil,,12814,Brazil,,Brazil
Argentina,0,3,0,2.5,Mali,,12814,Mali,,Mali
Argentina,0,3,0,2.5,Haiti,,12814,Haiti,,Haiti
Argentina,0,3,0,2.5,Japan,,12814,Japan,,Japan
Argentina,0,3,0,2.5,Argentina,,12814,Argentina,,Argentina
Argentina,0,3,0,2.5,Cuba,,12814,Cuba,,Cuba
Argentina,0,3,0,2.5,Australia,,12814,Australia,,Australia
Argentina,0,3,0,2.5,United States,,12814,United States,,United States
Argentina,0,3,0,2.5,Afghanistan,,12814,Afghanistan,,Afghanistan
Argentina,0,3,0,2.5,Argentina,,12814,Argentina,,Argentina
Argentina,0,3,0,2.5,Argentina,,12814,Argentina,,Argentina
Argentina,0,3,0,2.5,Mexico,,12814,Mexico,,Mexico
Argentina,0,3,0,2.5,Argentina,,12814,Argentina,,Argentina
Argentina,0,3,0,2.5,Australia,,12814,Australia,,Australia
Argentina,0,3,0,2.5,Brazil,,12814,Brazil,,Brazil
Argentina,0,3,0,2.5,Argentina,,12814,Argentina,,Argentina
Argentina,0,3,0,2.5,Bahrain,,12814,Bahrain,,Bahrain
Argentina,0,3,0,2.5,Algeria,,12814,Algeria,,Algeria
Argentina,0,3,0,2.5,Argentina,,12814,Argentina,,Argentina
Argentina,0,3,0,2.5,Albania,,12814,Albania,,Albania
Argentina,0,3,0,2.5,Australia,,12814,Australia,,Australia
Argentina,0,3,0,2.5,Bolivia,,12814,Bolivia,,Bolivia
Argentina,0,3,0,2.5,Colombia,,12814,Colombia,,Colombia
Argentina,0,3,0,2.5,Mexico,,12814,Mexico,,Mexico
Argentina,0,3,0,2.5,Austria,,12814,Austria,,Austria
Argentina,0,3,0,2.5,Mexico,,12814,Mexico,,Mexico
Argentina,0,3,0,2.5,Andorra,,12814,Andorra,,Andorra
Argentina,0,3,0,2.5,Albania,,12814,Albania,,Albania
Argentina,0,3,0,2.5,Azerbaijan,,12814,Azerbaijan,,Azerbaijan
Argentina,0,3,0,2.5,Austria,,12814,Austria,,Austria
Argentina,0,3,0,2.5,Denmark,,12814,Denmark,,Denmark
Argentina,0,3,0,2.5,Canada,,12814,Canada,,Canada
Argentina,0,3,0,2.5,Romania,,12814,Romania,,Romania
Argentina,0,3,0,2.5,Russia,,12814,Russia,,Russia
Argentina,0,3,0,2.5,Sweden,,12814,Sweden,,Sweden
Argentina,0,3,0,2.5,Switzerland,,12814,Switzerland,,Switzerland
Argentina,0,3,0,2.5,France,,12814,France,,France
Argentina,0,3,0,2.5,Italy,,12814,Italy,,Italy
Argentina,0,3,0,2.5,Greece,,12814,Greece,,Greece
Argentina,0,3,0,2.5,China,,12814,China,,China
Argentina,0,3,0,2.5,Japan,,12814,Japan,,Japan
Argentina,0,3,0,2.5,Peru,,12814,Peru,,Peru
Argentina,0,3,0,2.5,Brazil,,12814,Brazil,,Brazil
Argentina,0,3,0,2.5,Australia,,12814,Australia,,Australia
Argentina,0,3,0,2.5,Belgium,,12814,Belgium,,Belgium
Argentina,0,3,0,2.5,Belize,,12814,Belize,,Belize
Argentina,0,3,0,2.5,Denmark,,12814,Denmark,,Denmark
Argentina,0,3,0,2.5,New Zealand,,12814,New Zealand,,New Zealand
Argentina,0,3,0,2.5,Sweden,,12814,Sweden,,Sweden
Argentina,0,3,0,2.5,Switzerland,,12814,Switzerland,,Switzerland
Argentina,0,3,0,2.5,Afghanistan,,12814,Afghanistan,,Afghanistan
Argentina,0,3,0,2.5,Mexico,,12814,Mexico,,Mexico
Argentina,0,3,0,2.5,Belgium,,12814,Belgium,,Belgium
Argentina,0,3,0,2.5,Argentina,,12814,Argentina,,Argentina
Argentina,0,3,0,2.5,Colombia,,12814,Colombia,,Colombia
Argentina,0,3,0,2.5,Costa Rica,,12814,Costa Rica,,Costa Rica
Argentina,0,3,0,2.5,Philippines,,12814,Philippines,,Philippines
Argentina,0,3,0,2.5,Australia,,12814,Australia,,Australia
Argentina,0,3,0,2.5,Mexico,,12814,Mexico,,Mexico
Argentina,0,3,0,2.5,Argentina,,12814,Argentina,,Argentina
Argentina,0,3,0,2.5,Argentina,,12814,Argentina,,Argentina
Argentina,0,3,0,2.5,Uruguay,,12814,Uruguay,,Uruguay
Argentina,0,3,0,2.5,Brazil,,12814,Brazil,,Brazil
Argentina,0,3,0,2.5,Argentina,,12814,Argentina,,Argentina
Argentina,0,3,0,2.5,France,,12814,France,,France
Argentina,0,3,0,2.5,Spain,,12814,Spain,,Spain
Argentina,0,3,0,2.5,Colombia,,12814,Colombia,,Colombia
Argentina,0,3,0,2.5,Argentina,,12814,Argentina,,Argentina
Argentina,0,3,0,2.5,Belarus,,12814,Belarus,,Belarus
Argentina,0,3,0,2.5,Colombia,,12814,Colombia,,Colombia
Argentina,0,3,0,2.5,United Kingdom,,12814,United Kingdom,,United Kingdom
Argentina,0,3,0,2.5,Argentina,,12814,Argentina,,Argentina
Argentina,0,3,0,2.5,Spain,,12814,Spain,,Spain
Argentina,0,3,0,2.5,South Korea,,12814,South Korea,,South Korea
Argentina,0,3,0,2.5,China,,12814,China,,China
Argentina,0,3,0,2.5,Spain,,12814,Spain,,Spain
Argentina,0,3,0,2.5,Japan,,12814,Japan,,Japan
Argentina,0,3,0,2.5,Russia,,12814,Russia,,Russia
Argentina,0,3,0,2.5,United States,,12814,United States,,United States
Argentina,0,3,0,2.5,Argentina,,12814,Argentina,,Argentina
Argentina,0,3,0,2.5,Peru,,12814,Peru,,Peru
Argentina,0,3,0,2.5,United States,,12814,United States,,United States
Argentina,0,3,0,2.5,South Africa,,12814,South Africa,,South Africa
Argentina,0,3,0,2.5,Costa Rica,,12814,Costa Rica,,Costa Rica
Argentina,0,3,0,2.5,Mexico,,12814,Mexico,,Mexico
Argentina,0,3,0,2.5,Spain,,12814,Spain,,Spain
Argentina,0,3,0,2.5,Italy,,12814,Italy,,Italy
Argentina,0,3,0,2.5,Colombia,,12814,Colombia,,Colombia
Argentina,0,3,0,2.5,Spain,,12814,Spain,,Spain
Argentina,0,3,0,2.5,India,,12814,India,,India
Argentina,0,3,0,2.5,Germany,,12814,Germany,,Germany
Argentina,0,3,0,2.5,United States,,12814,United States,,United States
Argentina,0,3,0,2.5,United Kingdom,,12814,United Kingdom,,United Kingdom
Argentina,0,3,0,2.5,Brazil,,12814,Brazil,,Brazil
Argentina,0,3,0,2.5,Colombia,,12814,Colombia,,Colombia
Argentina,0,3,0,2.5,Argentina,,12814,Argentina,,Argentina
Argentina,0,3,0,2.5,Brazil,,12814,Brazil,,Brazil
Argentina,0,3,0,2.5,Venezuela,,12814,Venezuela,,Venezuela
Argentina,0,3,0,2.5,Peru,,12814,Peru,,Peru
Argentina,0,3,0,2.5,Finland,,12814,Finland,,Finland
Argentina,0,3,0,2.5,Denmark,,12814,Denmark,,Denmark
Argentina,0,3,0,2.5,Sweden,,12814,Sweden,,Sweden
Argentina,0,3,0,2.5,Argentina,,12814,Argentina,,Argentina
Argentina,0,3,0,2.5,Argentina,,12814,Argentina,,Argentina
Argentina,0,3,0,2.5,Argentina,,12814,Argentina,,Argentina
Argentina,0,3,0,2.5,Belgium,,12814,Belgium,,Belgium
Argentina,0,3,0,2.5,Argentina,,12814,Argentina,,Argentina
Argentina,0,3,0,2.5,Australia,,12814,Australia,,Australia
Argentina,0,3,0,2.5,Algeria,,12814,Algeria,,Algeria
Argentina,0,3,0,2.5,Bolivia,,12814,Bolivia,,Bolivia
Argentina,0,3,0,2.5,Haiti,,12814,Haiti,,Haiti
Argentina,0,3,0,2.5,Algeria,,12814,Algeria,,Algeria
Argentina,0,3,0,2.5,Australia,,12814,Australia,,Australia
Argentina,0,3,0,2.5,Brazil,,12814,Brazil,,Brazil
Argentina,0,3,0,2.5,Antigua and Barbuda,,12814,Antigua and Barbuda,,Antigua and Barbuda
Argentina,0,3,0,2.5,Uruguay,,12814,Uruguay,,Uruguay
Argentina,0,3,0,2.5,Belize,,12814,Belize,,Belize
Argentina,0,3,0,2.5,Finland,,12814,Finland,,Finland
Argentina,0,3,0,2.5,China,,12814,China,,China
Argentina,0,3,0,2.5,Monaco,,12814,Monaco,,Monaco
Argentina,0,3,0,2.5,Argentina,,12814,Argentina,,Argentina
Argentina,0,3,0,2.5,France,,12814,France,,France
Argentina,0,3,0,2.5,Qatar,,12814,Qatar,,Qatar
Argentina,0,3,0,2.5,Spain,,12814,Spain,,Spain
Argentina,0,3,0,2.5,Germany,,12814,Germany,,Germany
Argentina,0,3,0,2.5,Namibia,,12814,Namibia,,Namibia
Argentina,0,3,0,2.5,Nigeria,,12814,Nigeria,,Nigeria
Argentina,0,3,0,2.5,Belgium,,12814,Belgium,,Belgium
Argentina,0,3,0,2.5,Cameroon,,12814,Cameroon,,Cameroon
Argentina,0,3,0,2.5,Australia,,12814,Australia,,Australia
Argentina,0,3,0,2.5,Argentina,,12814,Argentina,,Argentina
Argentina,0,3,0,2.5,Antigua and Barbuda,,12814,Antigua and Barbuda,,Antigua and Barbuda
Argentina,0,3,0,2.5,Chile,,12814,Chile,,Chile
Argentina,0,3,0,2.5,Denmark,,12814,Denmark,,Denmark
Argentina,0,3,0,2.5,Brazil,,12814,Brazil,,Brazil
Argentina,0,3,0,2.5,Brazil,,12814,Brazil,,Brazil
Argentina,0,3,0,2.5,Brazil,,12814,Brazil,,Brazil
Argentina,0,3,0,2.5,Colombia,,12814,Colombia,,Colombia
Argentina,0,3,0,2.5,Switzerland,,12814,Switzerland,,Switzerland
Argentina,0,3,0,2.5,United States,,12814,United States,,United States
Argentina,0,3,0,2.5,Austria,,12814,Austria,,Austria
Argentina,0,3,0,2.5,Brazil,,12814,Brazil,,Brazil
Argentina,0,3,0,2.5,Russia,,12814,Russia,,Russia
Argentina,0,3,0,2.5,Cabo Verde,,12814,Cabo Verde,,Cabo Verde
Argentina,0,3,0,2.5,Dominican Republic,,12814,Dominican Republic,,Dominican Republic
Argentina,0,3,0,2.5,Brazil,,12814,Brazil,,Brazil
Argentina,0,3,0,2.5,Iran,,12814,Iran,,Iran
Argentina,0,3,0,2.5,Lebanon,,12814,Lebanon,,Lebanon
Argentina,0,3,0,2.5,Israel,,12814,Israel,,Israel
Argentina,0,3,0,2.5,Palestine,,12814,Palestine,,Palestine
Argentina,0,3,0,2.5,Burundi,,12814,Burundi,,Burundi
Argentina,0,3,0,2.5,DR Congo,,12814,DR Congo,,DR Congo
Argentina,0,3,0,2.5,Cabo Verde,,12814,Cabo Verde,,Cabo Verde
Argentina,0,3,0,2.5,Dominican Republic,,12814,Dominican Republic,,Dominican Republic
Argentina,0,3,0,2.5,Brazil,,12814,Brazil,,Brazil
Argentina,0,3,0,2.5,Brazil,,12814,Brazil,,Brazil
Argentina,0,3,0,2.5,Central African Republic,,12814,Central African Republic,,Central African Republic
Argentina,0,3,0,2.5,Dominican Republic,,12814,Dominican Republic,,Dominican Republic
Argentina,0,3,0,2.5,Egypt,,12814,Egypt,,Egypt
Argentina,0,3,0,2.5,DR Congo,,12814,DR Congo,,DR Congo
Argentina,0,3,0,2.5,DR Congo,,12814,DR Congo,,DR Congo
Argentina,0,3,0,2.5,Bolivia,,12814,Bolivia,,Bolivia
Argentina,0,3,0,2.5,Switzerland,,12814,Switzerland,,Switzerland
Argentina,0,3,0,2.5,Argentina,,12814,Argentina,,Argentina
Argentina,0,3,0,2.5,Brazil,,12814,Brazil,,Brazil
Argentina,0,3,0,2.5,Mexico,,12814,Mexico,,Mexico
Argentina,0,3,0,2.5,Argentina,,12814,Argentina,,Argentina
Argentina,0,3,0,2.5,Austria,,12814,Austria,,Austria
Argentina,0,3,0,2.5,Switzerland,,12814,Switzerland,,Switzerland
Argentina,0,3,0,2.5,Argentina,,12814,Argentina,,Argentina
Argentina,0,3,0,2.5,Brazil,,12814,Brazil,,Brazil
Argentina,0,3,0,2.5,Argentina,,12814,Argentina,,Argentina
Argentina,0,3,0,2.5,Argentina,,12814,Argentina,,Argentina
Argentina,0,3,0,2.5,Brazil,,12814,Brazil,,Brazil
Argentina,0,3,0,2.5,Costa Rica,,12814,Costa Rica,,Costa Rica
Argentina,0,3,0,2.5,Uruguay,,12814,Uruguay,,Uruguay
Argentina,0,3,0,2.5,Austria,,12814,Austria,,Austria
Argentina,0,3,0,2.5,United Kingdom,,12814,United Kingdom,,United Kingdom
Argentina,0,3,0,2.5,Russia,,12814,Russia,,Russia
Argentina,0,3,0,2.5,United States,,12814,United States,,United States
Argentina,0,3,0,2.5,Costa Rica,,12814,Costa Rica,,Costa Rica
Argentina,0,3,0,2.5,Belize,,12814,Belize,,Belize
Argentina,0,3,0,2.5,Guatemala,,12814,Guatemala,,Guatemala
Argentina,0,3,0,2.5,Italy,,12814,Italy,,Italy
Argentina,0,3,0,2.5,Japan,,12814,Japan,,Japan
Argentina,0,3,0,2.5,Greece,,12814,Greece,,Greece
Argentina,0,3,0,2.5,Argentina,,12814,Argentina,,Argentina
Argentina,0,3,0,2.5,Bolivia,,12814,Bolivia,,Bolivia
Argentina,0,3,0,2.5,Chile,,12814,Chile,,Chile
Argentina,0,3,0,2.5,China,,12814,China,,China
Argentina,0,3,0,2.5,Colombia,,12814,Colombia,,Colombia
Argentina,0,3,0,2.5,Brazil,,12814,Brazil,,Brazil
Argentina,0,3,0,2.5,Uruguay,,12814,Uruguay,,Uruguay
Argentina,0,3,0,2.5,Chile,,12814,Chile,,Chile
Argentina,0,3,0,2.5,Central African Republic,,12814,Central African Republic,,Central African Republic
Argentina,0,3,0,2.5,Central African Republic,,12814,Central African Republic,,Central African Republic
Argentina,0,3,0,2.5,Argentina,,12814,Argentina,,Argentina
Argentina,0,3,0,2.5,China,,12814,China,,China
Argentina,0,3,0,2.5,Japan,,12814,Japan,,Japan
Argentina,0,3,0,2.5,Argentina,,12814,Argentina,,Argentina
Argentina,0,3,0,2.5,Argentina,,12814,Argentina,,Argentina
Argentina,0,3,0,2.5,Argentina,,12814,Argentina,,Argentina
Argentina,0,3,0,2.5,Italy,,12814,Italy,,Italy
Argentina,0,3,0,2.5,Japan,,12814,Japan,,Japan
Argentina,0,3,0,2.5,Peru,,12814,Peru,,Peru
Argentina,0,3,0,2.5,Cuba,,12814,Cuba,,Cuba
Argentina,0,3,0,2.5,Germany,,12814,Germany,,Germany
Argentina,0,3,0,2.5,Italy,,12814,Italy,,Italy
Argentina,0,3,0,2.5,Central African Republic,,12814,Central African Republic,,Central African Republic
Argentina,0,3,0,2.5,Cote d'Ivoire,,12814,Cote d'Ivoire,,Cote d'Ivoire
Argentina,0,3,0,2.5,Ireland,,12814,Ireland,,Ireland
Argentina,0,3,0,2.5,Chile,,12814,Chile,,Chile
Argentina,0,3,0,2.5,United States,,12814,United States,,United States
Argentina,0,3,0,2.5,Palestine,,12814,Palestine,,Palestine
Argentina,0,3,0,2.5,Dominican Republic,,12814,Dominican Republic,,Dominican Republic
Argentina,0,3,0,2.5,France,,12814,France,,France
Argentina,0,3,0,2.5,Argentina,,12814,Argentina,,Argentina
Argentina,0,3,0,2.5,Argentina,,12814,Argentina,,Argentina
Argentina,0,3,0,2.5,Brazil,,12814,Brazil,,Brazil
Argentina,0,3,0,2.5,Colombia,,12814,Colombia,,Colombia
Argentina,0,3,0,2.5,Cuba,,12814,Cuba,,Cuba
Argentina,0,3,0,2.5,Argentina,,12814,Argentina,,Argentina
Argentina,0,3,0,2.5,Portugal,,12814,Portugal,,Portugal
Argentina,0,3,0,2.5,Jamaica,,12814,Jamaica,,Jamaica
Argentina,0,3,0,2.5,Mexico,,12814,Mexico,,Mexico
Argentina,0,3,0,2.5,Monaco,,12814,Monaco,,Monaco
Argentina,0,3,0,2.5,Algeria,,12814,Algeria,,Algeria
Argentina,0,3,0,2.5,Angola,,12814,Angola,,Angola
Argentina,0,3,0,2.5,Australia,,12814,Australia,,Australia
Argentina,0,3,0,2.5,Azerbaijan,,12814,Azerbaijan,,Azerbaijan
Argentina,0,3,0,2.5,Albania,,12814,Albania,,Albania
Argentina,0,3,0,2.5,Argentina,,12814,Argentina,,Argentina
Argentina,0,3,0,2.5,France,,12814,France,,France
Argentina,0,3,0,2.5,Angola,,12814,Angola,,Angola
Argentina,0,3,0,2.5,Brazil,,12814,Brazil,,Brazil
Argentina,0,3,0,2.5,Colombia,,12814,Colombia,,Colombia
Argentina,0,3,0,2.5,Cuba,,12814,Cuba,,Cuba
Argentina,0,3,0,2.5,Austria,,12814,Austria,,Austria
Argentina,0,3,0,2.5,Cuba,,12814,Cuba,,Cuba
Argentina,0,3,0,2.5,France,,12814,France,,France
Argentina,0,3,0,2.5,Brazil,,12814,Brazil,,Brazil
Argentina,0,3,0,2.5,Italy,,12814,Italy,,Italy
Argentina,0,3,0,2.5,Argentina,,12814,Argentina,,Argentina
Argentina,0,3,0,2.5,Argentina,,12814,Argentina,,Argentina
Argentina,0,3,0,2.5,Argentina,,12814,Argentina,,Argentina
Argentina,0,3,0,2.5,Italy,,12814,Italy,,Italy
Argentina,0,3,0,2.5,Argentina,,12814,Argentina,,Argentina
Argentina,0,3,0,2.5,Argentina,,12814,Argentina,,Argentina
Argentina,0,3,0,2.5,Argentina,,12814,Argentina,,Argentina
Argentina,0,3,0,2.5,Cuba,,12814,Cuba,,Cuba
Argentina,0,3,0,2.5,Argentina,,12814,Argentina,,Argentina
Argentina,0,3,0,2.5,Brazil,,12814,Brazil,,Brazil
Argentina,0,3,0,2.5,Albania,,12814,Albania,,Albania
Argentina,0,3,0,2.5,Bolivia,,12814,Bolivia,,Bolivia
Argentina,0,3,0,2.5,Bolivia,,12814,Bolivia,,Bolivia
Argentina,0,3,0,2.5,Mexico,,12814,Mexico,,Mexico
Argentina,0,3,0,2.5,Italy,,12814,Italy,,Italy
Argentina,0,3,0,2.5,Chile,,12814,Chile,,Chile
Argentina,0,3,0,2.5,Argentina,,12814,Argentina,,Argentina
Argentina,0,3,0,2.5,Albania,,12814,Albania,,Albania
Argentina,0,3,0,2.5,Argentina,,12814,Argentina,,Argentina
Argentina,0,3,0,2.5,Afghanistan,,12814,Afghanistan,,Afghanistan
Argentina,0,3,0,2.5,Bangladesh,,12814,Bangladesh,,Bangladesh
Argentina,0,3,0,2.5,Brazil,,12814,Brazil,,Brazil
Argentina,0,3,0,2.5,Argentina,,12814,Argentina,,Argentina
Argentina,0,3,0,2.5,Argentina,,12814,Argentina,,Argentina
Argentina,0,3,0,2.5,Guatemala,,12814,Guatemala,,Guatemala
Argentina,0,3,0,2.5,Argentina,,12814,Argentina,,Argentina
Argentina,0,3,0,2.5,Cuba,,12814,Cuba,,Cuba
Argentina,0,3,0,2.5,Argentina,,12814,Argentina,,Argentina
Argentina,0,3,0,2.5,Argentina,,12814,Argentina,,Argentina
Argentina,0,3,0,2.5,Argentina,,12814,Argentina,,Argentina
Argentina,0,3,0,2.5,Chile,,12814,Chile,,Chile
Argentina,0,3,0,2.5,Brazil,,12814,Brazil,,Brazil
Argentina,0,3,0,2.5,Italy,,12814,Italy,,Italy
Argentina,0,3,0,2.5,Argentina,,12814,Argentina,,Argentina
Argentina,0,3,0,2.5,Argentina,,12814,Argentina,,Argentina
Argentina,0,3,0,2.5,Austria,,12814,Austria,,Austria
Argentina,0,3,0,2.5,Afghanistan,,12814,Afghanistan,,Afghanistan
Argentina,0,3,0,2.5,Brazil,,12814,Brazil,,Brazil
Argentina,0,3,0,2.5,Colombia,,12814,Colombia,,Colombia
Argentina,0,3,0,2.5,Bolivia,,12814,Bolivia,,Bolivia
Argentina,0,3,0,2.5,Italy,,12814,Italy,,Italy
Argentina,0,3,0,2.5,Brazil,,12814,Brazil,,Brazil
Argentina,0,3,0,2.5,Japan,,12814,Japan,,Japan
Argentina,0,3,0,2.5,Japan,,12814,Japan,,Japan
Argentina,0,3,0,2.5,Brazil,,12814,Brazil,,Brazil
Argentina,0,3,0,2.5,Peru,,12814,Peru,,Peru
Argentina,0,3,0,2.5,Colombia,,12814,Colombia,,Colombia
Argentina,0,3,0,2.5,Bolivia,,12814,Bolivia,,Bolivia
Argentina,0,3,0,2.5,Dominican Republic,,12814,Dominican Republic,,Dominican Republic
Argentina,0,3,0,2.5,Switzerland,,12814,Switzerland,,Switzerland
Argentina,0,3,0,2.5,Iran,,12814,Iran,,Iran
Argentina,0,3,0,2.5,Uruguay,,12814,Uruguay,,Uruguay
Argentina,0,3,0,2.5,Brazil,,12814,Brazil,,Brazil
Argentina,0,3,0,2.5,Italy,,12814,Italy,,Italy
Argentina,0,3,0,2.5,Mexico,,12814,Mexico,,Mexico
Argentina,0,3,0,2.5,Italy,,12814,Italy,,Italy
Argentina,0,3,0,2.5,Colombia,,12814,Colombia,,Colombia
Argentina,0,3,0,2.5,Argentina,,12814,Argentina,,Argentina
Argentina,0,3,0,2.5,Colombia,,12814,Colombia,,Colombia
Argentina,0,3,0,2.5,India,,12814,India,,India
Argentina,0,3,0,2.5,Brazil,,12814,Brazil,,Brazil
Argentina,0,3,0,2.5,Uruguay,,12814,Uruguay,,Uruguay
Argentina,0,3,0,2.5,Argentina,,12814,Argentina,,Argentina
Argentina,0,3,0,2.5,Armenia,,12814,Armenia,,Armenia
Argentina,0,3,0,2.5,Brazil,,12814,Brazil,,Brazil
Argentina,0,3,0,2.5,Italy,,12814,Italy,,Italy
Argentina,0,3,0,2.5,United States,,12814,United States,,United States
Argentina,0,3,0,2.5,Australia,,12814,Australia,,Australia
Argentina,0,3,0,2.5,Egypt,,12814,Egypt,,Egypt
Argentina,0,3,0,2.5,Bahamas,,12814,Bahamas,,Bahamas
Argentina,0,3,0,2.5,Ukraine,,12814,Ukraine,,Ukraine
Argentina,0,3,0,2.5,India,,12814,India,,India
Argentina,0,3,0,2.5,Andorra,,12814,Andorra,,Andorra
Argentina,0,3,0,2.5,Kuwait,,12814,Kuwait,,Kuwait
Argentina,0,3,0,2.5,Jordan,,12814,Jordan,,Jordan
Argentina,0,3,0,2.5,Syria,,12814,Syria,,Syria
Argentina,0,3,0,2.5,Brazil,,12814,Brazil,,Brazil
Argentina,0,3,0,2.5,United Arab Emirates,,12814,United Arab Emirates,,United Arab Emirates
Argentina,0,3,0,2.5,United States,,12814,United States,,United States
Argentina,0,3,0,2.5,Germany,,12814,Germany,,Germany
Argentina,0,3,0,2.5,Israel,,12814,Israel,,Israel
Argentina,0,3,0,2.5,India,,12814,India,,India
Argentina,0,3,0,2.5,Ireland,,12814,Ireland,,Ireland
Argentina,0,3,0,2.5,Uruguay,,12814,Uruguay,,Uruguay
Argentina,0,3,0,2.5,Brazil,,12814,Brazil,,Brazil
Argentina,0,3,0,2.5,Colombia,,12814,Colombia,,Colombia
Argentina,0,3,0,2.5,Chile,,12814,Chile,,Chile
Argentina,0,3,0,2.5,El Salvador,,12814,El Salvador,,El Salvador
Argentina,0,3,0,2.5,France,,12814,France,,France
Argentina,0,3,0,2.5,Cuba,,12814,Cuba,,Cuba
Argentina,0,3,0,2.5,Uruguay,,12814,Uruguay,,Uruguay
Argentina,0,3,0,2.5,Brazil,,12814,Brazil,,Brazil
Argentina,0,3,0,2.5,Russia,,12814,Russia,,Russia
Argentina,0,3,0,2.5,Australia,,12814,Australia,,Australia
Argentina,0,3,0,2.5,Italy,,12814,Italy,,Italy
Argentina,0,3,0,2.5,Uruguay,,12814,Uruguay,,Uruguay
Argentina,0,3,0,2.5,Italy,,12814,Italy,,Italy
Argentina,0,3,0,2.5,Spain,,12814,Spain,,Spain
Argentina,0,3,0,2.5,Iraq,,12814,Iraq,,Iraq
Argentina,0,3,0,2.5,Central African Republic,,12814,Central African Republic,,Central African Republic
Argentina,0,3,0,2.5,Argentina,,12814,Argentina,,Argentina
Argentina,0,3,0,2.5,Argentina,,12814,Argentina,,Argentina
Argentina,0,3,0,2.5,Brazil,,12814,Brazil,,Brazil
Argentina,0,3,0,2.5,Italy,,12814,Italy,,Italy
Argentina,0,3,0,2.5,China,,12814,China,,China
Argentina,0,3,0,2.5,India,,12814,India,,India
Argentina,0,3,0,2.5,Angola,,12814,Angola,,Angola
Argentina,0,3,0,2.5,Germany,,12814,Germany,,Germany
Argentina,0,3,0,2.5,Argentina,,12814,Argentina,,Argentina
Argentina,0,3,0,2.5,Chile,,12814,Chile,,Chile
Argentina,0,3,0,2.5,Brazil,,12814,Brazil,,Brazil
Argentina,0,3,0,2.5,Italy,,12814,Italy,,Italy
Argentina,0,3,0,2.5,Argentina,,12814,Argentina,,Argentina
Argentina,0,3,0,2.5,Germany,,12814,Germany,,Germany
Argentina,0,3,0,2.5,Argentina,,12814,Argentina,,Argentina
Argentina,0,3,0,2.5,Afghanistan,,12814,Afghanistan,,Afghanistan
Argentina,0,3,0,2.5,Argentina,,12814,Argentina,,Argentina
Argentina,0,3,0,2.5,Bolivia,,12814,Bolivia,,Bolivia
Argentina,0,3,0,2.5,Armenia,,12814,Armenia,,Armenia
Argentina,0,3,0,2.5,Japan,,12814,Japan,,Japan
Argentina,0,3,0,2.5,Argentina,,12814,Argentina,,Argentina
Argentina,0,3,0,2.5,Argentina,,12814,Argentina,,Argentina
Argentina,0,3,0,2.5,Brazil,,12814,Brazil,,Brazil
Argentina,0,3,0,2.5,United States,,12814,United States,,United States
Argentina,0,3,0,2.5,Bolivia,,12814,Bolivia,,Bolivia
Argentina,0,3,0,2.5,Brazil,,12814,Brazil,,Brazil
Argentina,0,3,0,2.5,Brazil,,12814,Brazil,,Brazil
Argentina,0,3,0,2.5,Japan,,12814,Japan,,Japan
Argentina,0,3,0,2.5,Brazil,,12814,Brazil,,Brazil
Argentina,0,3,0,2.5,Argentina,,12814,Argentina,,Argentina
Argentina,0,3,0,2.5,Cameroon,,12814,Cameroon,,Cameroon
Argentina,0,3,0,2.5,United States,,12814,United States,,United States
Argentina,0,3,0,2.5,Egypt,,12814,Egypt,,Egypt
Argentina,0,3,0,2.5,Argentina,,12814,Argentina,,Argentina
Argentina,0,3,0,2.5,Colombia,,12814,Colombia,,Colombia
Argentina,0,3,0,2.5,Brazil,,12814,Brazil,,Brazil
Argentina,0,3,0,2.5,Russia,,12814,Russia,,Russia
Argentina,0,3,0,2.5,Dominican Republic,,12814,Dominican Republic,,Dominican Republic
Argentina,0,3,0,2.5,Brazil,,12814,Brazil,,Brazil
Argentina,0,3,0,2.5,Egypt,,12814,Egypt,,Egypt
Argentina,0,3,0,2.5,France,,12814,France,,France
Argentina,0,3,0,2.5,Spain,,12814,Spain,,Spain
Argentina,0,3,0,2.5,Switzerland,,12814,Switzerland,,Switzerland
Argentina,0,3,0,2.5,Madagascar,,12814,Madagascar,,Madagascar
Argentina,0,3,0,2.5,Cuba,,12814,Cuba,,Cuba
Argentina,0,3,0,2.5,Argentina,,12814,Argentina,,Argentina
Argentina,0,3,0,2.5,Colombia,,12814,Colombia,,Colombia
Argentina,0,3,0,2.5,Russia,,12814,Russia,,Russia
Argentina,0,3,0,2.5,Costa Rica,,12814,Costa Rica,,Costa Rica
Argentina,0,3,0,2.5,Cuba,,12814,Cuba,,Cuba
Argentina,0,3,0,2.5,France,,12814,France,,France
Argentina,0,3,0,2.5,Mexico,,12814,Mexico,,Mexico
Argentina,0,3,0,2.5,United Kingdom,,12814,United Kingdom,,United Kingdom
Argentina,0,3,0,2.5,United States,,12814,United States,,United States
Argentina,0,3,0,2.5,Chile,,12814,Chile,,Chile
Argentina,0,3,0,2.5,China,,12814,China,,China
Argentina,0,3,0,2.5,United States,,12814,United States,,United States
Argentina,0,3,0,2.5,Paraguay,,12814,Paraguay,,Paraguay
Argentina,0,3,0,2.5,Australia,,12814,Australia,,Australia
Argentina,0,3,0,2.5,China,,12814,China,,China
Argentina,0,3,0,2.5,Germany,,12814,Germany,,Germany
Argentina,0,3,0,2.5,Italy,,12814,Italy,,Italy
Argentina,0,3,0,2.5,Switzerland,,12814,Switzerland,,Switzerland
Argentina,0,3,0,2.5,China,,12814,China,,China
Argentina,0,3,0,2.5,China,,12814,China,,China
Argentina,0,3,0,2.5,Argentina,,12814,Argentina,,Argentina
Argentina,0,3,0,2.5,Iran,,12814,Iran,,Iran
Argentina,0,3,0,2.5,Bolivia,,12814,Bolivia,,Bolivia
Argentina,0,3,0,2.5,Brazil,,12814,Brazil,,Brazil
Argentina,0,3,0,2.5,Central African Republic,,12814,Central African Republic,,Central African Republic
Argentina,0,3,0,2.5,Cambodia,,12814,Cambodia,,Cambodia
Argentina,0,3,0,2.5,Colombia,,12814,Colombia,,Colombia
Argentina,0,3,0,2.5,Cameroon,,12814,Cameroon,,Cameroon
Argentina,0,3,0,2.5,Cuba,,12814,Cuba,,Cuba
Argentina,0,3,0,2.5,India,,12814,India,,India
Argentina,0,3,0,2.5,Nigeria,,12814,Nigeria,,Nigeria
Argentina,0,3,0,2.5,South Africa,,12814,South Africa,,South Africa
Argentina,0,3,0,2.5,Argentina,,12814,Argentina,,Argentina
Argentina,0,3,0,2.5,Colombia,,12814,Colombia,,Colombia
Argentina,0,3,0,2.5,Spain,,12814,Spain,,Spain
Argentina,0,3,0,2.5,Argentina,,12814,Argentina,,Argentina
Argentina,0,3,0,2.5,Uruguay,,12814,Uruguay,,Uruguay
Argentina,0,3,0,2.5,Argentina,,12814,Argentina,,Argentina
Argentina,0,3,0,2.5,United States,,12814,United States,,United States
Argentina,0,3,0,2.5,Argentina,,12814,Argentina,,Argentina
Argentina,0,3,0,2.5,Uruguay,,12814,Uruguay,,Uruguay
Argentina,0,3,0,2.5,United States,,12814,United States,,United States
Argentina,0,3,0,2.5,Cuba,,12814,Cuba,,Cuba
Argentina,0,3,0,2.5,Morocco,,12814,Morocco,,Morocco
Argentina,0,3,0,2.5,Argentina,,12814,Argentina,,Argentina
Argentina,0,3,0,2.5,Brazil,,12814,Brazil,,Brazil
Argentina,0,3,0,2.5,United Kingdom,,12814,United Kingdom,,United Kingdom
Argentina,0,3,0,2.5,Italy,,12814,Italy,,Italy
Argentina,0,3,0,2.5,France,,12814,France,,France
Argentina,0,3,0,2.5,Colombia,,12814,Colombia,,Colombia
Argentina,0,3,0,2.5,Bolivia,,12814,Bolivia,,Bolivia
Argentina,0,3,0,2.5,Argentina,,12814,Argentina,,Argentina
Argentina,0,3,0,2.5,Argentina,,12814,Argentina,,Argentina
Argentina,0,3,0,2.5,United States,,12814,United States,,United States
Argentina,0,3,0,2.5,United States,,12814,United States,,United States
Argentina,0,3,0,2.5,Russia,,12814,Russia,,Russia
Argentina,0,3,0,2.5,Argentina,,12814,Argentina,,Argentina
Argentina,0,3,0,2.5,Italy,,12814,Italy,,Italy
Argentina,0,3,0,2.5,Armenia,,12814,Armenia,,Armenia
Argentina,0,3,0,2.5,Brazil,,12814,Brazil,,Brazil
Argentina,0,3,0,2.5,Uruguay,,12814,Uruguay,,Uruguay
Argentina,0,3,0,2.5,Paraguay,,12814,Paraguay,,Paraguay
Argentina,0,3,0,2.5,Italy,,12814,Italy,,Italy
Argentina,0,3,0,2.5,Colombia,,12814,Colombia,,Colombia
Argentina,0,3,0,2.5,Germany,,12814,Germany,,Germany
Argentina,0,3,0,2.5,Dominican Republic,,12814,Dominican Republic,,Dominican Republic
Argentina,0,3,0,2.5,Argentina,,12814,Argentina,,Argentina
Argentina,0,3,0,2.5,Mexico,,12814,Mexico,,Mexico
Argentina,0,3,0,2.5,Argentina,,12814,Argentina,,Argentina
Argentina,0,3,0,2.5,United States,,12814,United States,,United States
Argentina,0,3,0,2.5,Argentina,,12814,Argentina,,Argentina
Argentina,0,3,0,2.5,China,,12814,China,,China
Argentina,0,3,0,2.5,Argentina,,12814,Argentina,,Argentina
Argentina,0,3,0,2.5,Colombia,,12814,Colombia,,Colombia
Argentina,0,3,0,2.5,China,,12814,China,,China
Argentina,0,3,0,2.5,Bolivia,,12814,Bolivia,,Bolivia
Argentina,0,3,0,2.5,Germany,,12814,Germany,,Germany
Argentina,0,3,0,2.5,Iraq,,12814,Iraq,,Iraq
Argentina,0,3,0,2.5,Ecuador,,12814,Ecuador,,Ecuador
Argentina,0,3,0,2.5,Pakistan,,12814,Pakistan,,Pakistan
Argentina,0,3,0,2.5,Argentina,,12814,Argentina,,Argentina
Argentina,0,3,0,2.5,France,,12814,France,,France
Argentina,0,3,0,2.5,Dominican Republic,,12814,Dominican Republic,,Dominican Republic
Argentina,0,3,0,2.5,Argentina,,12814,Argentina,,Argentina
Argentina,0,3,0,2.5,France,,12814,France,,France
Argentina,0,3,0,2.5,India,,12814,India,,India
Argentina,0,3,0,2.5,Brazil,,12814,Brazil,,Brazil
Argentina,0,3,0,2.5,Portugal,,12814,Portugal,,Portugal
Argentina,0,3,0,2.5,Brazil,,12814,Brazil,,Brazil
Argentina,0,3,0,2.5,Mexico,,12814,Mexico,,Mexico
Argentina,0,3,0,2.5,United States,,12814,United States,,United States
Argentina,0,3,0,2.5,Argentina,,12814,Argentina,,Argentina
Argentina,0,3,0,2.5,Peru,,12814,Peru,,Peru
Argentina,0,3,0,2.5,Ireland,,12814,Ireland,,Ireland
Argentina,0,3,0,2.5,Argentina,,12814,Argentina,,Argentina
Argentina,0,3,0,2.5,Argentina,,12814,Argentina,,Argentina
Argentina,0,3,0,2.5,Argentina,,12814,Argentina,,Argentina
Argentina,0,3,0,2.5,Brazil,,12814,Brazil,,Brazil
Argentina,0,3,0,2.5,Colombia,,12814,Colombia,,Colombia
Argentina,0,3,0,2.5,Argentina,,12814,Argentina,,Argentina
Argentina,0,3,0,2.5,Brazil,,12814,Brazil,,Brazil
Argentina,0,3,0,2.5,Colombia,,12814,Colombia,,Colombia
Argentina,0,3,0,2.5,Argentina,,12814,Argentina,,Argentina
Argentina,0,3,0,2.5,Argentina,,12814,Argentina,,Argentina
Argentina,0,3,0,2.5,Brazil,,12814,Brazil,,Brazil
Argentina,0,3,0,2.5,Argentina,,12814,Argentina,,Argentina
Argentina,0,3,0,2.5,Argentina,,12814,Argentina,,Argentina
Argentina,0,3,0,2.5,Bolivia,,12814,Bolivia,,Bolivia
Argentina,0,3,0,2.5,Paraguay,,12814,Paraguay,,Paraguay
Argentina,0,3,0,2.5,Brazil,,12814,Brazil,,Brazil
Argentina,0,3,0,2.5,Colombia,,12814,Colombia,,Colombia
Argentina,0,3,0,2.5,Mexico,,12814,Mexico,,Mexico
Argentina,0,3,0,2.5,Argentina,,12814,Argentina,,Argentina
Argentina,0,3,0,2.5,Bahamas,,12814,Bahamas,,Bahamas
Argentina,0,3,0,2.5,Colombia,,12814,Colombia,,Colombia
Argentina,0,3,0,2.5,Chile,,12814,Chile,,Chile
Argentina,0,3,0,2.5,Costa Rica,,12814,Costa Rica,,Costa Rica
Argentina,0,3,0,2.5,Brazil,,12814,Brazil,,Brazil
Argentina,0,3,0,2.5,Colombia,,12814,Colombia,,Colombia
Argentina,0,3,0,2.5,Costa Rica,,12814,Costa Rica,,Costa Rica
Argentina,0,3,0,2.5,Dominica,,12814,Dominica,,Dominica
Argentina,0,3,0,2.5,Argentina,,12814,Argentina,,Argentina
Argentina,0,3,0,2.5,Argentina,,12814,Argentina,,Argentina
Argentina,0,3,0,2.5,Paraguay,,12814,Paraguay,,Paraguay
Argentina,0,3,0,2.5,Argentina,,12814,Argentina,,Argentina
Argentina,0,3,0,2.5,Brazil,,12814,Brazil,,Brazil
Argentina,0,3,0,2.5,Argentina,,12814,Argentina,,Argentina
Argentina,0,3,0,2.5,United Kingdom,,12814,United Kingdom,,United Kingdom
Argentina,0,3,0,2.5,France,,12814,France,,France
Argentina,0,3,0,2.5,Brazil,,12814,Brazil,,Brazil
Argentina,0,3,0,2.5,Brazil,,12814,Brazil,,Brazil
Argentina,0,3,0,2.5,Dominican Republic,,12814,Dominican Republic,,Dominican Republic
Argentina,0,3,0,2.5,Italy,,12814,Italy,,Italy
Argentina,0,3,0,2.5,France,,12814,France,,France
Argentina,0,3,0,2.5,Germany,,12814,Germany,,Germany
Argentina,0,3,0,2.5,United States,,12814,United States,,United States
Argentina,0,3,0,2.5,Belgium,,12814,Belgium,,Belgium
Argentina,0,3,0,2.5,Brazil,,12814,Brazil,,Brazil
Argentina,0,3,0,2.5,Egypt,,12814,Egypt,,Egypt
Argentina,0,3,0,2.5,Chile,,12814,Chile,,Chile
Argentina,0,3,0,2.5,Italy,,12814,Italy,,Italy
Argentina,0,3,0,2.5,Honduras,,12814,Honduras,,Honduras
Argentina,0,3,0,2.5,Germany,,12814,Germany,,Germany
Argentina,0,3,0,2.5,Israel,,12814,Israel,,Israel
Argentina,0,3,0,2.5,Austria,,12814,Austria,,Austria
Argentina,0,3,0,2.5,Cuba,,12814,Cuba,,Cuba
Argentina,0,3,0,2.5,Slovakia,,12814,Slovakia,,Slovakia
Argentina,0,3,0,2.5,Türkiye,,12814,Türkiye,,Türkiye
Argentina,0,3,0,2.5,Argentina,,12814,Argentina,,Argentina
Argentina,0,3,0,2.5,China,,12814,China,,China
Argentina,0,3,0,2.5,Argentina,,12814,Argentina,,Argentina
Argentina,0,3,0,2.5,Cameroon,,12814,Cameroon,,Cameroon
Argentina,0,3,0,2.5,Russia,,12814,Russia,,Russia
Argentina,0,3,0,2.5,Denmark,,12814,Denmark,,Denmark
Argentina,0,3,0,2.5,Brazil,,12814,Brazil,,Brazil
Argentina,0,3,0,2.5,Ethiopia,,12814,Ethiopia,,Ethiopia
Argentina,0,3,0,2.5,China,,12814,China,,China
Argentina,0,3,0,2.5,Norway,,12814,Norway,,Norway
Argentina,0,3,0,2.5,Portugal,,12814,Portugal,,Portugal
Argentina,0,3,0,2.5,Mexico,,12814,Mexico,,Mexico
Argentina,0,3,0,2.5,Bahamas,,12814,Bahamas,,Bahamas
Argentina,0,3,0,2.5,China,,12814,China,,China
Argentina,0,3,0,2.5,Norway,,12814,Norway,,Norway
Argentina,0,3,0,2.5,Russia,,12814,Russia,,Russia
Argentina,0,3,0,2.5,Bahamas,,12814,Bahamas,,Bahamas
Argentina,0,3,0,2.5,France,,12814,France,,France
Argentina,0,3,0,2.5,Ireland,,12814,Ireland,,Ireland
Argentina,0,3,0,2.5,Italy,,12814,Italy,,Italy
Argentina,0,3,0,2.5,Andorra,,12814,Andorra,,Andorra
Argentina,0,3,0,2.5,Japan,,12814,Japan,,Japan
Argentina,0,3,0,2.5,Vietnam,,12814,Vietnam,,Vietnam
Argentina,0,3,0,2.5,Mexico,,12814,Mexico,,Mexico
Argentina,0,3,0,2.5,Italy,,12814,Italy,,Italy
Argentina,0,3,0,2.5,Mozambique,,12814,Mozambique,,Mozambique
Argentina,0,3,0,2.5,India,,12814,India,,India
Argentina,0,3,0,2.5,Argentina,,12814,Argentina,,Argentina
Argentina,0,3,0,2.5,Peru,,12814,Peru,,Peru
Argentina,0,3,0,2.5,Dominican Republic,,12814,Dominican Republic,,Dominican Republic
Argentina,0,3,0,2.5,Brazil,,12814,Brazil,,Brazil
Argentina,0,3,0,2.5,Ecuador,,12814,Ecuador,,Ecuador
Argentina,0,3,0,2.5,Japan,,12814,Japan,,Japan
Argentina,0,3,0,2.5,Germany,,12814,Germany,,Germany
Argentina,0,3,0,2.5,Uruguay,,12814,Uruguay,,Uruguay
Argentina,0,3,0,2.5,China,,12814,China,,China
Argentina,0,3,0,2.5,Argentina,,12814,Argentina,,Argentina
Argentina,0,3,0,2.5,South Korea,,12814,South Korea,,South Korea
Argentina,0,3,0,2.5,Paraguay,,12814,Paraguay,,Paraguay
Argentina,0,3,0,2.5,Italy,,12814,Italy,,Italy
Argentina,0,3,0,2.5,China,,12814,China,,China
Argentina,0,3,0,2.5,India,,12814,India,,India
Argentina,0,3,0,2.5,Chile,,12814,Chile,,Chile
Argentina,0,3,0,2.5,Russia,,12814,Russia,,Russia
Argentina,0,3,0,2.5,Argentina,,12814,Argentina,,Argentina
Argentina,0,3,0,2.5,Argentina,,12814,Argentina,,Argentina
Argentina,0,3,0,2.5,Argentina,,12814,Argentina,,Argentina
Argentina,0,3,0,2.5,Belarus,,12814,Belarus,,Belarus
Argentina,0,3,0,2.5,Bolivia,,12814,Bolivia,,Bolivia
Argentina,0,3,0,2.5,Brazil,,12814,Brazil,,Brazil
Argentina,0,3,0,2.5,Algeria,,12814,Algeria,,Algeria
Argentina,0,3,0,2.5,Angola,,12814,Angola,,Angola
Argentina,0,3,0,2.5,Cuba,,12814,Cuba,,Cuba
Argentina,0,3,0,2.5,Cabo Verde,,12814,Cabo Verde,,Cabo Verde
Argentina,0,3,0,2.5,Israel,,12814,Israel,,Israel
Argentina,0,3,0,2.5,United Arab Emirates,,12814,United Arab Emirates,,United Arab Emirates
Argentina,0,3,0,2.5,Brazil,,12814,Brazil,,Brazil
Argentina,0,3,0,2.5,Argentina,,12814,Argentina,,Argentina
Argentina,0,3,0,2.5,Bolivia,,12814,Bolivia,,Bolivia
Argentina,0,3,0,2.5,Germany,,12814,Germany,,Germany
Argentina,0,3,0,2.5,Argentina,,12814,Argentina,,Argentina
Argentina,0,3,0,2.5,Argentina,,12814,Argentina,,Argentina
Argentina,0,3,0,2.5,Argentina,,12814,Argentina,,Argentina
Argentina,0,3,0,2.5,Australia,,12814,Australia,,Australia
Argentina,0,3,0,2.5,India,,12814,India,,India
Argentina,0,3,0,2.5,Mexico,,12814,Mexico,,Mexico
Argentina,0,3,0,2.5,Mexico,,12814,Mexico,,Mexico
Colombia,0,3,0,2.5,China,,66,China,,China
Argentina,0,3,0,2.5,Argentina,,12814,Argentina,,Argentina
Argentina,0,3,0,2.5,Argentina,,12814,Argentina,,Argentina
Argentina,0,3,0,2.5,Brazil,,12814,Brazil,,Brazil
Argentina,0,3,0,2.5,Argentina,,12814,Argentina,,Argentina
Argentina,0,3,0,2.5,Argentina,,12814,Argentina,,Argentina
Argentina,0,3,0,2.5,Argentina,,12814,Argentina,,Argentina
Argentina,0,3,0,2.5,United Arab Emirates,,12814,United Arab Emirates,,United Arab Emirates
Argentina,0,3,0,2.5,Argentina,,12814,Argentina,,Argentina
Argentina,0,3,0,2.5,Argentina,,12814,Argentina,,Argentina
Argentina,0,3,0,2.5,Chile,,12814,Chile,,Chile
Argentina,0,3,0,2.5,Bolivia,,12814,Bolivia,,Bolivia
Argentina,0,3,0,2.5,Argentina,,12814,Argentina,,Argentina
Argentina,0,3,0,2.5,Andorra,,12814,Andorra,,Andorra
Argentina,0,3,0,2.5,Argentina,,12814,Argentina,,Argentina
Argentina,0,3,0,2.5,Brazil,,12814,Brazil,,Brazil
Argentina,0,3,0,2.5,Israel,,12814,Israel,,Israel
Argentina,0,3,0,2.5,Australia,,12814,Australia,,Australia
Argentina,0,3,0,2.5,Mexico,,12814,Mexico,,Mexico
Argentina,0,3,0,2.5,Argentina,,12814,Argentina,,Argentina
Argentina,0,3,0,2.5,Canada,,12814,Canada,,Canada
Argentina,0,3,0,2.5,Argentina,,12814,Argentina,,Argentina
Argentina,0,3,0,2.5,Chile,,12814,Chile,,Chile
Argentina,0,3,0,2.5,Italy,,12814,Italy,,Italy
Argentina,0,3,0,2.5,Canada,,12814,Canada,,Canada
Argentina,0,3,0,2.5,Uruguay,,12814,Uruguay,,Uruguay
Argentina,0,3,0,2.5,Afghanistan,,12814,Afghanistan,,Afghanistan
Argentina,0,3,0,2.5,Azerbaijan,,12814,Azerbaijan,,Azerbaijan
Argentina,0,3,0,2.5,China,,12814,China,,China
Argentina,0,3,0,2.5,Costa Rica,,12814,Costa Rica,,Costa Rica
Argentina,0,3,0,2.5,Brazil,,12814,Brazil,,Brazil
Argentina,0,3,0,2.5,Russia,,12814,Russia,,Russia
Argentina,0,3,0,2.5,Italy,,12814,Italy,,Italy
Argentina,0,3,0,2.5,United States,,12814,United States,,United States
Argentina,0,3,0,2.5,Peru,,12814,Peru,,Peru
Argentina,0,3,0,2.5,Germany,,12814,Germany,,Germany
Argentina,0,3,0,2.5,Bolivia,,12814,Bolivia,,Bolivia
Argentina,0,3,0,2.5,Germany,,12814,Germany,,Germany
Argentina,0,3,0,2.5,DR Congo,,12814,DR Congo,,DR Congo
Argentina,0,3,0,2.5,Brazil,,12814,Brazil,,Brazil
Argentina,0,3,0,2.5,Argentina,,12814,Argentina,,Argentina
Argentina,0,3,0,2.5,Argentina,,12814,Argentina,,Argentina
Argentina,0,3,0,2.5,Argentina,,12814,Argentina,,Argentina
Argentina,0,3,0,2.5,Argentina,,12814,Argentina,,Argentina
Argentina,0,3,0,2.5,Algeria,,12814,Algeria,,Algeria
Argentina,0,3,0,2.5,United States,,12814,United States,,United States
Argentina,0,3,0,2.5,Brazil,,12814,Brazil,,Brazil
Argentina,0,3,0,2.5,Brazil,,12814,Brazil,,Brazil
Argentina,0,3,0,2.5,Japan,,12814,Japan,,Japan
Argentina,0,3,0,2.5,United States,,12814,United States,,United States
Argentina,0,3,0,2.5,Iran,,12814,Iran,,Iran
Argentina,0,3,0,2.5,Brazil,,12814,Brazil,,Brazil
Argentina,0,3,0,2.5,Germany,,12814,Germany,,Germany
Argentina,0,3,0,2.5,Italy,,12814,Italy,,Italy
Argentina,0,3,0,2.5,France,,12814,France,,France
Argentina,0,3,0,2.5,Argentina,,12814,Argentina,,Argentina
Argentina,0,3,0,2.5,Argentina,,12814,Argentina,,Argentina
Argentina,0,3,0,2.5,Argentina,,12814,Argentina,,Argentina
Argentina,0,3,0,2.5,Australia,,12814,Australia,,Australia
Argentina,0,3,0,2.5,Afghanistan,,12814,Afghanistan,,Afghanistan
Argentina,0,3,0,2.5,Algeria,,12814,Algeria,,Algeria
Argentina,0,3,0,2.5,Bolivia,,12814,Bolivia,,Bolivia
Argentina,0,3,0,2.5,Chile,,12814,Chile,,Chile
Argentina,0,3,0,2.5,Brazil,,12814,Brazil,,Brazil
Argentina,0,3,0,2.5,Azerbaijan,,12814,Azerbaijan,,Azerbaijan
Argentina,0,3,0,2.5,Cambodia,,12814,Cambodia,,Cambodia
Argentina,0,3,0,2.5,Angola,,12814,Angola,,Angola
Argentina,0,3,0,2.5,United States,,12814,United States,,United States
Argentina,0,3,0,2.5,Germany,,12814,Germany,,Germany
Argentina,0,3,0,2.5,Mexico,,12814,Mexico,,Mexico
Argentina,0,3,0,2.5,Brazil,,12814,Brazil,,Brazil
Argentina,0,3,0,2.5,Finland,,12814,Finland,,Finland
Argentina,0,3,0,2.5,Switzerland,,12814,Switzerland,,Switzerland
Argentina,0,3,0,2.5,Peru,,12814,Peru,,Peru
Argentina,0,3,0,2.5,Brazil,,12814,Brazil,,Brazil
Argentina,0,3,0,2.5,Afghanistan,,12814,Afghanistan,,Afghanistan
Argentina,0,3,0,2.5,Switzerland,,12814,Switzerland,,Switzerland
Argentina,0,3,0,2.5,Argentina,,12814,Argentina,,Argentina
Argentina,0,3,0,2.5,Argentina,,12814,Argentina,,Argentina
Argentina,0,3,0,2.5,Argentina,,12814,Argentina,,Argentina
Argentina,0,3,0,2.5,Argentina,,12814,Argentina,,Argentina
Argentina,0,3,0,2.5,Australia,,12814,Australia,,Australia
Argentina,0,3,0,2.5,Argentina,,12814,Argentina,,Argentina
Argentina,0,3,0,2.5,Brazil,,12814,Brazil,,Brazil
Argentina,0,3,0,2.5,Mongolia,,12814,Mongolia,,Mongolia
Argentina,0,3,0,2.5,Brazil,,12814,Brazil,,Brazil
Argentina,0,3,0,2.5,France,,12814,France,,France
Argentina,0,3,0,2.5,Brazil,,12814,Brazil,,Brazil
Argentina,0,3,0,2.5,Japan,,12814,Japan,,Japan
Argentina,0,3,0,2.5,United States,,12814,United States,,United States
Argentina,0,3,0,2.5,Peru,,12814,Peru,,Peru
Argentina,0,3,0,2.5,United Kingdom,,12814,United Kingdom,,United Kingdom
Argentina,0,3,0,2.5,Argentina,,12814,Argentina,,Argentina
Argentina,0,3,0,2.5,Brazil,,12814,Brazil,,Brazil
Argentina,0,3,0,2.5,Argentina,,12814,Argentina,,Argentina
Argentina,0,3,0,2.5,France,,12814,France,,France
Argentina,0,3,0,2.5,France,,12814,France,,France
Argentina,0,3,0,2.5,Uruguay,,12814,Uruguay,,Uruguay
Argentina,0,3,0,2.5,Japan,,12814,Japan,,Japan
Argentina,0,3,0,2.5,Switzerland,,12814,Switzerland,,Switzerland
Argentina,0,3,0,2.5,Brazil,,12814,Brazil,,Brazil
Argentina,0,3,0,2.5,Bolivia,,12814,Bolivia,,Bolivia
Argentina,0,3,0,2.5,Argentina,,12814,Argentina,,Argentina
Argentina,0,3,0,2.5,France,,12814,France,,France
Argentina,0,3,0,2.5,Brazil,,12814,Brazil,,Brazil
Argentina,0,3,0,2.5,DR Congo,,12814,DR Congo,,DR Congo
Argentina,0,3,0,2.5,Belarus,,12814,Belarus,,Belarus
Argentina,0,3,0,2.5,France,,12814,France,,France
Argentina,0,3,0,2.5,Brazil,,12814,Brazil,,Brazil
Argentina,0,3,0,2.5,Uruguay,,12814,Uruguay,,Uruguay
Argentina,0,3,0,2.5,India,,12814,India,,India
Argentina,0,3,0,2.5,Bangladesh,,12814,Bangladesh,,Bangladesh
Argentina,0,3,0,2.5,Argentina,,12814,Argentina,,Argentina
Argentina,0,3,0,2.5,Brazil,,12814,Brazil,,Brazil
Argentina,0,3,0,2.5,Bolivia,,12814,Bolivia,,Bolivia
Argentina,0,3,0,2.5,Costa Rica,,12814,Costa Rica,,Costa Rica
Argentina,0,3,0,2.5,Jamaica,,12814,Jamaica,,Jamaica
Argentina,0,3,0,2.5,Iceland,,12814,Iceland,,Iceland
Argentina,0,3,0,2.5,Brazil,,12814,Brazil,,Brazil
Argentina,0,3,0,2.5,Mexico,,12814,Mexico,,Mexico
Argentina,0,3,0,2.5,Peru,,12814,Peru,,Peru
Argentina,0,3,0,2.5,Antigua and Barbuda,,12814,Antigua and Barbuda,,Antigua and Barbuda
Argentina,0,3,0,2.5,Ecuador,,12814,Ecuador,,Ecuador
Argentina,0,3,0,2.5,Colombia,,12814,Colombia,,Colombia
Argentina,0,3,0,2.5,Venezuela,,12814,Venezuela,,Venezuela
Argentina,0,3,0,2.5,Mexico,,12814,Mexico,,Mexico
Argentina,0,3,0,2.5,Colombia,,12814,Colombia,,Colombia
Argentina,0,3,0,2.5,Peru,,12814,Peru,,Peru
Argentina,0,3,0,2.5,Bolivia,,12814,Bolivia,,Bolivia
Argentina,0,3,0,2.5,Greece,,12814,Greece,,Greece
Argentina,0,3,0,2.5,Finland,,12814,Finland,,Finland
Argentina,0,3,0,2.5,Germany,,12814,Germany,,Germany
Argentina,0,3,0,2.5,Japan,,12814,Japan,,Japan
Argentina,0,3,0,2.5,United States,,12814,United States,,United States
Argentina,0,3,0,2.5,Brazil,,12814,Brazil,,Brazil
Argentina,0,3,0,2.5,Venezuela,,12814,Venezuela,,Venezuela
Argentina,0,3,0,2.5,Uruguay,,12814,Uruguay,,Uruguay
Argentina,0,3,0,2.5,Italy,,12814,Italy,,Italy
Argentina,0,3,0,2.5,Argentina,,12814,Argentina,,Argentina
Argentina,0,3,0,2.5,Mexico,,12814,Mexico,,Mexico
Argentina,0,3,0,2.5,Brazil,,12814,Brazil,,Brazil
Argentina,0,3,0,2.5,Italy,,12814,Italy,,Italy
Argentina,0,3,0,2.5,Haiti,,12814,Haiti,,Haiti
Argentina,0,3,0,2.5,Italy,,12814,Italy,,Italy
Argentina,0,3,0,2.5,Brazil,,12814,Brazil,,Brazil
Argentina,0,3,0,2.5,Denmark,,12814,Denmark,,Denmark
Argentina,0,3,0,2.5,France,,12814,France,,France
Argentina,0,3,0,2.5,Cameroon,,12814,Cameroon,,Cameroon
Argentina,0,3,0,2.5,Venezuela,,12814,Venezuela,,Venezuela
Argentina,0,3,0,2.5,Brazil,,12814,Brazil,,Brazil
Argentina,0,3,0,2.5,France,,12814,France,,France
Argentina,0,3,0,2.5,Angola,,12814,Angola,,Angola
Argentina,0,3,0,2.5,France,,12814,France,,France
Argentina,0,3,0,2.5,Germany,,12814,Germany,,Germany
Argentina,0,3,0,2.5,Colombia,,12814,Colombia,,Colombia
Argentina,0,3,0,2.5,Mexico,,12814,Mexico,,Mexico
Argentina,0,3,0,2.5,Germany,,12814,Germany,,Germany
Argentina,0,3,0,2.5,Italy,,12814,Italy,,Italy
Argentina,0,3,0,2.5,Peru,,12814,Peru,,Peru
Argentina,0,3,0,2.5,Germany,,12814,Germany,,Germany
Argentina,0,3,0,2.5,Brazil,,12814,Brazil,,Brazil
Argentina,0,3,0,2.5,Argentina,,12814,Argentina,,Argentina
Argentina,0,3,0,2.5,Argentina,,12814,Argentina,,Argentina
Argentina,0,3,0,2.5,Spain,,12814,Spain,,Spain
Argentina,0,3,0,2.5,France,,12814,France,,France
Argentina,0,3,0,2.5,Australia,,12814,Australia,,Australia
Argentina,0,3,0,2.5,Bolivia,,12814,Bolivia,,Bolivia
Argentina,0,3,0,2.5,Argentina,,12814,Argentina,,Argentina
Argentina,0,3,0,2.5,Argentina,,12814,Argentina,,Argentina
Argentina,0,3,0,2.5,Brazil,,12814,Brazil,,Brazil
Argentina,0,3,0,2.5,Argentina,,12814,Argentina,,Argentina
Argentina,0,3,0,2.5,Japan,,12814,Japan,,Japan
Argentina,0,3,0,2.5,Mexico,,12814,Mexico,,Mexico
Argentina,0,3,0,2.5,Brazil,,12814,Brazil,,Brazil
Argentina,0,3,0,2.5,Argentina,,12814,Argentina,,Argentina
Argentina,0,3,0,2.5,Brazil,,12814,Brazil,,Brazil
Argentina,0,3,0,2.5,Colombia,,12814,Colombia,,Colombia
Argentina,0,3,0,2.5,Iraq,,12814,Iraq,,Iraq
Argentina,0,3,0,2.5,Iran,,12814,Iran,,Iran
Argentina,0,3,0,2.5,Spain,,12814,Spain,,Spain
Argentina,0,3,0,2.5,Chile,,12814,Chile,,Chile
Argentina,0,3,0,2.5,Argentina,,12814,Argentina,,Argentina
Argentina,0,3,0,2.5,Brazil,,12814,Brazil,,Brazil
Argentina,0,3,0,2.5,Germany,,12814,Germany,,Germany
Argentina,0,3,0,2.5,Argentina,,12814,Argentina,,Argentina
Argentina,0,3,0,2.5,Argentina,,12814,Argentina,,Argentina
Argentina,0,3,0,2.5,Argentina,,12814,Argentina,,Argentina
Argentina,0,3,0,2.5,Australia,,12814,Australia,,Australia
Argentina,0,3,0,2.5,Australia,,12814,Australia,,Australia
Argentina,0,3,0,2.5,United States,,12814,United States,,United States
Argentina,0,3,0,2.5,Norway,,12814,Norway,,Norway
Argentina,0,3,0,2.5,China,,12814,China,,China
Argentina,0,3,0,2.5,Mexico,,12814,Mexico,,Mexico
Argentina,0,3,0,2.5,Italy,,12814,Italy,,Italy
Argentina,0,3,0,2.5,Algeria,,12814,Algeria,,Algeria
Argentina,0,3,0,2.5,Brazil,,12814,Brazil,,Brazil
Argentina,0,3,0,2.5,United States,,12814,United States,,United States
Argentina,0,3,0,2.5,Belgium,,12814,Belgium,,Belgium
Argentina,0,3,0,2.5,Cuba,,12814,Cuba,,Cuba
Argentina,0,3,0,2.5,France,,12814,France,,France
Argentina,0,3,0,2.5,Brazil,,12814,Brazil,,Brazil
Argentina,0,3,0,2.5,Bangladesh,,12814,Bangladesh,,Bangladesh
Argentina,0,3,0,2.5,Argentina,,12814,Argentina,,Argentina
Argentina,0,3,0,2.5,Brazil,,12814,Brazil,,Brazil
Argentina,0,3,0,2.5,United States,,12814,United States,,United States
Argentina,0,3,0,2.5,Australia,,12814,Australia,,Australia
Argentina,0,3,0,2.5,Italy,,12814,Italy,,Italy
Argentina,0,3,0,2.5,Italy,,12814,Italy,,Italy
Argentina,0,3,0,2.5,Venezuela,,12814,Venezuela,,Venezuela
Argentina,0,3,0,2.5,Argentina,,12814,Argentina,,Argentina
Argentina,0,3,0,2.5,Paraguay,,12814,Paraguay,,Paraguay
Argentina,0,3,0,2.5,Peru,,12814,Peru,,Peru
Argentina,0,3,0,2.5,India,,12814,India,,India
Argentina,0,3,0,2.5,Uruguay,,12814,Uruguay,,Uruguay
Argentina,0,3,0,2.5,Norway,,12814,Norway,,Norway
Argentina,0,3,0,2.5,Russia,,12814,Russia,,Russia
Argentina,0,3,0,2.5,Argentina,,12814,Argentina,,Argentina
Argentina,0,3,0,2.5,South Korea,,12814,South Korea,,South Korea
Argentina,0,3,0,2.5,Colombia,,12814,Colombia,,Colombia
Argentina,0,3,0,2.5,Argentina,,12814,Argentina,,Argentina
Argentina,0,3,0,2.5,Argentina,,12814,Argentina,,Argentina
Argentina,0,3,0,2.5,Argentina,,12814,Argentina,,Argentina
Argentina,0,3,0,2.5,Comoros,,12814,Comoros,,Comoros
Argentina,0,3,0,2.5,Argentina,,12814,Argentina,,Argentina
Argentina,0,3,0,2.5,Argentina,,12814,Argentina,,Argentina
Argentina,0,3,0,2.5,Argentina,,12814,Argentina,,Argentina
Argentina,0,3,0,2.5,Argentina,,12814,Argentina,,Argentina
Argentina,0,3,0,2.5,Argentina,,12814,Argentina,,Argentina
Argentina,0,3,0,2.5,Switzerland,,12814,Switzerland,,Switzerland
Argentina,0,3,0,2.5,Argentina,,12814,Argentina,,Argentina
Argentina,0,3,0,2.5,Austria,,12814,Austria,,Austria
Argentina,0,3,0,2.5,Belgium,,12814,Belgium,,Belgium
Argentina,0,3,0,2.5,Italy,,12814,Italy,,Italy
Argentina,0,3,0,2.5,Finland,,12814,Finland,,Finland
Argentina,0,3,0,2.5,Germany,,12814,Germany,,Germany
Argentina,0,3,0,2.5,Afghanistan,,12814,Afghanistan,,Afghanistan
Argentina,0,3,0,2.5,Argentina,,12814,Argentina,,Argentina
Argentina,0,3,0,2.5,Argentina,,12814,Argentina,,Argentina
Argentina,0,3,0,2.5,Argentina,,12814,Argentina,,Argentina
Argentina,0,3,0,2.5,Argentina,,12814,Argentina,,Argentina
Argentina,0,3,0,2.5,Argentina,,12814,Argentina,,Argentina
Argentina,0,3,0,2.5,Argentina,,12814,Argentina,,Argentina
Argentina,0,3,0,2.5,Argentina,,12814,Argentina,,Argentina
Argentina,0,3,0,2.5,Israel,,12814,Israel,,Israel
Argentina,0,3,0,2.5,Cuba,,12814,Cuba,,Cuba
Argentina,0,3,0,2.5,India,,12814,India,,India
Argentina,0,3,0,2.5,United Kingdom,,12814,United Kingdom,,United Kingdom
Argentina,0,3,0,2.5,United States,,12814,United States,,United States
Argentina,0,3,0,2.5,Brazil,,12814,Brazil,,Brazil
Argentina,0,3,0,2.5,Finland,,12814,Finland,,Finland
Argentina,0,3,0,2.5,Argentina,,12814,Argentina,,Argentina
Argentina,0,3,0,2.5,Denmark,,12814,Denmark,,Denmark
Argentina,0,3,0,2.5,Germany,,12814,Germany,,Germany
Argentina,0,3,0,2.5,Argentina,,12814,Argentina,,Argentina
Argentina,0,3,0,2.5,United Arab Emirates,,12814,United Arab Emirates,,United Arab Emirates
Argentina,0,3,0,2.5,Argentina,,12814,Argentina,,Argentina
Argentina,0,3,0,2.5,Chile,,12814,Chile,,Chile
Argentina,0,3,0,2.5,France,,12814,France,,France
Argentina,0,3,0,2.5,Germany,,12814,Germany,,Germany
Argentina,0,3,0,2.5,Switzerland,,12814,Switzerland,,Switzerland
Argentina,0,3,0,2.5,Austria,,12814,Austria,,Austria
Argentina,0,3,0,2.5,Germany,,12814,Germany,,Germany
Argentina,0,3,0,2.5,Saudi Arabia,,12814,Saudi Arabia,,Saudi Arabia
Argentina,0,3,0,2.5,Iran,,12814,Iran,,Iran
Argentina,0,3,0,2.5,Venezuela,,12814,Venezuela,,Venezuela
Argentina,0,3,0,2.5,Switzerland,,12814,Switzerland,,Switzerland
Argentina,0,3,0,2.5,Germany,,12814,Germany,,Germany
Argentina,0,3,0,2.5,Chile,,12814,Chile,,Chile
Argentina,0,3,0,2.5,Paraguay,,12814,Paraguay,,Paraguay
Argentina,0,3,0,2.5,Bolivia,,12814,Bolivia,,Bolivia
Argentina,0,3,0,2.5,Peru,,12814,Peru,,Peru
Argentina,0,3,0,2.5,Switzerland,,12814,Switzerland,,Switzerland
Argentina,0,3,0,2.5,Germany,,12814,Germany,,Germany
Argentina,0,3,0,2.5,Switzerland,,12814,Switzerland,,Switzerland
Argentina,0,3,0,2.5,Germany,,12814,Germany,,Germany
Argentina,0,3,0,2.5,Czechia,,12814,Czechia,,Czechia
Argentina,0,3,0,2.5,Azerbaijan,,12814,Azerbaijan,,Azerbaijan
Argentina,0,3,0,2.5,Argentina,,12814,Argentina,,Argentina
Argentina,0,3,0,2.5,Peru,,12814,Peru,,Peru
Argentina,0,3,0,2.5,India,,12814,India,,India
Argentina,0,3,0,2.5,Argentina,,12814,Argentina,,Argentina
Argentina,0,3,0,2.5,Colombia,,12814,Colombia,,Colombia
Argentina,0,3,0,2.5,Argentina,,12814,Argentina,,Argentina
Argentina,0,3,0,2.5,Colombia,,12814,Colombia,,Colombia
Argentina,0,3,0,2.5,France,,12814,France,,France
Argentina,0,3,0,2.5,Iceland,,12814,Iceland,,Iceland
Argentina,0,3,0,2.5,Argentina,,12814,Argentina,,Argentina
Argentina,0,3,0,2.5,Argentina,,12814,Argentina,,Argentina
Argentina,0,3,0,2.5,Bolivia,,12814,Bolivia,,Bolivia
Argentina,0,3,0,2.5,France,,12814,France,,France
Argentina,0,3,0,2.5,Mexico,,12814,Mexico,,Mexico
Argentina,0,3,0,2.5,Mexico,,12814,Mexico,,Mexico
Argentina,0,3,0,2.5,United States,,12814,United States,,United States
Argentina,0,3,0,2.5,Japan,,12814,Japan,,Japan
Argentina,0,3,0,2.5,South Korea,,12814,South Korea,,South Korea
Argentina,0,3,0,2.5,Germany,,12814,Germany,,Germany
Argentina,0,3,0,2.5,Germany,,12814,Germany,,Germany
Argentina,0,3,0,2.5,Italy,,12814,Italy,,Italy
Argentina,0,3,0,2.5,Saudi Arabia,,12814,Saudi Arabia,,Saudi Arabia
Argentina,0,3,0,2.5,India,,12814,India,,India
Argentina,0,3,0,2.5,Japan,,12814,Japan,,Japan
Argentina,0,3,0,2.5,China,,12814,China,,China
Argentina,0,3,0,2.5,South Korea,,12814,South Korea,,South Korea
Argentina,0,3,0,2.5,United States,,12814,United States,,United States
Argentina,0,3,0,2.5,Israel,,12814,Israel,,Israel
Argentina,0,3,0,2.5,Peru,,12814,Peru,,Peru
Argentina,0,3,0,2.5,United States,,12814,United States,,United States
Argentina,0,3,0,2.5,United Kingdom,,12814,United Kingdom,,United Kingdom
Argentina,0,3,0,2.5,Austria,,12814,Austria,,Austria
Argentina,0,3,0,2.5,Finland,,12814,Finland,,Finland
Argentina,0,3,0,2.5,Angola,,12814,Angola,,Angola
Argentina,0,3,0,2.5,United Kingdom,,12814,United Kingdom,,United Kingdom
Argentina,0,3,0,2.5,China,,12814,China,,China
Argentina,0,3,0,2.5,Brazil,,12814,Brazil,,Brazil
Argentina,0,3,0,2.5,Argentina,,12814,Argentina,,Argentina
Argentina,0,3,0,2.5,United States,,12814,United States,,United States
Argentina,0,3,0,2.5,Argentina,,12814,Argentina,,Argentina
Argentina,0,3,0,2.5,Chile,,12814,Chile,,Chile
Argentina,0,3,0,2.5,Peru,,12814,Peru,,Peru
Argentina,0,3,0,2.5,Argentina,,12814,Argentina,,Argentina
Argentina,0,3,0,2.5,Argentina,,12814,Argentina,,Argentina
Argentina,0,3,0,2.5,Uruguay,,12814,Uruguay,,Uruguay
Argentina,0,3,0,2.5,Argentina,,12814,Argentina,,Argentina
Argentina,0,3,0,2.5,Mexico,,12814,Mexico,,Mexico
Argentina,0,3,0,2.5,United Kingdom,,12814,United Kingdom,,United Kingdom
Argentina,0,3,0,2.5,Spain,,12814,Spain,,Spain
Argentina,0,3,0,2.5,Slovenia,,12814,Slovenia,,Slovenia
Argentina,0,3,0,2.5,Uzbekistan,,12814,Uzbekistan,,Uzbekistan
Argentina,0,3,0,2.5,Bahamas,,12814,Bahamas,,Bahamas
Argentina,0,3,0,2.5,Cote d'Ivoire,,12814,Cote d'Ivoire,,Cote d'Ivoire
Argentina,0,3,0,2.5,Costa Rica,,12814,Costa Rica,,Costa Rica
Argentina,0,3,0,2.5,Haiti,,12814,Haiti,,Haiti
Argentina,0,3,0,2.5,Honduras,,12814,Honduras,,Honduras
Argentina,0,3,0,2.5,Canada,,12814,Canada,,Canada
Argentina,0,3,0,2.5,Antigua and Barbuda,,12814,Antigua and Barbuda,,Antigua and Barbuda
Argentina,0,3,0,2.5,Bolivia,,12814,Bolivia,,Bolivia
Argentina,0,3,0,2.5,Chile,,12814,Chile,,Chile
Argentina,0,3,0,2.5,Paraguay,,12814,Paraguay,,Paraguay
Argentina,0,3,0,2.5,Ecuador,,12814,Ecuador,,Ecuador
Argentina,0,3,0,2.5,Colombia,,12814,Colombia,,Colombia
Argentina,0,3,0,2.5,Brazil,,12814,Brazil,,Brazil
Argentina,0,3,0,2.5,Japan,,12814,Japan,,Japan
Argentina,0,3,0,2.5,Argentina,,12814,Argentina,,Argentina
Argentina,0,3,0,2.5,China,,12814,China,,China
Argentina,0,3,0,2.5,Afghanistan,,12814,Afghanistan,,Afghanistan
Argentina,0,3,0,2.5,Central African Republic,,12814,Central African Republic,,Central African Republic
Argentina,0,3,0,2.5,Haiti,,12814,Haiti,,Haiti
Argentina,0,3,0,2.5,Mexico,,12814,Mexico,,Mexico
Argentina,0,3,0,2.5,Brazil,,12814,Brazil,,Brazil
Argentina,0,3,0,2.5,Canada,,12814,Canada,,Canada
Argentina,0,3,0,2.5,Belarus,,12814,Belarus,,Belarus
Argentina,0,3,0,2.5,Bosnia and Herzegovina,,12814,Bosnia and Herzegovina,,Bosnia and Herzegovina
Argentina,0,3,0,2.5,Bolivia,,12814,Bolivia,,Bolivia
Argentina,0,3,0,2.5,Colombia,,12814,Colombia,,Colombia
Argentina,0,3,0,2.5,Croatia,,12814,Croatia,,Croatia
Argentina,0,3,0,2.5,Ecuador,,12814,Ecuador,,Ecuador
Argentina,0,3,0,2.5,Argentina,,12814,Argentina,,Argentina
Argentina,0,3,0,2.5,China,,12814,China,,China
Argentina,0,3,0,2.5,Canada,,12814,Canada,,Canada
Argentina,0,3,0,2.5,Mexico,,12814,Mexico,,Mexico
Argentina,0,3,0,2.5,Cuba,,12814,Cuba,,Cuba
Argentina,0,3,0,2.5,Argentina,,12814,Argentina,,Argentina
Argentina,0,3,0,2.5,Spain,,12814,Spain,,Spain
Argentina,0,3,0,2.5,Argentina,,12814,Argentina,,Argentina
Argentina,0,3,0,2.5,France,,12814,France,,France
Argentina,0,3,0,2.5,Colombia,,12814,Colombia,,Colombia
Argentina,0,3,0,2.5,Argentina,,12814,Argentina,,Argentina
Argentina,0,3,0,2.5,Estonia,,12814,Estonia,,Estonia
Argentina,0,3,0,2.5,Brazil,,12814,Brazil,,Brazil
Argentina,0,3,0,2.5,Paraguay,,12814,Paraguay,,Paraguay
Argentina,0,3,0,2.5,Colombia,,12814,Colombia,,Colombia
Argentina,0,3,0,2.5,Egypt,,12814,Egypt,,Egypt
Argentina,0,3,0,2.5,Monaco,,12814,Monaco,,Monaco
Argentina,0,3,0,2.5,Australia,,12814,Australia,,Australia
Argentina,0,3,0,2.5,Bolivia,,12814,Bolivia,,Bolivia
Argentina,0,3,0,2.5,France,,12814,France,,France
Argentina,0,3,0,2.5,Angola,,12814,Angola,,Angola
Argentina,0,3,0,2.5,China,,12814,China,,China
Argentina,0,3,0,2.5,Chile,,12814,Chile,,Chile
Argentina,0,3,0,2.5,Italy,,12814,Italy,,Italy
Argentina,0,3,0,2.5,Switzerland,,12814,Switzerland,,Switzerland
Argentina,0,3,0,2.5,Bahamas,,12814,Bahamas,,Bahamas
Argentina,0,3,0,2.5,Dominican Republic,,12814,Dominican Republic,,Dominican Republic
Argentina,0,3,0,2.5,Mexico,,12814,Mexico,,Mexico
Argentina,0,3,0,2.5,Germany,,12814,Germany,,Germany
Argentina,0,3,0,2.5,Italy,,12814,Italy,,Italy
Argentina,0,3,0,2.5,France,,12814,France,,France
Argentina,0,3,0,2.5,Paraguay,,12814,Paraguay,,Paraguay
Argentina,0,3,0,2.5,Uruguay,,12814,Uruguay,,Uruguay
Argentina,0,3,0,2.5,Chile,,12814,Chile,,Chile
Argentina,0,3,0,2.5,Mexico,,12814,Mexico,,Mexico
Argentina,0,3,0,2.5,Brazil,,12814,Brazil,,Brazil
Argentina,0,3,0,2.5,China,,12814,China,,China
Argentina,0,3,0,2.5,South Korea,,12814,South Korea,,South Korea
Argentina,0,3,0,2.5,Argentina,,12814,Argentina,,Argentina
Argentina,0,3,0,2.5,Italy,,12814,Italy,,Italy
Argentina,0,3,0,2.5,Argentina,,12814,Argentina,,Argentina
Argentina,0,3,0,2.5,Argentina,,12814,Argentina,,Argentina
Argentina,0,3,0,2.5,Argentina,,12814,Argentina,,Argentina
Argentina,0,3,0,2.5,Argentina,,12814,Argentina,,Argentina
Argentina,0,3,0,2.5,Argentina,,12814,Argentina,,Argentina
Argentina,0,3,0,2.5,Argentina,,12814,Argentina,,Argentina
Argentina,0,3,0,2.5,Argentina,,12814,Argentina,,Argentina
Argentina,0,3,0,2.5,Argentina,,12814,Argentina,,Argentina
Argentina,0,3,0,2.5,Argentina,,12814,Argentina,,Argentina
Argentina,0,3,0,2.5,Argentina,,12814,Argentina,,Argentina
Argentina,0,3,0,2.5,Cuba,,12814,Cuba,,Cuba
Argentina,0,3,0,2.5,Argentina,,12814,Argentina,,Argentina
Argentina,0,3,0,2.5,Argentina,,12814,Argentina,,Argentina
Argentina,0,3,0,2.5,Bangladesh,,12814,Bangladesh,,Bangladesh
Argentina,0,3,0,2.5,Argentina,,12814,Argentina,,Argentina
Argentina,0,3,0,2.5,Venezuela,,12814,Venezuela,,Venezuela
Argentina,0,3,0,2.5,Brazil,,12814,Brazil,,Brazil
Argentina,0,3,0,2.5,Argentina,,12814,Argentina,,Argentina
Argentina,0,3,0,2.5,Argentina,,12814,Argentina,,Argentina
Argentina,0,3,0,2.5,Argentina,,12814,Argentina,,Argentina
Argentina,0,3,0,2.5,Argentina,,12814,Argentina,,Argentina
Argentina,0,3,0,2.5,Argentina,,12814,Argentina,,Argentina
Argentina,0,3,0,2.5,Argentina,,12814,Argentina,,Argentina
Argentina,0,3,0,2.5,France,,12814,France,,France
Argentina,0,3,0,2.5,Chile,,12814,Chile,,Chile
Argentina,0,3,0,2.5,Türkiye,,12814,Türkiye,,Türkiye
Argentina,0,3,0,2.5,Germany,,12814,Germany,,Germany
Argentina,0,3,0,2.5,Argentina,,12814,Argentina,,Argentina
Argentina,0,3,0,2.5,Italy,,12814,Italy,,Italy
Argentina,0,3,0,2.5,Brazil,,12814,Brazil,,Brazil
Argentina,0,3,0,2.5,Spain,,12814,Spain,,Spain
Argentina,0,3,0,2.5,Brazil,,12814,Brazil,,Brazil
Argentina,0,3,0,2.5,Uruguay,,12814,Uruguay,,Uruguay
Argentina,0,3,0,2.5,Colombia,,12814,Colombia,,Colombia
Argentina,0,3,0,2.5,Venezuela,,12814,Venezuela,,Venezuela
Argentina,0,3,0,2.5,United States,,12814,United States,,United States
Argentina,0,3,0,2.5,Switzerland,,12814,Switzerland,,Switzerland
Argentina,0,3,0,2.5,Sweden,,12814,Sweden,,Sweden
Argentina,0,3,0,2.5,Norway,,12814,Norway,,Norway
Argentina,0,3,0,2.5,Finland,,12814,Finland,,Finland
Argentina,0,3,0,2.5,Switzerland,,12814,Switzerland,,Switzerland
Argentina,0,3,0,2.5,Germany,,12814,Germany,,Germany
Argentina,0,3,0,2.5,Canada,,12814,Canada,,Canada
Argentina,0,3,0,2.5,Brazil,,12814,Brazil,,Brazil
Argentina,0,3,0,2.5,Argentina,,12814,Argentina,,Argentina
Argentina,0,3,0,2.5,United Kingdom,,12814,United Kingdom,,United Kingdom
Argentina,0,3,0,2.5,Norway,,12814,Norway,,Norway
Argentina,0,3,0,2.5,France,,12814,France,,France
Argentina,0,3,0,2.5,Brazil,,12814,Brazil,,Brazil
Argentina,0,3,0,2.5,Cabo Verde,,12814,Cabo Verde,,Cabo Verde
Argentina,0,3,0,2.5,Qatar,,12814,Qatar,,Qatar
Argentina,0,3,0,2.5,Mexico,,12814,Mexico,,Mexico
Argentina,0,3,0,2.5,Argentina,,12814,Argentina,,Argentina
Argentina,0,3,0,2.5,Germany,,12814,Germany,,Germany
Argentina,0,3,0,2.5,Malta,,12814,Malta,,Malta
Argentina,0,3,0,2.5,Colombia,,12814,Colombia,,Colombia
Argentina,0,3,0,2.5,Mexico,,12814,Mexico,,Mexico
Argentina,0,3,0,2.5,Iran,,12814,Iran,,Iran
Argentina,0,3,0,2.5,Brazil,,12814,Brazil,,Brazil
Argentina,0,3,0,2.5,Germany,,12814,Germany,,Germany
Argentina,0,3,0,2.5,United States,,12814,United States,,United States
Argentina,0,3,0,2.5,Italy,,12814,Italy,,Italy
Argentina,0,3,0,2.5,Japan,,12814,Japan,,Japan
Argentina,0,3,0,2.5,Norway,,12814,Norway,,Norway
Argentina,0,3,0,2.5,Sweden,,12814,Sweden,,Sweden
Argentina,0,3,0,2.5,Finland,,12814,Finland,,Finland
Argentina,0,3,0,2.5,Russia,,12814,Russia,,Russia
Argentina,0,3,0,2.5,United States,,12814,United States,,United States
Argentina,0,3,0,2.5,Saudi Arabia,,12814,Saudi Arabia,,Saudi Arabia
Argentina,0,3,0,2.5,Uruguay,,12814,Uruguay,,Uruguay
Argentina,0,3,0,2.5,Brazil,,12814,Brazil,,Brazil
Argentina,0,3,0,2.5,Pakistan,,12814,Pakistan,,Pakistan
Argentina,0,3,0,2.5,Finland,,12814,Finland,,Finland
Argentina,0,3,0,2.5,Norway,,12814,Norway,,Norway
Argentina,0,3,0,2.5,Argentina,,12814,Argentina,,Argentina
Argentina,0,3,0,2.5,Austria,,12814,Austria,,Austria
Argentina,0,3,0,2.5,Norway,,12814,Norway,,Norway
Argentina,0,3,0,2.5,Spain,,12814,Spain,,Spain
Argentina,0,3,0,2.5,United Kingdom,,12814,United Kingdom,,United Kingdom
Argentina,0,3,0,2.5,United States,,12814,United States,,United States
Argentina,0,3,0,2.5,Haiti,,12814,Haiti,,Haiti
Argentina,0,3,0,2.5,Bangladesh,,12814,Bangladesh,,Bangladesh
Argentina,0,3,0,2.5,India,,12814,India,,India
Argentina,0,3,0,2.5,Argentina,,12814,Argentina,,Argentina
Argentina,0,3,0,2.5,Argentina,,12814,Argentina,,Argentina
Argentina,0,3,0,2.5,Bahamas,,12814,Bahamas,,Bahamas
Argentina,0,3,0,2.5,Argentina,,12814,Argentina,,Argentina
Argentina,0,3,0,2.5,France,,12814,France,,France
Argentina,0,3,0,2.5,Finland,,12814,Finland,,Finland
Argentina,0,3,0,2.5,United States,,12814,United States,,United States
Argentina,0,3,0,2.5,France,,12814,France,,France
Argentina,0,3,0,2.5,Australia,,12814,Australia,,Australia
Argentina,0,3,0,2.5,Argentina,,12814,Argentina,,Argentina
Argentina,0,3,0,2.5,Cabo Verde,,12814,Cabo Verde,,Cabo Verde
Argentina,0,3,0,2.5,Chile,,12814,Chile,,Chile
Argentina,0,3,0,2.5,Argentina,,12814,Argentina,,Argentina
Argentina,0,3,0,2.5,Armenia,,12814,Armenia,,Armenia
Argentina,0,3,0,2.5,United States,,12814,United States,,United States
Argentina,0,3,0,2.5,France,,12814,France,,France
Argentina,0,3,0,2.5,United Arab Emirates,,12814,United Arab Emirates,,United Arab Emirates
Argentina,0,3,0,2.5,Spain,,12814,Spain,,Spain
Argentina,0,3,0,2.5,Argentina,,12814,Argentina,,Argentina
Argentina,0,3,0,2.5,China,,12814,China,,China
Argentina,0,3,0,2.5,Argentina,,12814,Argentina,,Argentina
Argentina,0,3,0,2.5,Uruguay,,12814,Uruguay,,Uruguay
Argentina,0,3,0,2.5,Chile,,12814,Chile,,Chile
Argentina,0,3,0,2.5,Australia,,12814,Australia,,Australia
Argentina,0,3,0,2.5,Argentina,,12814,Argentina,,Argentina
Argentina,0,3,0,2.5,Germany,,12814,Germany,,Germany
Argentina,0,3,0,2.5,Argentina,,12814,Argentina,,Argentina
Argentina,0,3,0,2.5,Argentina,,12814,Argentina,,Argentina
Argentina,0,3,0,2.5,France,,12814,France,,France
Argentina,0,3,0,2.5,France,,12814,France,,France
Argentina,0,3,0,2.5,Argentina,,12814,Argentina,,Argentina
Argentina,0,3,0,2.5,France,,12814,France,,France
Argentina,0,3,0,2.5,Japan,,12814,Japan,,Japan
Argentina,0,3,0,2.5,Russia,,12814,Russia,,Russia
Argentina,0,3,0,2.5,United States,,12814,United States,,United States
Argentina,0,3,0,2.5,Mexico,,12814,Mexico,,Mexico
Argentina,0,3,0,2.5,Uruguay,,12814,Uruguay,,Uruguay
Argentina,0,3,0,2.5,United States,,12814,United States,,United States
Argentina,0,3,0,2.5,Italy,,12814,Italy,,Italy
Argentina,0,3,0,2.5,Argentina,,12814,Argentina,,Argentina
Argentina,0,3,0,2.5,Argentina,,12814,Argentina,,Argentina
Argentina,0,3,0,2.5,Argentina,,12814,Argentina,,Argentina
Argentina,0,3,0,2.5,Brazil,,12814,Brazil,,Brazil
Argentina,0,3,0,2.5,Mexico,,12814,Mexico,,Mexico
Argentina,0,3,0,2.5,Japan,,12814,Japan,,Japan
Argentina,0,3,0,2.5,Australia,,12814,Australia,,Australia
Argentina,0,3,0,2.5,Argentina,,12814,Argentina,,Argentina
Argentina,0,3,0,2.5,Australia,,12814,Australia,,Australia
Argentina,0,3,0,2.5,Bangladesh,,12814,Bangladesh,,Bangladesh
Argentina,0,3,0,2.5,Argentina,,12814,Argentina,,Argentina
Argentina,0,3,0,2.5,Afghanistan,,12814,Afghanistan,,Afghanistan
Argentina,0,3,0,2.5,Cuba,,12814,Cuba,,Cuba
Argentina,0,3,0,2.5,Uruguay,,12814,Uruguay,,Uruguay
Argentina,0,3,0,2.5,Japan,,12814,Japan,,Japan
Argentina,0,3,0,2.5,Italy,,12814,Italy,,Italy
Argentina,0,3,0,2.5,France,,12814,France,,France
Argentina,0,3,0,2.5,Argentina,,12814,Argentina,,Argentina
Argentina,0,3,0,2.5,Mexico,,12814,Mexico,,Mexico
Argentina,0,3,0,2.5,Brazil,,12814,Brazil,,Brazil
Argentina,0,3,0,2.5,Chile,,12814,Chile,,Chile
Argentina,0,3,0,2.5,Italy,,12814,Italy,,Italy
Argentina,0,3,0,2.5,Switzerland,,12814,Switzerland,,Switzerland
Argentina,0,3,0,2.5,Argentina,,12814,Argentina,,Argentina
Argentina,0,3,0,2.5,Switzerland,,12814,Switzerland,,Switzerland
Argentina,0,3,0,2.5,China,,12814,China,,China
Argentina,0,3,0,2.5,Italy,,12814,Italy,,Italy
Argentina,0,3,0,2.5,Argentina,,12814,Argentina,,Argentina
Argentina,0,3,0,2.5,Argentina,,12814,Argentina,,Argentina
Argentina,0,3,0,2.5,Argentina,,12814,Argentina,,Argentina
Argentina,0,3,0,2.5,Argentina,,12814,Argentina,,Argentina
Argentina,0,3,0,2.5,Argentina,,12814,Argentina,,Argentina
Argentina,0,3,0,2.5,United States,,12814,United States,,United States
Argentina,0,3,0,2.5,Argentina,,12814,Argentina,,Argentina
Argentina,0,3,0,2.5,Chile,,12814,Chile,,Chile
Argentina,0,3,0,2.5,Venezuela,,12814,Venezuela,,Venezuela
Argentina,0,3,0,2.5,Argentina,,12814,Argentina,,Argentina
Argentina,0,3,0,2.5,France,,12814,France,,France
Argentina,0,3,0,2.5,Uruguay,,12814,Uruguay,,Uruguay
Argentina,0,3,0,2.5,Argentina,,12814,Argentina,,Argentina
Argentina,0,3,0,2.5,Argentina,,12814,Argentina,,Argentina
Argentina,0,3,0,2.5,Argentina,,12814,Argentina,,Argentina
Argentina,0,3,0,2.5,Argentina,,12814,Argentina,,Argentina
Argentina,0,3,0,2.5,Argentina,,12814,Argentina,,Argentina
Argentina,0,3,0,2.5,Brazil,,12814,Brazil,,Brazil
Argentina,0,3,0,2.5,Germany,,12814,Germany,,Germany
Argentina,0,3,0,2.5,Israel,,12814,Israel,,Israel
Argentina,0,3,0,2.5,United States,,12814,United States,,United States
Argentina,0,3,0,2.5,France,,12814,France,,France
Argentina,0,3,0,2.5,Italy,,12814,Italy,,Italy
Argentina,0,3,0,2.5,France,,12814,France,,France
Argentina,0,3,0,2.5,Brazil,,12814,Brazil,,Brazil
Argentina,0,3,0,2.5,Germany,,12814,Germany,,Germany
Argentina,0,3,0,2.5,Bolivia,,12814,Bolivia,,Bolivia
Argentina,0,3,0,2.5,Brazil,,12814,Brazil,,Brazil
Argentina,0,3,0,2.5,Colombia,,12814,Colombia,,Colombia
Argentina,0,3,0,2.5,Cuba,,12814,Cuba,,Cuba
Argentina,0,3,0,2.5,Venezuela,,12814,Venezuela,,Venezuela
Argentina,0,3,0,2.5,Italy,,12814,Italy,,Italy
Argentina,0,3,0,2.5,Mexico,,12814,Mexico,,Mexico
Argentina,0,3,0,2.5,Cuba,,12814,Cuba,,Cuba
Argentina,0,3,0,2.5,Dominican Republic,,12814,Dominican Republic,,Dominican Republic
Argentina,0,3,0,2.5,Colombia,,12814,Colombia,,Colombia
Argentina,0,3,0,2.5,Venezuela,,12814,Venezuela,,Venezuela
Argentina,0,3,0,2.5,Argentina,,12814,Argentina,,Argentina
Argentina,0,3,0,2.5,Chile,,12814,Chile,,Chile
Argentina,0,3,0,2.5,Brazil,,12814,Brazil,,Brazil
Argentina,0,3,0,2.5,Iran,,12814,Iran,,Iran
Argentina,0,3,0,2.5,Antigua and Barbuda,,12814,Antigua and Barbuda,,Antigua and Barbuda
Argentina,0,3,0,2.5,Colombia,,12814,Colombia,,Colombia
Argentina,0,3,0,2.5,United States,,12814,United States,,United States
Argentina,0,3,0,2.5,Mexico,,12814,Mexico,,Mexico
Argentina,0,3,0,2.5,Brazil,,12814,Brazil,,Brazil
Argentina,0,3,0,2.5,France,,12814,France,,France
Argentina,0,3,0,2.5,Italy,,12814,Italy,,Italy
Argentina,0,3,0,2.5,Peru,,12814,Peru,,Peru
Argentina,0,3,0,2.5,Costa Rica,,12814,Costa Rica,,Costa Rica
Argentina,0,3,0,2.5,United Kingdom,,12814,United Kingdom,,United Kingdom
Argentina,0,3,0,2.5,Japan,,12814,Japan,,Japan
Argentina,0,3,0,2.5,Argentina,,12814,Argentina,,Argentina
Argentina,0,3,0,2.5,Argentina,,12814,Argentina,,Argentina
Argentina,0,3,0,2.5,Colombia,,12814,Colombia,,Colombia
Argentina,0,3,0,2.5,Argentina,,12814,Argentina,,Argentina
Argentina,0,3,0,2.5,Bolivia,,12814,Bolivia,,Bolivia
Argentina,0,3,0,2.5,Japan,,12814,Japan,,Japan
Argentina,0,3,0,2.5,Chile,,12814,Chile,,Chile
Argentina,0,3,0,2.5,Bolivia,,12814,Bolivia,,Bolivia
Argentina,0,3,0,2.5,Andorra,,12814,Andorra,,Andorra
Argentina,0,3,0,2.5,Argentina,,12814,Argentina,,Argentina
Argentina,0,3,0,2.5,Argentina,,12814,Argentina,,Argentina
Argentina,0,3,0,2.5,Austria,,12814,Austria,,Austria
Argentina,0,3,0,2.5,Angola,,12814,Angola,,Angola
Argentina,0,3,0,2.5,Argentina,,12814,Argentina,,Argentina
Argentina,0,3,0,2.5,Argentina,,12814,Argentina,,Argentina
Argentina,0,3,0,2.5,Colombia,,12814,Colombia,,Colombia
Argentina,0,3,0,2.5,Bolivia,,12814,Bolivia,,Bolivia
Argentina,0,3,0,2.5,Peru,,12814,Peru,,Peru
Argentina,0,3,0,2.5,Argentina,,12814,Argentina,,Argentina
Argentina,0,3,0,2.5,Argentina,,12814,Argentina,,Argentina
Argentina,0,3,0,2.5,Brazil,,12814,Brazil,,Brazil
Argentina,0,3,0,2.5,Ireland,,12814,Ireland,,Ireland
Argentina,0,3,0,2.5,Japan,,12814,Japan,,Japan
Argentina,0,3,0,2.5,Canada,,12814,Canada,,Canada
Argentina,0,3,0,2.5,China,,12814,China,,China
Argentina,0,3,0,2.5,Argentina,,12814,Argentina,,Argentina
Argentina,0,3,0,2.5,Mexico,,12814,Mexico,,Mexico
Argentina,0,3,0,2.5,Argentina,,12814,Argentina,,Argentina
Argentina,0,3,0,2.5,Australia,,12814,Australia,,Australia
Argentina,0,3,0,2.5,Egypt,,12814,Egypt,,Egypt
Argentina,0,3,0,2.5,France,,12814,France,,France
Argentina,0,3,0,2.5,Belgium,,12814,Belgium,,Belgium
Argentina,0,3,0,2.5,Germany,,12814,Germany,,Germany
Argentina,0,3,0,2.5,Chile,,12814,Chile,,Chile
Argentina,0,3,0,2.5,France,,12814,France,,France
Argentina,0,3,0,2.5,France,,12814,France,,France
Argentina,0,3,0,2.5,Argentina,,12814,Argentina,,Argentina
Argentina,0,3,0,2.5,Argentina,,12814,Argentina,,Argentina
Argentina,0,3,0,2.5,Japan,,12814,Japan,,Japan
Argentina,0,3,0,2.5,Brazil,,12814,Brazil,,Brazil
Argentina,0,3,0,2.5,United States,,12814,United States,,United States
Argentina,0,3,0,2.5,Japan,,12814,Japan,,Japan
Argentina,0,3,0,2.5,Türkiye,,12814,Türkiye,,Türkiye
Argentina,0,3,0,2.5,France,,12814,France,,France
Argentina,0,3,0,2.5,Argentina,,12814,Argentina,,Argentina
Argentina,0,3,0,2.5,Chile,,12814,Chile,,Chile
Argentina,0,3,0,2.5,Argentina,,12814,Argentina,,Argentina
Argentina,0,3,0,2.5,Haiti,,12814,Haiti,,Haiti
Argentina,0,3,0,2.5,Cuba,,12814,Cuba,,Cuba
Argentina,0,3,0,2.5,Angola,,12814,Angola,,Angola
Argentina,0,3,0,2.5,Iraq,,12814,Iraq,,Iraq
Argentina,0,3,0,2.5,Ukraine,,12814,Ukraine,,Ukraine
Argentina,0,3,0,2.5,Argentina,,12814,Argentina,,Argentina
Argentina,0,3,0,2.5,France,,12814,France,,France
Argentina,0,3,0,2.5,United States,,12814,United States,,United States
Argentina,0,3,0,2.5,United Kingdom,,12814,United Kingdom,,United Kingdom
Argentina,0,3,0,2.5,Brazil,,12814,Brazil,,Brazil
Argentina,0,3,0,2.5,Greece,,12814,Greece,,Greece
Argentina,0,3,0,2.5,Italy,,12814,Italy,,Italy
Argentina,0,3,0,2.5,Spain,,12814,Spain,,Spain
Argentina,0,3,0,2.5,Argentina,,12814,Argentina,,Argentina
Argentina,0,3,0,2.5,Afghanistan,,12814,Afghanistan,,Afghanistan
Argentina,0,3,0,2.5,North Korea,,12814,North Korea,,North Korea
Argentina,0,3,0,2.5,South Korea,,12814,South Korea,,South Korea
Argentina,0,3,0,2.5,Germany,,12814,Germany,,Germany
Argentina,0,3,0,2.5,United Kingdom,,12814,United Kingdom,,United Kingdom
Argentina,0,3,0,2.5,Brazil,,12814,Brazil,,Brazil
Argentina,0,3,0,2.5,Dominican Republic,,12814,Dominican Republic,,Dominican Republic
Argentina,0,3,0,2.5,Argentina,,12814,Argentina,,Argentina
Argentina,0,3,0,2.5,Austria,,12814,Austria,,Austria
Argentina,0,3,0,2.5,Afghanistan,,12814,Afghanistan,,Afghanistan
Argentina,0,3,0,2.5,Bangladesh,,12814,Bangladesh,,Bangladesh
Argentina,0,3,0,2.5,Argentina,,12814,Argentina,,Argentina
Argentina,0,3,0,2.5,Brazil,,12814,Brazil,,Brazil
Argentina,0,3,0,2.5,Argentina,,12814,Argentina,,Argentina
Argentina,0,3,0,2.5,Brazil,,12814,Brazil,,Brazil
Argentina,0,3,0,2.5,Brazil,,12814,Brazil,,Brazil
Argentina,0,3,0,2.5,Japan,,12814,Japan,,Japan
Argentina,0,3,0,2.5,United States,,12814,United States,,United States
Argentina,0,3,0,2.5,Egypt,,12814,Egypt,,Egypt
Argentina,0,3,0,2.5,Argentina,,12814,Argentina,,Argentina
Argentina,0,3,0,2.5,Argentina,,12814,Argentina,,Argentina
Argentina,0,3,0,2.5,Venezuela,,12814,Venezuela,,Venezuela
Argentina,0,3,0,2.5,Colombia,,12814,Colombia,,Colombia
Argentina,0,3,0,2.5,France,,12814,France,,France
Argentina,0,3,0,2.5,Spain,,12814,Spain,,Spain
Argentina,0,3,0,2.5,Colombia,,12814,Colombia,,Colombia
Argentina,0,3,0,2.5,Colombia,,12814,Colombia,,Colombia
Argentina,0,3,0,2.5,Peru,,12814,Peru,,Peru
Argentina,0,3,0,2.5,Uruguay,,12814,Uruguay,,Uruguay
Argentina,0,3,0,2.5,Peru,,12814,Peru,,Peru
Argentina,0,3,0,2.5,United Arab Emirates,,12814,United Arab Emirates,,United Arab Emirates
Argentina,0,3,0,2.5,Argentina,,12814,Argentina,,Argentina
Argentina,0,3,0,2.5,Brazil,,12814,Brazil,,Brazil
Argentina,0,3,0,2.5,Argentina,,12814,Argentina,,Argentina
Argentina,0,3,0,2.5,Argentina,,12814,Argentina,,Argentina
Argentina,0,3,0,2.5,France,,12814,France,,France
Argentina,0,3,0,2.5,Canada,,12814,Canada,,Canada
Argentina,0,3,0,2.5,United States,,12814,United States,,United States
Argentina,0,3,0,2.5,Switzerland,,12814,Switzerland,,Switzerland
Argentina,0,3,0,2.5,Ireland,,12814,Ireland,,Ireland
Argentina,0,3,0,2.5,Peru,,12814,Peru,,Peru
Argentina,0,3,0,2.5,Argentina,,12814,Argentina,,Argentina
Argentina,0,3,0,2.5,Argentina,,12814,Argentina,,Argentina
Argentina,0,3,0,2.5,Uruguay,,12814,Uruguay,,Uruguay
Argentina,0,3,0,2.5,Brazil,,12814,Brazil,,Brazil
Argentina,0,3,0,2.5,Canada,,12814,Canada,,Canada
Argentina,0,3,0,2.5,Argentina,,12814,Argentina,,Argentina
Argentina,0,3,0,2.5,France,,12814,France,,France
Argentina,0,3,0,2.5,Russia,,12814,Russia,,Russia
Argentina,0,3,0,2.5,United States,,12814,United States,,United States
Argentina,0,3,0,2.5,United Arab Emirates,,12814,United Arab Emirates,,United Arab Emirates
Argentina,0,3,0,2.5,Brazil,,12814,Brazil,,Brazil
Argentina,0,3,0,2.5,Venezuela,,12814,Venezuela,,Venezuela
Argentina,0,3,0,2.5,Argentina,,12814,Argentina,,Argentina
Argentina,0,3,0,2.5,Brazil,,12814,Brazil,,Brazil
Argentina,0,3,0,2.5,Argentina,,12814,Argentina,,Argentina
Argentina,0,3,0,2.5,Argentina,,12814,Argentina,,Argentina
Argentina,0,3,0,2.5,France,,12814,France,,France
Argentina,0,3,0,2.5,France,,12814,France,,France
Argentina,0,3,0,2.5,Argentina,,12814,Argentina,,Argentina
Argentina,0,3,0,2.5,Australia,,12814,Australia,,Australia
Argentina,0,3,0,2.5,Brazil,,12814,Brazil,,Brazil
Argentina,0,3,0,2.5,Austria,,12814,Austria,,Austria
Argentina,0,3,0,2.5,Belgium,,12814,Belgium,,Belgium
Argentina,0,3,0,2.5,United States,,12814,United States,,United States
Argentina,0,3,0,2.5,Bolivia,,12814,Bolivia,,Bolivia
Argentina,0,3,0,2.5,Chile,,12814,Chile,,Chile
Argentina,0,3,0,2.5,Spain,,12814,Spain,,Spain
Argentina,0,3,0,2.5,Qatar,,12814,Qatar,,Qatar
Argentina,0,3,0,2.5,Haiti,,12814,Haiti,,Haiti
Argentina,0,3,0,2.5,China,,12814,China,,China
Argentina,0,3,0,2.5,China,,12814,China,,China
Argentina,0,3,0,2.5,Türkiye,,12814,Türkiye,,Türkiye
Argentina,0,3,0,2.5,Armenia,,12814,Armenia,,Armenia
Argentina,0,3,0,2.5,Brazil,,12814,Brazil,,Brazil
Argentina,0,3,0,2.5,United Kingdom,,12814,United Kingdom,,United Kingdom
Argentina,0,3,0,2.5,Spain,,12814,Spain,,Spain
Argentina,0,3,0,2.5,Ireland,,12814,Ireland,,Ireland
Argentina,0,3,0,2.5,Argentina,,12814,Argentina,,Argentina
Argentina,0,3,0,2.5,Bolivia,,12814,Bolivia,,Bolivia
Argentina,0,3,0,2.5,Antigua and Barbuda,,12814,Antigua and Barbuda,,Antigua and Barbuda
Argentina,0,3,0,2.5,United States,,12814,United States,,United States
Argentina,0,3,0,2.5,United Kingdom,,12814,United Kingdom,,United Kingdom
Argentina,0,3,0,2.5,Philippines,,12814,Philippines,,Philippines
Argentina,0,3,0,2.5,Brazil,,12814,Brazil,,Brazil
Argentina,0,3,0,2.5,Argentina,,12814,Argentina,,Argentina
Argentina,0,3,0,2.5,Australia,,12814,Australia,,Australia
Argentina,0,3,0,2.5,Bolivia,,12814,Bolivia,,Bolivia
Argentina,0,3,0,2.5,China,,12814,China,,China
Argentina,0,3,0,2.5,Canada,,12814,Canada,,Canada
Argentina,0,3,0,2.5,Cabo Verde,,12814,Cabo Verde,,Cabo Verde
Argentina,0,3,0,2.5,Angola,,12814,Angola,,Angola
Argentina,0,3,0,2.5,Argentina,,12814,Argentina,,Argentina
Argentina,0,3,0,2.5,France,,12814,France,,France
Argentina,0,3,0,2.5,Ireland,,12814,Ireland,,Ireland
Argentina,0,3,0,2.5,Cabo Verde,,12814,Cabo Verde,,Cabo Verde
Argentina,0,3,0,2.5,El Salvador,,12814,El Salvador,,El Salvador
Argentina,0,3,0,2.5,Switzerland,,12814,Switzerland,,Switzerland
Argentina,0,3,0,2.5,Argentina,,12814,Argentina,,Argentina
Argentina,0,3,0,2.5,Argentina,,12814,Argentina,,Argentina
Argentina,0,3,0,2.5,Japan,,12814,Japan,,Japan
Argentina,0,3,0,2.5,China,,12814,China,,China
Argentina,0,3,0,2.5,Colombia,,12814,Colombia,,Colombia
Argentina,0,3,0,2.5,Argentina,,12814,Argentina,,Argentina
Argentina,0,3,0,2.5,Argentina,,12814,Argentina,,Argentina
Argentina,0,3,0,2.5,Australia,,12814,Australia,,Australia
Argentina,0,3,0,2.5,Brazil,,12814,Brazil,,Brazil
Argentina,0,3,0,2.5,Chile,,12814,Chile,,Chile
Argentina,0,3,0,2.5,Spain,,12814,Spain,,Spain
Argentina,0,3,0,2.5,United States,,12814,United States,,United States
Argentina,0,3,0,2.5,Brazil,,12814,Brazil,,Brazil
Argentina,0,3,0,2.5,France,,12814,France,,France
Argentina,0,3,0,2.5,Argentina,,12814,Argentina,,Argentina
Argentina,0,3,0,2.5,Brazil,,12814,Brazil,,Brazil
Argentina,0,3,0,2.5,Brazil,,12814,Brazil,,Brazil
Argentina,0,3,0,2.5,Bahamas,,12814,Bahamas,,Bahamas
Argentina,0,3,0,2.5,Cabo Verde,,12814,Cabo Verde,,Cabo Verde
Argentina,0,3,0,2.5,Argentina,,12814,Argentina,,Argentina
Argentina,0,3,0,2.5,Costa Rica,,12814,Costa Rica,,Costa Rica
Argentina,0,3,0,2.5,Brazil,,12814,Brazil,,Brazil
Argentina,0,3,0,2.5,China,,12814,China,,China
Argentina,0,3,0,2.5,Argentina,,12814,Argentina,,Argentina
Argentina,0,3,0,2.5,Italy,,12814,Italy,,Italy
Argentina,0,3,0,2.5,South Africa,,12814,South Africa,,South Africa
Argentina,0,3,0,2.5,Spain,,12814,Spain,,Spain
Argentina,0,3,0,2.5,Haiti,,12814,Haiti,,Haiti
Argentina,0,3,0,2.5,United States,,12814,United States,,United States
Argentina,0,3,0,2.5,China,,12814,China,,China
Argentina,0,3,0,2.5,Germany,,12814,Germany,,Germany
Argentina,0,3,0,2.5,Israel,,12814,Israel,,Israel
Argentina,0,3,0,2.5,Germany,,12814,Germany,,Germany
Argentina,0,3,0,2.5,Brazil,,12814,Brazil,,Brazil
Argentina,0,3,0,2.5,France,,12814,France,,France
Argentina,0,3,0,2.5,France,,12814,France,,France
Argentina,0,3,0,2.5,United States,,12814,United States,,United States
Argentina,0,3,0,2.5,Greece,,12814,Greece,,Greece
Argentina,0,3,0,2.5,Finland,,12814,Finland,,Finland
Argentina,0,3,0,2.5,Netherlands,,12814,Netherlands,,Netherlands
Argentina,0,3,0,2.5,Switzerland,,12814,Switzerland,,Switzerland
Argentina,0,3,0,2.5,Brazil,,12814,Brazil,,Brazil
Argentina,0,3,0,2.5,Dominican Republic,,12814,Dominican Republic,,Dominican Republic
Argentina,0,3,0,2.5,France,,12814,France,,France
Argentina,0,3,0,2.5,Mexico,,12814,Mexico,,Mexico
Argentina,0,3,0,2.5,Brazil,,12814,Brazil,,Brazil
Argentina,0,3,0,2.5,Argentina,,12814,Argentina,,Argentina
Argentina,0,3,0,2.5,Brazil,,12814,Brazil,,Brazil
Argentina,0,3,0,2.5,Norway,,12814,Norway,,Norway
Argentina,0,3,0,2.5,Afghanistan,,12814,Afghanistan,,Afghanistan
Argentina,0,3,0,2.5,Argentina,,12814,Argentina,,Argentina
Argentina,0,3,0,2.5,Bolivia,,12814,Bolivia,,Bolivia
Argentina,0,3,0,2.5,Somalia,,12814,Somalia,,Somalia
Argentina,0,3,0,2.5,Argentina,,12814,Argentina,,Argentina
Argentina,0,3,0,2.5,Bolivia,,12814,Bolivia,,Bolivia
Argentina,0,3,0,2.5,Brazil,,12814,Brazil,,Brazil
Argentina,0,3,0,2.5,Mexico,,12814,Mexico,,Mexico
Argentina,0,3,0,2.5,Cuba,,12814,Cuba,,Cuba
Argentina,0,3,0,2.5,Bangladesh,,12814,Bangladesh,,Bangladesh
Argentina,0,3,0,2.5,Chile,,12814,Chile,,Chile
Argentina,0,3,0,2.5,Austria,,12814,Austria,,Austria
Argentina,0,3,0,2.5,Denmark,,12814,Denmark,,Denmark
Argentina,0,3,0,2.5,Norway,,12814,Norway,,Norway
Argentina,0,3,0,2.5,Austria,,12814,Austria,,Austria
Argentina,0,3,0,2.5,Chile,,12814,Chile,,Chile
Argentina,0,3,0,2.5,United Kingdom,,12814,United Kingdom,,United Kingdom
Argentina,0,3,0,2.5,Switzerland,,12814,Switzerland,,Switzerland
Argentina,0,3,0,2.5,Argentina,,12814,Argentina,,Argentina
Argentina,0,3,0,2.5,Argentina,,12814,Argentina,,Argentina
Argentina,0,3,0,2.5,Argentina,,12814,Argentina,,Argentina
Argentina,0,3,0,2.5,Egypt,,12814,Egypt,,Egypt
Argentina,0,3,0,2.5,Italy,,12814,Italy,,Italy
